player_name,team,season,points,rebounds,assists,turnovers,minutes,fg_pct,plus_minus,playoffs_flag
Precious Achiuwa,NYK,2025,6.6,5.6,1.0,0.8,20.5,0.502,0.0,False
Steven Adams,HOU,2025,3.9,5.6,1.1,0.9,13.7,0.545,0.0,False
Bam Adebayo,MIA,2025,18.1,9.6,4.3,2.1,34.3,0.485,0.0,False
Ochai Agbaji,TOR,2025,10.4,3.8,1.5,0.8,27.2,0.498,0.0,False
Santi Aldama,MEM,2025,12.5,6.4,2.9,1.1,25.5,0.483,0.0,False
Nickeil Alexander-Walker,MIN,2025,9.4,3.2,2.7,1.2,25.3,0.438,0.0,False
Trey Alexander,DEN,2025,1.3,0.5,0.5,0.2,4.9,0.317,0.0,False
Grayson Allen,PHO,2025,10.6,3.0,2.1,1.2,24.1,0.448,0.0,False
Jarrett Allen,CLE,2025,13.5,9.7,1.9,1.2,28.0,0.706,0.0,False
Jose Alvarado,NOP,2025,10.3,2.4,4.6,1.5,24.4,0.392,0.0,False
Kyle Anderson,2TM,2025,5.9,3.4,2.4,0.6,16.4,0.469,0.0,False
Kyle Anderson,GSW,2025,5.3,3.1,2.3,0.6,15.0,0.45,0.0,False
Kyle Anderson,MIA,2025,6.7,3.8,2.6,0.7,18.4,0.493,0.0,False
Giannis Antetokounmpo,MIL,2025,30.4,11.9,6.5,3.1,34.2,0.601,0.0,False
Cole Anthony,ORL,2025,9.4,3.0,2.9,1.5,18.4,0.424,0.0,False
OG Anunoby,NYK,2025,18.0,4.8,2.2,1.4,36.6,0.476,0.0,False
Armel Traoré,LAL,2025,1.6,1.7,0.1,0.3,7.4,0.316,0.0,False
Deni Avdija,POR,2025,16.9,7.3,3.9,2.7,30.0,0.476,0.0,False
Deandre Ayton,POR,2025,14.4,10.2,1.6,1.7,30.2,0.566,0.0,False
Marvin Bagley III,2TM,2025,4.4,2.7,0.4,0.4,8.5,0.519,0.0,False
Marvin Bagley III,WAS,2025,4.9,2.9,0.4,0.6,8.7,0.535,0.0,False
Marvin Bagley III,MEM,2025,3.6,2.3,0.3,0.1,8.3,0.486,0.0,False
Marcus Bagley,PHI,2025,6.7,7.0,1.0,0.7,25.3,0.391,0.0,False
Patrick Baldwin Jr.,2TM,2025,2.2,1.0,0.1,0.2,4.5,0.543,0.0,False
Patrick Baldwin Jr.,WAS,2025,2.1,1.0,0.1,0.2,4.6,0.515,0.0,False
Patrick Baldwin Jr.,LAC,2025,3.0,1.5,0.5,0.0,3.0,1.0,0.0,False
LaMelo Ball,CHO,2025,25.2,4.9,7.4,3.6,32.0,0.405,0.0,False
Lonzo Ball,CHI,2025,7.6,3.4,3.3,1.2,22.2,0.366,0.0,False
Mo Bamba,2TM,2025,4.3,4.5,0.6,0.6,12.9,0.464,0.0,False
Mo Bamba,LAC,2025,4.6,4.3,0.6,0.7,12.6,0.466,0.0,False
Mo Bamba,NOP,2025,2.5,6.3,0.5,0.3,15.3,0.444,0.0,False
Paolo Banchero,ORL,2025,25.9,7.5,4.8,3.0,34.4,0.452,0.0,False
Desmond Bane,MEM,2025,19.2,6.1,5.3,2.4,32.0,0.484,0.0,False
Dalano Banton,POR,2025,8.3,2.0,2.4,1.3,16.7,0.391,0.0,False
Dominick Barlow,ATL,2025,4.2,2.4,0.5,0.1,10.7,0.531,0.0,False
Harrison Barnes,SAS,2025,12.3,3.8,1.7,0.6,27.2,0.508,0.0,False
Scottie Barnes,TOR,2025,19.3,7.7,5.8,2.8,32.8,0.446,0.0,False
RJ Barrett,TOR,2025,21.1,6.3,5.4,2.8,32.2,0.468,0.0,False
Charles Bassey,SAS,2025,4.4,4.2,0.5,0.6,10.4,0.581,0.0,False
Emoni Bates,CLE,2025,3.7,0.7,0.8,0.2,7.5,0.342,0.0,False
Jamison Battle,TOR,2025,7.1,2.7,0.9,0.5,17.7,0.429,0.0,False
Nicolas Batum,LAC,2025,4.0,2.8,1.1,0.4,17.5,0.437,0.0,False
Damion Baugh,CHO,2025,7.3,3.3,3.7,2.1,24.7,0.323,0.0,False
Bradley Beal,PHO,2025,17.0,3.3,3.7,1.9,32.1,0.497,0.0,False
Malik Beasley,DET,2025,16.3,2.6,1.7,1.0,27.8,0.43,0.0,False
MarJon Beauchamp,3TM,2025,2.3,1.3,0.3,0.4,4.5,0.415,0.0,False
MarJon Beauchamp,MIL,2025,2.0,1.2,0.3,0.5,4.7,0.383,0.0,False
MarJon Beauchamp,LAC,2025,4.0,1.0,0.7,0.3,5.7,0.571,0.0,False
MarJon Beauchamp,NYK,2025,2.5,1.5,0.2,0.2,2.8,0.455,0.0,False
Reece Beekman,2TM,2025,2.6,1.1,1.8,0.6,13.0,0.327,0.0,False
Reece Beekman,GSW,2025,1.0,0.5,0.5,0.0,2.0,1.0,0.0,False
Reece Beekman,BRK,2025,2.7,1.1,1.8,0.6,13.7,0.321,0.0,False
Goga Bitadze,ORL,2025,7.2,6.6,2.0,1.0,20.4,0.611,0.0,False
Bismack Biyombo,SAS,2025,5.1,5.6,1.1,1.0,18.9,0.588,0.0,False
Anthony Black,ORL,2025,9.4,2.9,3.1,1.8,24.2,0.423,0.0,False
Bogdan Bogdanović,2TM,2025,10.8,2.9,2.7,1.4,25.0,0.427,0.0,False
Bogdan Bogdanović,ATL,2025,10.0,2.8,2.0,1.5,24.9,0.371,0.0,False
Bogdan Bogdanović,LAC,2025,11.4,3.1,3.2,1.2,25.0,0.474,0.0,False
Bol Bol,PHO,2025,6.8,2.9,0.6,0.6,12.4,0.525,0.0,False
Adem Bona,PHI,2025,5.8,4.2,0.5,1.1,15.6,0.703,0.0,False
Devin Booker,PHO,2025,25.6,4.1,7.1,2.9,37.3,0.461,0.0,False
Brandon Boston Jr.,NOP,2025,10.7,3.2,2.2,1.2,23.6,0.436,0.0,False
Chris Boucher,TOR,2025,10.0,4.5,0.7,0.6,17.2,0.492,0.0,False
Jamaree Bouyea,MIL,2025,3.4,1.0,2.0,1.6,12.4,0.5,0.0,False
Tony Bradley,IND,2025,4.4,3.0,0.4,0.4,8.1,0.644,0.0,False
Malaki Branham,SAS,2025,5.0,1.1,0.8,0.7,9.1,0.458,0.0,False
Christian Braun,DEN,2025,15.4,5.2,2.6,1.0,33.9,0.58,0.0,False
Jalen Bridges,PHO,2025,1.1,0.5,0.0,0.5,3.8,0.286,0.0,False
Mikal Bridges,NYK,2025,17.6,3.2,3.7,1.6,37.0,0.5,0.0,False
Miles Bridges,CHO,2025,20.3,7.5,3.9,2.1,31.7,0.431,0.0,False
Oshae Brissett,PHI,2025,8.7,3.7,0.7,1.3,23.7,0.487,0.0,False
Malcolm Brogdon,WAS,2025,12.7,3.8,4.1,1.6,23.5,0.433,0.0,False
Dillon Brooks,HOU,2025,14.0,3.7,1.7,1.0,31.8,0.429,0.0,False
Keion Brooks Jr.,NOP,2025,10.1,4.1,0.9,0.9,23.7,0.486,0.0,False
Bruce Brown,2TM,2025,8.3,4.0,2.0,1.0,22.5,0.421,0.0,False
Bruce Brown,TOR,2025,8.4,3.8,1.6,1.1,19.6,0.435,0.0,False
Bruce Brown,NOP,2025,8.2,4.2,2.4,0.9,24.7,0.41,0.0,False
Jaylen Brown,BOS,2025,22.2,5.8,4.5,2.6,34.3,0.463,0.0,False
Kobe Brown,LAC,2025,1.9,1.6,0.6,0.3,6.8,0.458,0.0,False
Moses Brown,2TM,2025,5.8,3.4,0.2,0.8,9.2,0.694,0.0,False
Moses Brown,IND,2025,3.2,1.4,0.0,0.7,5.1,0.65,0.0,False
Moses Brown,DAL,2025,11.8,7.8,0.5,1.3,18.3,0.724,0.0,False
Jalen Brunson,NYK,2025,26.0,2.9,7.3,2.5,35.4,0.488,0.0,False
Thomas Bryant,2TM,2025,6.5,3.8,0.8,0.5,14.6,0.508,0.0,False
Thomas Bryant,MIA,2025,4.1,3.2,0.4,0.2,11.5,0.429,0.0,False
Thomas Bryant,IND,2025,6.9,3.9,0.9,0.5,15.1,0.515,0.0,False
Kobe Bufkin,ATL,2025,5.3,2.1,1.7,0.8,12.4,0.383,0.0,False
Alec Burks,MIA,2025,7.3,2.5,1.1,0.6,17.6,0.424,0.0,False
Jared Butler,2TM,2025,9.0,1.8,3.7,1.3,17.4,0.448,0.0,False
Jared Butler,WAS,2025,6.9,1.3,2.6,0.9,11.3,0.483,0.0,False
Jared Butler,PHI,2025,11.5,2.5,4.9,1.8,24.4,0.426,0.0,False
Jimmy Butler,2TM,2025,17.5,5.4,5.4,1.3,31.7,0.504,0.0,False
Jimmy Butler,MIA,2025,17.0,5.2,4.8,1.2,30.6,0.54,0.0,False
Jimmy Butler,GSW,2025,17.9,5.5,5.9,1.5,32.7,0.476,0.0,False
Matas Buzelis,CHI,2025,8.6,3.5,1.0,0.9,18.9,0.454,0.0,False
Jamal Cain,NOP,2025,5.3,2.3,0.6,0.6,13.6,0.43,0.0,False
Kentavious Caldwell-Pope,ORL,2025,8.7,2.2,1.8,0.8,29.6,0.439,0.0,False
Toumani Camara,POR,2025,11.3,5.8,2.2,1.4,32.7,0.458,0.0,False
Vlatko Čančar,DEN,2025,1.8,2.5,0.7,0.8,10.5,0.385,0.0,False
Clint Capela,ATL,2025,8.9,8.5,1.1,0.9,21.4,0.559,0.0,False
Branden Carlson,OKC,2025,3.8,1.7,0.4,0.2,7.7,0.443,0.0,False
Bub Carrington,WAS,2025,9.8,4.2,4.4,1.7,30.0,0.401,0.0,False
Devin Carter,SAC,2025,3.8,2.1,1.1,0.5,11.0,0.37,0.0,False
Jevon Carter,CHI,2025,4.3,1.1,1.1,0.3,8.9,0.377,0.0,False
Wendell Carter Jr.,ORL,2025,9.1,7.2,2.0,1.1,25.9,0.46,0.0,False
D.J. Carton,TOR,2025,0.8,1.0,0.8,1.0,8.3,0.143,0.0,False
Alex Caruso,OKC,2025,7.1,2.9,2.5,0.7,19.3,0.446,0.0,False
Colin Castleton,3TM,2025,4.7,4.7,1.1,0.9,16.6,0.469,0.0,False
Colin Castleton,MEM,2025,1.4,0.9,0.0,0.1,4.6,0.2,0.0,False
Colin Castleton,TOR,2025,7.2,6.9,1.6,1.9,26.2,0.5,0.0,False
Colin Castleton,PHI,2025,6.0,7.4,2.0,0.2,19.6,0.5,0.0,False
Stephon Castle,SAS,2025,14.7,3.7,4.1,2.2,26.7,0.428,0.0,False
Justin Champagnie,WAS,2025,8.8,5.7,1.0,0.9,21.6,0.511,0.0,False
Julian Champagnie,SAS,2025,9.9,3.9,1.4,0.9,23.6,0.415,0.0,False
Ulrich Chomche,TOR,2025,0.7,1.1,0.3,0.3,4.6,0.4,0.0,False
Cam Christie,LAC,2025,1.4,0.9,0.5,0.2,4.5,0.292,0.0,False
Josh Christopher,MIA,2025,2.0,0.6,0.6,0.4,4.9,0.355,0.0,False
Max Christie,2TM,2025,9.6,3.3,1.9,1.1,27.3,0.427,0.0,False
Max Christie,LAL,2025,8.5,2.7,1.4,0.8,25.1,0.444,0.0,False
Max Christie,DAL,2025,11.2,4.2,2.5,1.5,30.4,0.411,0.0,False
Sidy Cissoko,2TM,2025,1.5,1.0,0.7,0.5,5.2,0.433,0.0,False
Sidy Cissoko,SAS,2025,1.3,0.6,0.4,0.1,3.2,0.5,0.0,False
Sidy Cissoko,POR,2025,2.0,2.2,1.8,1.8,12.0,0.333,0.0,False
Brandon Clarke,MEM,2025,8.3,5.1,1.0,0.6,18.9,0.621,0.0,False
Jaylen Clark,MIN,2025,4.1,1.3,0.7,0.2,13.1,0.467,0.0,False
Jordan Clarkson,UTA,2025,16.2,3.2,3.7,2.3,26.0,0.408,0.0,False
Nic Claxton,BRK,2025,10.3,7.4,2.2,1.2,26.9,0.563,0.0,False
Donovan Clingan,POR,2025,6.5,7.9,1.1,1.1,19.8,0.539,0.0,False
Noah Clowney,BRK,2025,9.1,3.9,0.9,1.0,22.7,0.358,0.0,False
Amir Coffey,LAC,2025,9.7,2.2,1.1,0.6,24.3,0.471,0.0,False
Isaiah Collier,UTA,2025,8.7,3.3,6.3,2.9,25.9,0.422,0.0,False
John Collins,UTA,2025,19.0,8.2,2.0,2.6,30.5,0.527,0.0,False
Yuri Collins,GSW,2025,1.0,1.5,2.0,0.0,8.0,0.333,0.0,False
Zach Collins,2TM,2025,6.4,4.5,1.7,0.9,15.3,0.507,0.0,False
Zach Collins,SAS,2025,4.6,2.8,1.4,0.6,11.8,0.462,0.0,False
Zach Collins,CHI,2025,8.6,6.7,2.1,1.3,19.7,0.541,0.0,False
Mike Conley,MIN,2025,8.2,2.6,4.5,1.1,24.7,0.4,0.0,False
Pat Connaughton,MIL,2025,5.3,2.7,1.7,0.6,14.7,0.469,0.0,False
Bilal Coulibaly,WAS,2025,12.3,5.0,3.4,2.1,33.0,0.421,0.0,False
Ricky Council IV,PHI,2025,7.3,2.9,1.3,0.7,17.1,0.382,0.0,False
Torrey Craig,2TM,2025,4.2,2.8,0.7,0.3,12.1,0.422,0.0,False
Torrey Craig,CHI,2025,6.9,2.8,0.6,0.0,12.6,0.489,0.0,False
Torrey Craig,BOS,2025,2.7,2.8,0.7,0.5,11.8,0.356,0.0,False
Isaiah Crawford,SAC,2025,0.9,0.5,0.1,0.1,3.1,0.455,0.0,False
Jae Crowder,SAC,2025,2.6,2.2,0.7,0.4,11.4,0.318,0.0,False
Cui Yongxi,BRK,2025,0.6,0.4,0.0,0.0,2.0,0.143,0.0,False
Cade Cunningham,DET,2025,26.1,6.1,9.1,4.4,35.0,0.469,0.0,False
Seth Curry,CHO,2025,6.5,1.7,0.9,0.5,15.6,0.478,0.0,False
Stephen Curry,GSW,2025,24.5,4.4,6.0,2.9,32.2,0.448,0.0,False
Pacome Dadiet,NYK,2025,1.7,1.0,0.3,0.2,6.2,0.323,0.0,False
Dyson Daniels,ATL,2025,14.1,5.9,4.4,2.0,33.8,0.493,0.0,False
Tristan Da Silva,ORL,2025,7.2,3.3,1.5,0.8,22.0,0.412,0.0,False
Anthony Davis,2TM,2025,24.7,11.6,3.5,2.2,33.5,0.516,0.0,False
Anthony Davis,LAL,2025,25.7,11.9,3.4,2.2,34.3,0.528,0.0,False
Anthony Davis,DAL,2025,20.0,10.1,4.4,2.2,29.6,0.461,0.0,False
JD Davison,BOS,2025,2.1,0.8,0.8,0.8,5.8,0.353,0.0,False
Johnny Davis,WAS,2025,2.4,1.1,0.3,0.2,7.1,0.41,0.0,False
Terence Davis,SAC,2025,0.0,1.0,1.0,0.0,8.0,0.0,0.0,False
RayJ Dennis,IND,2025,2.7,1.1,1.3,0.5,6.4,0.333,0.0,False
DeMar DeRozan,SAC,2025,22.2,3.9,4.4,1.4,35.9,0.477,0.0,False
Moussa Diabaté,CHO,2025,5.7,6.2,0.8,0.9,17.5,0.596,0.0,False
Gradey Dick,TOR,2025,14.4,3.6,1.8,1.5,29.4,0.41,0.0,False
Ousmane Dieng,OKC,2025,3.8,2.2,0.8,0.5,10.9,0.432,0.0,False
Rob Dillingham,MIN,2025,4.5,1.0,2.0,1.1,10.5,0.441,0.0,False
Spencer Dinwiddie,DAL,2025,11.0,2.6,4.4,1.3,27.0,0.416,0.0,False
Donte DiVincenzo,MIN,2025,11.7,3.7,3.6,1.6,25.9,0.422,0.0,False
Luka Dončić,2TM,2025,28.2,8.2,7.7,3.6,35.4,0.45,0.0,False
Luka Dončić,DAL,2025,28.1,8.3,7.8,3.4,35.7,0.464,0.0,False
Luka Dončić,LAL,2025,28.2,8.1,7.5,3.7,35.1,0.438,0.0,False
Luguentz Dort,OKC,2025,10.1,4.1,1.6,0.7,29.2,0.435,0.0,False
Ayo Dosunmu,CHI,2025,12.3,3.5,4.5,1.5,30.3,0.492,0.0,False
Jeff Dowtin,PHI,2025,7.0,1.5,1.9,0.4,15.1,0.487,0.0,False
PJ Dozier,MIN,2025,0.8,0.6,0.6,0.1,3.9,0.667,0.0,False
Andre Drummond,PHI,2025,7.3,7.8,0.9,1.4,18.8,0.5,0.0,False
Chris Duarte,CHI,2025,2.1,1.2,0.5,0.1,4.4,0.462,0.0,False
Alex Ducas,OKC,2025,1.7,1.2,0.2,0.2,6.0,0.4,0.0,False
David Duke Jr.,SAS,2025,2.7,0.8,0.7,0.3,5.7,0.429,0.0,False
Kris Dunn,LAC,2025,6.4,3.4,2.8,1.0,24.1,0.439,0.0,False
Ryan Dunn,PHO,2025,6.9,3.6,0.8,0.5,19.1,0.43,0.0,False
Kevin Durant,PHO,2025,26.6,6.0,4.2,3.1,36.5,0.527,0.0,False
Jalen Duren,DET,2025,11.8,10.3,2.7,1.7,26.1,0.692,0.0,False
Tari Eason,HOU,2025,12.0,6.4,1.5,1.1,24.9,0.487,0.0,False
Zach Edey,MEM,2025,9.2,8.3,1.0,1.3,21.5,0.58,0.0,False
Anthony Edwards,MIN,2025,27.6,5.7,4.5,3.2,36.3,0.447,0.0,False
Jesse Edwards,MIN,2025,0.0,0.0,0.5,0.0,2.5,,0.0,False
Justin Edwards,PHI,2025,10.1,3.4,1.6,1.1,26.3,0.455,0.0,False
Kessler Edwards,DAL,2025,4.2,2.9,1.1,0.4,15.2,0.496,0.0,False
Keon Ellis,SAC,2025,8.3,2.7,1.5,0.9,24.4,0.489,0.0,False
Joel Embiid,PHI,2025,23.8,8.2,4.5,3.3,30.2,0.444,0.0,False
Tyson Etienne,BRK,2025,7.9,1.3,1.7,1.1,21.6,0.327,0.0,False
Drew Eubanks,2TM,2025,4.6,3.7,0.9,0.7,12.2,0.593,0.0,False
Drew Eubanks,UTA,2025,5.8,4.5,1.2,0.8,15.4,0.607,0.0,False
Drew Eubanks,LAC,2025,2.7,2.4,0.4,0.4,7.4,0.551,0.0,False
Tosan Evbuomwan,BRK,2025,9.5,4.3,2.0,1.4,23.8,0.427,0.0,False
Dante Exum,DAL,2025,8.7,1.7,2.8,1.1,18.6,0.478,0.0,False
Bruno Fernando,TOR,2025,3.4,3.0,1.1,0.8,8.6,0.531,0.0,False
Kyle Filipowski,UTA,2025,9.6,6.1,1.9,1.4,21.1,0.502,0.0,False
Dorian Finney-Smith,2TM,2025,8.7,3.9,1.4,0.9,28.9,0.448,0.0,False
Dorian Finney-Smith,BRK,2025,10.4,4.6,1.6,0.9,29.0,0.459,0.0,False
Dorian Finney-Smith,LAL,2025,7.9,3.6,1.4,0.9,28.8,0.442,0.0,False
Adam Flagler,OKC,2025,1.8,0.7,0.3,0.1,5.5,0.26,0.0,False
Trentyn Flowers,LAC,2025,1.8,0.7,0.0,0.2,4.5,0.364,0.0,False
Malachi Flynn,CHO,2025,4.0,1.8,1.8,1.0,11.0,0.385,0.0,False
Simone Fontecchio,DET,2025,5.9,2.9,0.9,0.7,16.5,0.402,0.0,False
De'Aaron Fox,2TM,2025,23.5,4.8,6.3,2.8,36.1,0.463,0.0,False
De'Aaron Fox,SAC,2025,25.0,5.0,6.1,3.0,37.0,0.469,0.0,False
De'Aaron Fox,SAS,2025,19.7,4.3,6.8,2.4,34.0,0.446,0.0,False
Enrique Freeman,IND,2025,2.1,1.4,0.4,0.3,8.2,0.432,0.0,False
Markelle Fultz,SAC,2025,2.9,1.0,1.3,0.7,8.8,0.418,0.0,False
Johnny Furphy,IND,2025,2.1,1.4,0.4,0.2,7.6,0.38,0.0,False
Daniel Gafford,DAL,2025,12.3,6.8,1.4,1.2,21.5,0.702,0.0,False
Darius Garland,CLE,2025,20.6,2.9,6.7,2.5,30.7,0.472,0.0,False
Marcus Garrett,CHO,2025,7.0,1.5,3.3,1.5,19.8,0.407,0.0,False
Luka Garza,MIN,2025,3.5,1.4,0.3,0.3,5.6,0.495,0.0,False
Keyonte George,UTA,2025,16.8,3.8,5.6,2.7,31.5,0.391,0.0,False
Kyshawn George,WAS,2025,8.7,4.2,2.5,1.4,26.5,0.372,0.0,False
Paul George,PHI,2025,16.2,5.3,4.3,2.6,32.5,0.43,0.0,False
Taj Gibson,CHO,2025,2.9,3.2,0.6,0.7,11.1,0.495,0.0,False
Josh Giddey,CHI,2025,14.6,8.1,7.2,2.9,30.2,0.465,0.0,False
Shai Gilgeous-Alexander,OKC,2025,32.7,5.0,6.4,2.4,34.2,0.519,0.0,False
Anthony Gill,WAS,2025,2.5,1.3,0.3,0.2,7.8,0.489,0.0,False
Collin Gillespie,PHO,2025,5.9,2.4,2.4,0.5,14.0,0.43,0.0,False
Rudy Gobert,MIN,2025,12.0,10.9,1.8,1.2,33.2,0.669,0.0,False
Jordan Goodwin,LAL,2025,5.6,3.9,1.4,0.9,18.7,0.438,0.0,False
Aaron Gordon,DEN,2025,14.7,4.8,3.2,1.4,28.4,0.531,0.0,False
Eric Gordon,PHI,2025,6.8,1.2,1.7,0.7,19.7,0.426,0.0,False
Jazian Gortman,DAL,2025,1.5,0.3,0.4,0.3,3.6,0.391,0.0,False
Jerami Grant,POR,2025,14.4,3.5,2.1,1.4,32.4,0.373,0.0,False
A.J. Green,MIL,2025,7.4,2.4,1.5,0.5,22.7,0.429,0.0,False
Draymond Green,GSW,2025,9.0,6.1,5.6,2.6,29.2,0.424,0.0,False
Javonte Green,2TM,2025,5.1,3.2,0.8,0.5,18.5,0.429,0.0,False
Javonte Green,NOP,2025,5.8,3.6,0.9,0.6,21.8,0.446,0.0,False
Javonte Green,CLE,2025,3.3,2.2,0.6,0.2,9.2,0.365,0.0,False
Jalen Green,HOU,2025,21.0,4.6,3.4,2.5,32.9,0.423,0.0,False
Jeff Green,HOU,2025,5.4,1.8,0.6,0.3,12.4,0.504,0.0,False
Josh Green,CHO,2025,7.4,2.5,1.6,1.0,27.8,0.428,0.0,False
Quentin Grimes,2TM,2025,14.6,4.3,3.0,1.9,26.8,0.467,0.0,False
Quentin Grimes,DAL,2025,10.2,3.8,2.1,1.3,22.8,0.463,0.0,False
Quentin Grimes,PHI,2025,21.9,5.2,4.5,2.9,33.7,0.469,0.0,False
Mouhamed Gueye,ATL,2025,6.0,4.2,0.8,0.5,16.2,0.421,0.0,False
Rui Hachimura,LAL,2025,13.1,5.0,1.4,0.8,31.7,0.509,0.0,False
Tyrese Haliburton,IND,2025,18.6,3.5,9.2,1.6,33.6,0.473,0.0,False
PJ Hall,DEN,2025,1.7,1.2,0.2,0.1,3.5,0.583,0.0,False
Tim Hardaway Jr.,DET,2025,11.0,2.4,1.6,0.6,28.0,0.406,0.0,False
James Harden,LAC,2025,22.8,5.8,8.7,4.3,35.3,0.41,0.0,False
Jaden Hardy,DAL,2025,8.7,1.6,1.4,1.4,15.9,0.435,0.0,False
Elijah Harkless,UTA,2025,3.2,2.1,0.8,0.3,13.8,0.314,0.0,False
Ron Harper Jr.,DET,2025,4.0,7.0,2.0,0.0,17.0,0.125,0.0,False
Gary Harris,ORL,2025,3.0,1.3,0.6,0.4,14.8,0.383,0.0,False
Tobias Harris,DET,2025,13.7,5.9,2.2,1.2,31.6,0.477,0.0,False
Isaiah Hartenstein,OKC,2025,11.2,10.7,3.8,1.7,27.9,0.581,0.0,False
Josh Hart,NYK,2025,13.6,9.6,5.9,2.1,37.6,0.525,0.0,False
Sam Hauser,BOS,2025,8.5,3.2,0.9,0.3,21.7,0.451,0.0,False
Jordan Hawkins,NOP,2025,10.8,2.8,1.2,1.0,23.6,0.372,0.0,False
Jaxson Hayes,LAL,2025,6.8,4.8,1.0,0.8,19.5,0.722,0.0,False
Killian Hayes,BRK,2025,9.0,3.0,5.2,1.5,27.0,0.419,0.0,False
Scoot Henderson,POR,2025,12.7,3.0,5.1,2.7,26.7,0.419,0.0,False
Taylor Hendricks,UTA,2025,4.7,5.0,0.7,0.7,25.0,0.222,0.0,False
Tyler Herro,MIA,2025,23.9,5.2,5.5,2.6,35.4,0.472,0.0,False
Buddy Hield,GSW,2025,11.1,3.2,1.6,1.1,22.7,0.417,0.0,False
Haywood Highsmith,MIA,2025,6.5,3.4,1.5,0.7,24.6,0.458,0.0,False
Aaron Holiday,HOU,2025,5.5,1.3,1.3,0.6,12.8,0.437,0.0,False
Jrue Holiday,BOS,2025,11.1,4.3,3.9,1.2,30.6,0.443,0.0,False
Ron Holland,DET,2025,6.4,2.7,1.0,0.9,15.6,0.474,0.0,False
Richaun Holmes,WAS,2025,7.4,5.7,1.4,0.7,17.2,0.647,0.0,False
Chet Holmgren,OKC,2025,15.0,8.0,2.0,1.8,27.4,0.49,0.0,False
Jalen Hood-Schifino,2TM,2025,7.1,1.8,2.5,1.2,21.0,0.378,0.0,False
Jalen Hood-Schifino,LAL,2025,2.0,0.5,0.5,0.5,7.0,1.0,0.0,False
Jalen Hood-Schifino,PHI,2025,7.8,2.0,2.8,1.3,23.2,0.371,0.0,False
Al Horford,BOS,2025,9.0,6.2,2.1,0.8,27.7,0.423,0.0,False
Talen Horton-Tucker,CHI,2025,6.5,1.7,1.4,0.7,12.5,0.457,0.0,False
Caleb Houstan,ORL,2025,4.1,1.3,0.6,0.2,13.6,0.421,0.0,False
Jett Howard,ORL,2025,4.5,1.2,0.7,0.6,11.7,0.374,0.0,False
Kevin Huerter,2TM,2025,9.9,3.0,2.3,1.0,24.3,0.425,0.0,False
Kevin Huerter,SAC,2025,7.9,2.8,1.7,0.9,20.9,0.413,0.0,False
Kevin Huerter,CHI,2025,13.2,3.3,3.2,1.2,30.0,0.439,0.0,False
Jay Huff,MEM,2025,6.9,2.0,0.6,0.5,11.7,0.515,0.0,False
Ariel Hukporti,NYK,2025,1.9,2.0,0.4,0.8,8.7,0.677,0.0,False
De'Andre Hunter,2TM,2025,17.0,4.0,1.4,1.3,27.2,0.47,0.0,False
De'Andre Hunter,ATL,2025,19.0,3.9,1.5,1.6,28.8,0.461,0.0,False
De'Andre Hunter,CLE,2025,14.3,4.2,1.3,0.9,25.0,0.485,0.0,False
Bones Hyland,2TM,2025,6.2,1.0,1.3,1.0,10.0,0.398,0.0,False
Bones Hyland,LAC,2025,7.2,1.2,1.4,1.2,11.1,0.391,0.0,False
Bones Hyland,MIN,2025,1.3,0.3,1.0,0.3,4.3,0.667,0.0,False
Oso Ighodaro,PHO,2025,4.2,3.6,1.2,0.6,17.1,0.604,0.0,False
Joe Ingles,MIN,2025,0.8,0.6,1.2,0.5,6.0,0.261,0.0,False
Brandon Ingram,NOP,2025,22.2,5.6,5.2,3.8,33.1,0.465,0.0,False
Harrison Ingram,SAS,2025,0.8,1.8,0.6,0.2,7.0,0.5,0.0,False
Kyrie Irving,DAL,2025,24.7,4.8,4.6,2.2,36.1,0.473,0.0,False
Jonathan Isaac,ORL,2025,5.4,4.4,0.6,0.5,15.4,0.414,0.0,False
Jaden Ivey,DET,2025,17.6,4.1,4.0,3.0,29.9,0.46,0.0,False
Andre Jackson Jr.,MIL,2025,3.4,2.7,1.2,0.9,14.6,0.477,0.0,False
GG Jackson II,MEM,2025,7.2,3.2,1.0,1.1,15.8,0.372,0.0,False
Isaiah Jackson,IND,2025,7.0,5.6,1.0,1.0,16.8,0.609,0.0,False
Jaren Jackson Jr.,MEM,2025,22.2,5.6,2.0,2.1,29.8,0.488,0.0,False
Quenton Jackson,IND,2025,5.8,1.6,1.9,0.6,13.6,0.475,0.0,False
Reggie Jackson,PHI,2025,4.4,1.4,1.5,0.5,12.4,0.391,0.0,False
Trayce Jackson-Davis,GSW,2025,6.6,5.0,1.7,0.7,15.6,0.576,0.0,False
Bronny James,LAL,2025,2.3,0.7,0.8,0.5,6.7,0.313,0.0,False
LeBron James,LAL,2025,24.4,7.8,8.2,3.7,34.9,0.513,0.0,False
Jaime Jaquez Jr.,MIA,2025,8.6,4.4,2.5,1.5,20.7,0.461,0.0,False
DaQuan Jeffries,CHO,2025,6.7,2.9,1.1,0.7,22.8,0.405,0.0,False
Trey Jemison,2TM,2025,2.5,2.8,0.4,0.6,10.3,0.554,0.0,False
Trey Jemison,NOP,2025,2.4,2.8,0.6,0.6,10.4,0.469,0.0,False
Trey Jemison,LAL,2025,2.6,2.8,0.3,0.6,10.3,0.619,0.0,False
Daniss Jenkins,DET,2025,1.0,0.3,0.4,0.1,3.3,0.3,0.0,False
Ty Jerome,CLE,2025,12.5,2.5,3.4,1.3,19.9,0.516,0.0,False
Isaiah Joe,OKC,2025,10.2,2.6,1.6,0.5,21.7,0.44,0.0,False
AJ Johnson,2TM,2025,7.6,2.0,2.6,1.2,22.0,0.385,0.0,False
AJ Johnson,MIL,2025,2.9,1.0,1.0,0.6,6.3,0.421,0.0,False
AJ Johnson,WAS,2025,9.1,2.4,3.1,1.4,27.0,0.381,0.0,False
Cameron Johnson,BRK,2025,18.8,4.3,3.4,1.7,31.6,0.475,0.0,False
James Johnson,IND,2025,0.7,0.5,0.3,0.3,3.1,0.364,0.0,False
Jalen Johnson,ATL,2025,18.9,10.0,5.0,2.9,35.7,0.5,0.0,False
Keldon Johnson,SAS,2025,12.7,4.8,1.6,1.0,23.9,0.482,0.0,False
Keon Johnson,BRK,2025,10.6,3.8,2.2,1.5,24.4,0.389,0.0,False
Keshad Johnson,MIA,2025,2.7,1.8,0.3,0.3,6.1,0.692,0.0,False
Nikola Jokić,DEN,2025,29.6,12.7,10.2,3.3,36.7,0.576,0.0,False
Colby Jones,2TM,2025,4.0,2.2,1.1,0.6,13.2,0.457,0.0,False
Colby Jones,SAC,2025,1.1,1.0,0.3,0.3,5.4,0.423,0.0,False
Colby Jones,WAS,2025,8.7,4.3,2.5,1.1,25.7,0.466,0.0,False
Derrick Jones Jr.,LAC,2025,10.1,3.4,0.8,0.9,24.3,0.526,0.0,False
Dillon Jones,OKC,2025,2.5,2.2,1.1,0.5,10.2,0.383,0.0,False
Herbert Jones,NOP,2025,10.3,3.9,3.3,1.8,32.4,0.436,0.0,False
Isaac Jones,SAC,2025,3.4,1.4,0.3,0.4,7.6,0.651,0.0,False
Kai Jones,2TM,2025,5.0,3.1,0.6,0.5,11.7,0.798,0.0,False
Kai Jones,LAC,2025,2.2,1.6,0.4,0.4,7.4,0.722,0.0,False
Kai Jones,DAL,2025,11.4,6.6,1.3,0.7,21.7,0.836,0.0,False
Mason Jones,SAC,2025,2.3,0.9,1.1,0.1,4.5,0.5,0.0,False
Spencer Jones,DEN,2025,1.3,0.9,0.3,0.3,6.3,0.324,0.0,False
Tre Jones,2TM,2025,7.2,2.5,4.2,0.8,19.7,0.538,0.0,False
Tre Jones,SAS,2025,4.4,2.1,3.7,0.8,16.1,0.484,0.0,False
Tre Jones,CHI,2025,11.5,3.2,4.9,0.8,25.3,0.572,0.0,False
Tyus Jones,PHO,2025,10.2,2.4,5.3,1.1,26.8,0.448,0.0,False
DeAndre Jordan,DEN,2025,3.7,5.1,0.9,0.7,12.3,0.65,0.0,False
Cory Joseph,ORL,2025,3.5,1.5,1.4,0.4,12.2,0.403,0.0,False
Nikola Jović,MIA,2025,10.7,3.9,2.8,1.3,25.1,0.456,0.0,False
Johnny Juzang,UTA,2025,8.9,2.9,1.1,0.6,19.8,0.429,0.0,False
Yuki Kawamura,MEM,2025,1.6,0.5,0.9,0.2,4.2,0.367,0.0,False
Kylor Kelley,2TM,2025,3.1,3.5,0.5,0.4,11.5,0.636,0.0,False
Kylor Kelley,DAL,2025,3.0,2.6,0.3,0.1,8.4,0.769,0.0,False
Kylor Kelley,NOP,2025,3.3,6.0,1.0,1.0,19.7,0.444,0.0,False
Luke Kennard,MEM,2025,8.9,2.8,3.3,1.1,22.6,0.478,0.0,False
Walker Kessler,UTA,2025,11.1,12.2,1.7,1.5,30.0,0.663,0.0,False
Braxton Key,GSW,2025,1.0,0.7,0.0,0.3,3.7,0.0,0.0,False
Corey Kispert,WAS,2025,11.6,3.0,1.7,1.0,26.3,0.451,0.0,False
Maxi Kleber,DAL,2025,3.0,2.8,1.3,0.7,18.7,0.385,0.0,False
Bobi Klintman,DET,2025,1.9,0.9,0.9,0.1,5.3,0.6,0.0,False
Dalton Knecht,LAL,2025,9.1,2.8,0.8,0.5,19.2,0.461,0.0,False
Kevin Knox,GSW,2025,3.3,1.2,0.4,0.3,6.0,0.5,0.0,False
Tyler Kolek,NYK,2025,2.0,0.7,1.7,0.4,7.2,0.329,0.0,False
Christian Koloko,LAL,2025,2.4,2.5,0.4,0.3,9.2,0.606,0.0,False
John Konchar,MEM,2025,2.4,3.3,0.9,0.3,12.1,0.451,0.0,False
Luke Kornet,BOS,2025,6.0,5.3,1.6,0.4,18.6,0.668,0.0,False
Vit Krejci,ATL,2025,7.2,2.7,2.6,0.9,20.2,0.497,0.0,False
Jonathan Kuminga,GSW,2025,15.3,4.6,2.2,1.5,24.3,0.454,0.0,False
Kyle Kuzma,2TM,2025,14.8,5.7,2.3,2.2,29.8,0.436,0.0,False
Kyle Kuzma,WAS,2025,15.2,5.8,2.5,2.3,27.7,0.42,0.0,False
Kyle Kuzma,MIL,2025,14.5,5.6,2.2,2.2,31.8,0.455,0.0,False
Skal Labissière,SAC,2025,1.3,0.8,0.3,0.0,3.0,0.5,0.0,False
Jock Landale,HOU,2025,4.8,3.3,0.9,0.5,11.9,0.533,0.0,False
Jake LaRavia,2TM,2025,6.9,3.9,2.4,1.3,20.4,0.475,0.0,False
Jake LaRavia,MEM,2025,7.3,4.4,2.8,1.5,20.9,0.49,0.0,False
Jake LaRavia,SAC,2025,6.1,2.8,1.3,0.9,19.3,0.438,0.0,False
Pelle Larsson,MIA,2025,4.6,1.7,1.2,0.4,14.2,0.438,0.0,False
Zach LaVine,2TM,2025,23.3,4.3,4.2,2.8,35.2,0.511,0.0,False
Zach LaVine,CHI,2025,24.0,4.8,4.5,2.9,34.1,0.511,0.0,False
Zach LaVine,SAC,2025,22.4,3.5,3.8,2.7,36.6,0.511,0.0,False
A.J. Lawson,TOR,2025,9.1,3.3,1.2,0.6,18.7,0.421,0.0,False
Damion Lee,PHO,2025,3.3,0.8,0.4,0.4,5.8,0.365,0.0,False
Alex Len,2TM,2025,1.6,2.1,0.8,0.4,8.3,0.508,0.0,False
Alex Len,SAC,2025,1.4,1.8,0.8,0.3,7.2,0.537,0.0,False
Alex Len,LAL,2025,2.2,3.1,0.8,0.9,12.2,0.455,0.0,False
Kawhi Leonard,LAC,2025,21.5,5.9,3.1,1.9,31.9,0.498,0.0,False
Malevy Leons,OKC,2025,0.3,0.5,0.2,0.2,3.5,0.0,0.0,False
Caris LeVert,2TM,2025,12.1,3.2,3.4,1.2,24.9,0.467,0.0,False
Caris LeVert,CLE,2025,10.2,2.8,3.7,1.3,23.8,0.453,0.0,False
Caris LeVert,ATL,2025,14.9,3.7,2.9,1.0,26.6,0.482,0.0,False
Maxwell Lewis,2TM,2025,4.1,2.0,0.7,0.5,11.7,0.417,0.0,False
Maxwell Lewis,LAL,2025,0.6,0.3,0.3,0.3,4.1,0.333,0.0,False
Maxwell Lewis,BRK,2025,5.3,2.5,0.8,0.6,14.2,0.422,0.0,False
E.J. Liddell,CHI,2025,1.8,0.8,0.3,0.2,4.4,0.533,0.0,False
Damian Lillard,MIL,2025,24.9,4.7,7.1,2.8,36.1,0.448,0.0,False
Dereck Lively II,DAL,2025,8.7,7.5,2.4,1.1,23.1,0.702,0.0,False
Chris Livingston,MIL,2025,1.4,1.7,0.2,0.3,5.0,0.333,0.0,False
Kevon Looney,GSW,2025,4.5,6.1,1.6,0.5,15.0,0.514,0.0,False
Brook Lopez,MIL,2025,13.0,5.0,1.8,1.1,31.8,0.509,0.0,False
Kevin Love,MIA,2025,5.3,4.1,1.0,0.6,10.9,0.357,0.0,False
Kyle Lowry,PHI,2025,3.9,1.9,2.7,0.6,18.8,0.35,0.0,False
Trey Lyles,SAC,2025,6.5,4.6,1.2,0.6,19.6,0.42,0.0,False
Sandro Mamukelashvili,SAS,2025,6.3,3.1,0.8,0.4,11.2,0.502,0.0,False
Terance Mann,2TM,2025,7.7,3.0,1.8,0.7,21.1,0.496,0.0,False
Terance Mann,LAC,2025,6.0,2.9,1.6,0.7,19.8,0.446,0.0,False
Terance Mann,ATL,2025,9.8,3.1,2.1,0.7,22.7,0.541,0.0,False
Tre Mann,CHO,2025,14.1,2.9,3.0,1.9,24.5,0.435,0.0,False
Lauri Markkanen,UTA,2025,19.0,5.9,1.5,1.4,31.4,0.423,0.0,False
Naji Marshall,DAL,2025,13.2,4.8,3.0,1.6,27.8,0.508,0.0,False
Caleb Martin,2TM,2025,7.9,3.9,2.1,1.2,27.1,0.424,0.0,False
Caleb Martin,PHI,2025,9.1,4.4,2.2,1.4,30.4,0.435,0.0,False
Caleb Martin,DAL,2025,5.4,2.9,1.9,0.9,19.6,0.389,0.0,False
Cody Martin,2TM,2025,6.8,4.2,2.0,1.0,22.1,0.418,0.0,False
Cody Martin,CHO,2025,7.8,4.5,2.3,1.1,24.8,0.433,0.0,False
Cody Martin,PHO,2025,3.7,3.4,1.1,0.6,14.7,0.351,0.0,False
Jaylen Martin,2TM,2025,4.9,2.8,1.1,0.8,14.9,0.419,0.0,False
Jaylen Martin,BRK,2025,1.0,0.0,0.0,0.0,1.7,0.5,0.0,False
Jaylen Martin,WAS,2025,5.8,3.4,1.3,0.9,18.0,0.417,0.0,False
KJ Martin,2TM,2025,6.4,2.9,1.1,0.6,21.2,0.552,0.0,False
KJ Martin,PHI,2025,6.4,3.0,0.8,0.5,20.0,0.616,0.0,False
KJ Martin,UTA,2025,6.3,2.8,1.5,0.6,22.7,0.49,0.0,False
Tyrese Martin,BRK,2025,8.7,3.7,2.0,1.2,21.9,0.406,0.0,False
Garrison Mathews,ATL,2025,7.5,1.9,1.3,0.7,17.7,0.397,0.0,False
Bennedict Mathurin,IND,2025,16.1,5.3,1.9,1.9,29.8,0.458,0.0,False
Karlo Matković,NOP,2025,7.7,5.0,1.1,1.0,18.8,0.574,0.0,False
Tyrese Maxey,PHI,2025,26.3,3.3,6.1,2.4,37.7,0.437,0.0,False
Miles McBride,NYK,2025,9.5,2.5,2.9,0.6,24.9,0.406,0.0,False
Jared McCain,PHI,2025,15.3,2.4,2.6,1.6,25.7,0.46,0.0,False
Mac McClung,ORL,2025,0.0,0.5,1.5,0.0,5.0,0.0,0.0,False
CJ McCollum,NOP,2025,21.1,3.8,4.1,1.9,32.7,0.444,0.0,False
T.J. McConnell,IND,2025,9.1,2.4,4.4,1.4,17.9,0.519,0.0,False
Kevin McCullar Jr.,NYK,2025,1.5,2.0,0.5,0.0,7.3,0.286,0.0,False
Jalen McDaniels,WAS,2025,0.0,0.0,0.3,0.0,1.8,,0.0,False
Jaden McDaniels,MIN,2025,12.2,5.7,2.0,1.2,31.9,0.477,0.0,False
Doug McDermott,SAC,2025,3.5,0.5,0.2,0.1,8.1,0.427,0.0,False
Bryce McGowens,POR,2025,1.0,0.2,0.2,0.3,2.5,0.286,0.0,False
Jordan McLaughlin,2TM,2025,2.1,0.7,1.1,0.3,6.8,0.431,0.0,False
Jordan McLaughlin,SAC,2025,1.9,0.8,0.9,0.4,6.8,0.364,0.0,False
Jordan McLaughlin,SAS,2025,2.5,0.5,1.5,0.3,6.9,0.536,0.0,False
Jack McVeigh,HOU,2025,1.6,0.6,0.1,0.2,4.8,0.294,0.0,False
De'Anthony Melton,GSW,2025,10.3,3.3,2.8,1.7,20.2,0.407,0.0,False
Sam Merrill,CLE,2025,7.2,2.2,1.5,0.5,19.7,0.406,0.0,False
Vasilije Micić,2TM,2025,6.6,2.2,3.1,1.9,19.1,0.348,0.0,False
Vasilije Micić,CHO,2025,7.5,2.4,3.5,2.1,21.2,0.348,0.0,False
Vasilije Micić,PHO,2025,0.0,0.4,0.2,0.6,4.2,,0.0,False
Khris Middleton,2TM,2025,11.9,3.7,4.1,1.5,22.8,0.475,0.0,False
Khris Middleton,MIL,2025,12.6,3.7,4.4,1.6,23.2,0.512,0.0,False
Khris Middleton,WAS,2025,10.7,3.7,3.4,1.4,22.1,0.413,0.0,False
Brandon Miller,CHO,2025,21.0,4.9,3.6,2.8,34.2,0.403,0.0,False
Emanuel Miller,CHI,2025,1.7,1.3,0.3,0.0,4.2,0.5,0.0,False
Jordan Miller,LAC,2025,4.1,1.6,0.9,0.7,11.4,0.433,0.0,False
Leonard Miller,MIN,2025,1.5,0.8,0.0,0.2,2.5,0.4,0.0,False
Patty Mills,2TM,2025,3.8,0.8,0.9,0.6,11.1,0.375,0.0,False
Patty Mills,UTA,2025,4.4,1.2,1.2,0.9,15.3,0.342,0.0,False
Patty Mills,LAC,2025,3.1,0.1,0.4,0.1,5.1,0.5,0.0,False
Shake Milton,2TM,2025,5.5,1.8,1.8,0.7,14.7,0.453,0.0,False
Shake Milton,BRK,2025,7.4,1.9,2.4,0.7,18.2,0.465,0.0,False
Shake Milton,LAL,2025,3.9,1.8,1.3,0.7,11.5,0.433,0.0,False
Justin Minaya,POR,2025,0.9,0.5,0.4,0.3,5.3,0.381,0.0,False
Riley Minix,SAS,2025,0.0,2.0,0.0,0.0,7.0,0.0,0.0,False
Josh Minott,MIN,2025,2.6,1.0,0.4,0.2,6.0,0.489,0.0,False
Yves Missi,NOP,2025,9.1,8.2,1.4,1.1,26.8,0.547,0.0,False
Ajay Mitchell,OKC,2025,6.5,1.9,1.8,0.8,16.6,0.495,0.0,False
Davion Mitchell,2TM,2025,7.9,2.3,4.9,1.7,27.4,0.468,0.0,False
Davion Mitchell,TOR,2025,6.3,1.9,4.6,1.8,24.5,0.434,0.0,False
Davion Mitchell,MIA,2025,10.3,2.7,5.3,1.7,31.6,0.504,0.0,False
Donovan Mitchell,CLE,2025,24.0,4.5,5.0,2.1,31.4,0.443,0.0,False
Evan Mobley,CLE,2025,18.5,9.3,3.2,2.0,30.5,0.557,0.0,False
Isaiah Mobley,PHI,2025,6.0,4.0,5.0,0.0,17.0,0.286,0.0,False
Jonathan Mogbo,TOR,2025,6.2,4.9,2.3,1.1,20.4,0.438,0.0,False
Malik Monk,SAC,2025,17.2,3.8,5.6,2.4,31.6,0.439,0.0,False
Moses Moody,GSW,2025,9.8,2.6,1.3,0.7,22.3,0.433,0.0,False
Taze Moore,POR,2025,3.0,4.0,0.5,1.0,10.0,0.2,0.0,False
Wendell Moore Jr.,2TM,2025,4.2,2.6,1.2,0.8,13.9,0.468,0.0,False
Wendell Moore Jr.,DET,2025,3.2,2.2,1.2,0.5,11.0,0.46,0.0,False
Wendell Moore Jr.,CHO,2025,5.4,3.2,1.2,1.1,17.5,0.474,0.0,False
Ja Morant,MEM,2025,23.2,4.1,7.3,3.7,30.4,0.454,0.0,False
Markieff Morris,2TM,2025,3.7,1.5,1.4,0.3,11.0,0.3,0.0,False
Markieff Morris,DAL,2025,1.7,1.1,0.6,0.3,5.9,0.227,0.0,False
Markieff Morris,LAL,2025,5.5,1.9,2.1,0.4,15.5,0.333,0.0,False
Monte Morris,PHO,2025,5.2,1.5,1.6,0.5,12.7,0.426,0.0,False
Trey Murphy III,NOP,2025,21.2,5.1,3.5,1.9,35.0,0.454,0.0,False
Dejounte Murray,NOP,2025,17.5,6.5,7.4,3.4,32.6,0.393,0.0,False
Jamal Murray,DEN,2025,21.4,3.9,6.0,2.1,36.1,0.474,0.0,False
Keegan Murray,SAC,2025,12.4,6.7,1.4,0.8,34.3,0.444,0.0,False
Kris Murray,POR,2025,4.2,2.6,1.0,0.6,15.1,0.419,0.0,False
Svi Mykhailiuk,UTA,2025,8.8,2.4,2.0,1.4,20.0,0.391,0.0,False
Larry Nance Jr.,ATL,2025,8.5,4.3,1.6,0.7,19.3,0.516,0.0,False
Pete Nance,2TM,2025,2.9,1.6,0.8,0.3,10.6,0.438,0.0,False
Pete Nance,PHI,2025,2.1,1.4,0.4,0.0,9.7,0.333,0.0,False
Pete Nance,MIL,2025,3.8,1.8,1.2,0.7,11.7,0.529,0.0,False
Andrew Nembhard,IND,2025,10.0,3.3,5.0,1.7,28.9,0.458,0.0,False
Aaron Nesmith,IND,2025,12.0,4.0,1.2,0.8,25.0,0.507,0.0,False
Tristen Newton,2TM,2025,0.4,0.5,0.3,0.3,2.0,0.125,0.0,False
Tristen Newton,IND,2025,0.6,0.0,0.2,0.2,1.6,0.167,0.0,False
Tristen Newton,MIN,2025,0.0,1.3,0.3,0.3,2.7,0.0,0.0,False
N'Faly Dante,HOU,2025,6.0,5.3,0.5,0.5,12.8,0.769,0.0,False
Georges Niang,2TM,2025,9.9,3.4,1.4,1.0,21.5,0.461,0.0,False
Georges Niang,CLE,2025,8.7,3.7,1.3,0.9,20.6,0.477,0.0,False
Georges Niang,ATL,2025,12.1,3.0,1.6,1.2,23.0,0.441,0.0,False
Daishen Nix,MIN,2025,0.3,1.3,1.0,1.3,4.3,0.0,0.0,False
Zeke Nnaji,DEN,2025,3.2,1.6,0.4,0.2,10.7,0.496,0.0,False
Miles Norris,BOS,2025,2.3,3.0,0.0,0.0,11.7,0.222,0.0,False
Jaylen Nowell,NOP,2025,8.4,2.5,2.3,1.0,21.0,0.356,0.0,False
Jusuf Nurkić,2TM,2025,8.9,7.8,2.3,1.9,20.8,0.477,0.0,False
Jusuf Nurkić,PHO,2025,8.6,9.2,1.9,2.3,23.7,0.454,0.0,False
Jusuf Nurkić,CHO,2025,9.2,6.5,2.6,1.5,18.1,0.497,0.0,False
Jahlil Okafor,IND,2025,0.0,1.0,1.0,0.0,3.0,,0.0,False
Chuma Okeke,2TM,2025,5.9,5.2,1.7,0.3,21.8,0.5,0.0,False
Chuma Okeke,PHI,2025,6.9,6.1,1.9,0.4,24.4,0.545,0.0,False
Chuma Okeke,CLE,2025,2.5,2.0,1.0,0.0,12.5,0.286,0.0,False
Josh Okogie,2TM,2025,7.1,2.8,0.8,0.8,15.6,0.443,0.0,False
Josh Okogie,PHO,2025,6.0,2.9,0.6,0.6,14.0,0.491,0.0,False
Josh Okogie,CHO,2025,8.9,2.7,1.3,1.0,18.3,0.388,0.0,False
Onyeka Okongwu,ATL,2025,13.4,8.9,2.3,1.2,27.9,0.567,0.0,False
Isaac Okoro,CLE,2025,6.1,2.4,1.2,0.4,19.1,0.464,0.0,False
Quincy Olivari,LAL,2025,1.5,0.0,0.5,0.5,5.0,0.2,0.0,False
Kelly Olynyk,2TM,2025,8.7,4.7,2.9,1.7,20.3,0.5,0.0,False
Kelly Olynyk,TOR,2025,7.1,3.7,2.3,1.5,16.0,0.5,0.0,False
Kelly Olynyk,NOP,2025,10.7,5.9,3.6,2.1,25.4,0.5,0.0,False
Royce O'Neale,PHO,2025,9.1,4.7,2.2,0.9,24.5,0.423,0.0,False
Kelly Oubre Jr.,PHI,2025,15.1,6.1,1.8,1.3,34.6,0.47,0.0,False
Chris Paul,SAS,2025,8.8,3.6,7.4,1.6,28.0,0.427,0.0,False
Cameron Payne,NYK,2025,6.9,1.4,2.8,0.7,15.1,0.401,0.0,False
Elfrid Payton,2TM,2025,3.5,3.3,6.9,2.5,21.3,0.328,0.0,False
Elfrid Payton,NOP,2025,4.4,3.7,8.1,2.9,21.6,0.366,0.0,False
Elfrid Payton,CHO,2025,1.0,2.2,3.3,1.2,20.5,0.143,0.0,False
Gary Payton II,GSW,2025,6.5,3.0,1.3,0.6,15.0,0.574,0.0,False
Drew Peterson,BOS,2025,2.2,1.6,0.5,0.3,7.4,0.415,0.0,False
Julian Phillips,CHI,2025,4.6,2.1,0.5,0.3,14.2,0.446,0.0,False
Jalen Pickett,DEN,2025,4.1,1.4,2.2,0.5,13.6,0.428,0.0,False
Scotty Pippen Jr.,MEM,2025,9.9,3.3,4.4,1.7,21.3,0.48,0.0,False
Daeqwon Plowden,ATL,2025,7.2,1.8,0.3,0.7,12.0,0.64,0.0,False
Mason Plumlee,PHO,2025,4.5,6.1,1.8,0.8,17.6,0.619,0.0,False
Brandin Podziemski,GSW,2025,11.7,5.1,3.4,1.2,26.8,0.445,0.0,False
Jakob Poeltl,TOR,2025,14.5,9.6,2.8,1.9,29.6,0.627,0.0,False
Jordan Poole,WAS,2025,20.5,3.0,4.5,3.0,29.4,0.432,0.0,False
Craig Porter Jr.,CLE,2025,3.7,1.3,1.4,0.7,10.1,0.514,0.0,False
Kevin Porter Jr.,2TM,2025,10.3,3.7,3.4,1.8,19.8,0.449,0.0,False
Kevin Porter Jr.,LAC,2025,9.3,3.6,3.2,1.9,19.6,0.423,0.0,False
Kevin Porter Jr.,MIL,2025,11.7,3.9,3.7,1.7,19.9,0.494,0.0,False
Michael Porter Jr.,DEN,2025,18.2,7.0,2.1,1.4,33.7,0.504,0.0,False
Bobby Portis,MIL,2025,13.9,8.4,2.1,1.2,25.4,0.466,0.0,False
Kristaps Porziņģis,BOS,2025,19.5,6.8,2.1,1.3,28.8,0.483,0.0,False
Quinten Post,GSW,2025,8.1,3.5,1.3,0.8,16.3,0.449,0.0,False
Micah Potter,UTA,2025,4.3,4.3,0.8,0.8,18.6,0.422,0.0,False
Dwight Powell,DAL,2025,2.1,2.1,1.0,0.3,10.0,0.689,0.0,False
Norman Powell,LAC,2025,21.8,3.2,2.1,1.8,32.6,0.484,0.0,False
Taurean Prince,MIL,2025,8.2,3.6,1.9,1.0,27.1,0.457,0.0,False
Payton Pritchard,BOS,2025,14.3,3.8,3.5,1.0,28.4,0.472,0.0,False
Olivier-Maxence Prosper,DAL,2025,3.9,2.4,0.8,0.3,11.2,0.402,0.0,False
Zyon Pullin,MEM,2025,0.0,0.0,0.0,0.0,1.0,0.0,0.0,False
Trevelin Queen,ORL,2025,4.9,1.7,1.2,0.7,13.9,0.381,0.0,False
Neemias Queta,BOS,2025,5.0,3.8,0.7,0.6,13.9,0.65,0.0,False
Immanuel Quickley,TOR,2025,17.1,3.5,5.8,1.8,27.8,0.42,0.0,False
Lester Quiñones,2TM,2025,6.6,1.5,1.8,1.1,14.1,0.397,0.0,False
Lester Quiñones,PHI,2025,2.3,1.0,0.3,1.0,4.3,0.5,0.0,False
Lester Quiñones,NOP,2025,8.6,1.7,2.6,1.1,18.4,0.386,0.0,False
Julius Randle,MIN,2025,18.7,7.1,4.7,2.8,32.3,0.485,0.0,False
Duop Reath,POR,2025,4.2,2.0,0.6,0.3,10.2,0.422,0.0,False
Austin Reaves,LAL,2025,20.2,4.5,5.8,2.4,34.9,0.46,0.0,False
Cam Reddish,LAL,2025,3.2,2.0,0.7,0.4,17.8,0.404,0.0,False
Paul Reed,DET,2025,4.1,2.7,1.0,0.6,9.7,0.507,0.0,False
Alex Reese,2TM,2025,5.1,3.1,0.3,0.4,14.4,0.481,0.0,False
Alex Reese,OKC,2025,2.0,1.0,0.0,0.0,2.0,1.0,0.0,False
Alex Reese,PHI,2025,5.3,3.3,0.3,0.4,15.3,0.472,0.0,False
Antonio Reeves,NOP,2025,6.9,1.4,0.9,0.7,15.0,0.456,0.0,False
Naz Reid,MIN,2025,14.2,6.0,2.3,1.4,27.5,0.462,0.0,False
Jared Rhoden,2TM,2025,8.4,3.0,1.1,0.6,16.2,0.483,0.0,False
Jared Rhoden,CHO,2025,1.0,1.0,0.5,0.3,3.0,0.25,0.0,False
Jared Rhoden,TOR,2025,11.4,3.8,1.4,0.8,21.5,0.506,0.0,False
Josh Richardson,MIA,2025,4.0,1.5,1.5,1.0,18.8,0.289,0.0,False
Nick Richards,2TM,2025,9.3,8.2,0.9,1.4,22.0,0.591,0.0,False
Nick Richards,CHO,2025,8.9,7.5,1.3,1.6,21.0,0.561,0.0,False
Nick Richards,PHO,2025,9.5,8.6,0.6,1.3,22.7,0.605,0.0,False
Zaccharie Risacher,ATL,2025,12.6,3.6,1.2,1.2,24.6,0.458,0.0,False
Liam Robbins,MIL,2025,0.7,0.9,0.2,0.5,4.4,0.25,0.0,False
Duncan Robinson,MIA,2025,11.0,2.3,2.4,1.2,24.1,0.437,0.0,False
Jeremiah Robinson-Earl,NOP,2025,6.3,4.8,1.3,0.8,18.8,0.455,0.0,False
Mitchell Robinson,NYK,2025,5.1,5.9,0.8,0.6,17.1,0.661,0.0,False
Orlando Robinson,2TM,2025,6.9,5.0,1.8,1.1,17.5,0.444,0.0,False
Orlando Robinson,SAC,2025,2.1,1.6,1.0,0.4,6.3,0.412,0.0,False
Orlando Robinson,TOR,2025,8.1,5.9,1.9,1.3,20.4,0.447,0.0,False
David Roddy,3TM,2025,4.6,2.5,1.1,0.7,12.4,0.456,0.0,False
David Roddy,ATL,2025,4.5,2.6,1.1,0.7,12.8,0.473,0.0,False
David Roddy,PHI,2025,6.0,3.0,1.0,0.3,9.7,0.421,0.0,False
David Roddy,HOU,2025,4.3,1.7,0.7,0.3,11.7,0.385,0.0,False
Ryan Rollins,MIL,2025,6.2,1.9,1.9,0.9,14.6,0.487,0.0,False
Jackson Rowe,GSW,2025,3.7,1.8,0.7,0.2,8.7,0.471,0.0,False
Terry Rozier,MIA,2025,10.6,3.7,2.6,1.2,25.9,0.391,0.0,False
Rayan Rupert,POR,2025,3.0,1.3,0.5,0.6,8.8,0.408,0.0,False
D'Angelo Russell,2TM,2025,12.6,2.8,5.1,1.9,25.5,0.39,0.0,False
D'Angelo Russell,LAL,2025,12.4,2.8,4.7,1.7,26.3,0.415,0.0,False
D'Angelo Russell,BRK,2025,12.9,2.8,5.6,2.0,24.7,0.367,0.0,False
Matt Ryan,NYK,2025,1.5,0.4,0.2,0.2,3.6,0.323,0.0,False
Domantas Sabonis,SAC,2025,19.1,13.9,6.0,2.9,34.7,0.59,0.0,False
Tidjane Salaün,CHO,2025,5.9,4.7,1.2,1.0,20.7,0.33,0.0,False
Adama Sanogo,CHI,2025,2.0,1.5,0.3,0.3,5.3,0.571,0.0,False
Gui Santos,GSW,2025,4.1,3.1,1.4,0.8,13.6,0.458,0.0,False
Dario Šarić,DEN,2025,3.5,3.1,1.4,0.9,13.1,0.362,0.0,False
Alex Sarr,WAS,2025,13.0,6.5,2.4,1.7,27.1,0.394,0.0,False
Marcus Sasser,DET,2025,6.6,1.2,2.3,0.9,14.2,0.463,0.0,False
Baylor Scheierman,BOS,2025,3.6,2.1,1.1,0.4,12.4,0.355,0.0,False
Dennis Schröder,3TM,2025,13.1,2.6,5.4,1.9,28.1,0.406,0.0,False
Dennis Schröder,BRK,2025,18.4,3.0,6.6,2.6,33.6,0.452,0.0,False
Dennis Schröder,GSW,2025,10.6,2.3,4.4,2.0,26.2,0.375,0.0,False
Dennis Schröder,DET,2025,10.8,2.6,5.3,1.3,25.2,0.378,0.0,False
Alperen Şengün,HOU,2025,19.1,10.3,4.9,2.6,31.5,0.496,0.0,False
Brice Sensabaugh,UTA,2025,10.9,3.0,1.5,1.5,20.2,0.459,0.0,False
Collin Sexton,UTA,2025,18.4,2.7,4.2,2.5,27.9,0.48,0.0,False
Landry Shamet,NYK,2025,5.7,1.2,0.5,0.4,15.2,0.461,0.0,False
Terrence Shannon Jr.,MIN,2025,4.3,1.5,1.0,0.5,10.6,0.482,0.0,False
Day'Ron Sharpe,BRK,2025,7.9,6.6,1.8,1.3,18.1,0.521,0.0,False
Shaedon Sharpe,POR,2025,18.5,4.5,2.8,2.1,31.3,0.452,0.0,False
Jamal Shead,TOR,2025,7.1,1.5,4.2,1.6,19.6,0.405,0.0,False
Ben Sheppard,IND,2025,5.3,2.8,1.3,0.3,19.5,0.418,0.0,False
Reed Sheppard,HOU,2025,4.4,1.5,1.4,0.7,12.6,0.351,0.0,False
Pascal Siakam,IND,2025,20.2,6.9,3.4,1.4,32.7,0.519,0.0,False
Ben Simmons,2TM,2025,5.0,4.7,5.6,2.0,22.0,0.52,0.0,False
Ben Simmons,BRK,2025,6.2,5.2,6.9,2.7,25.0,0.547,0.0,False
Ben Simmons,LAC,2025,2.9,3.8,3.1,0.8,16.4,0.434,0.0,False
Anfernee Simons,POR,2025,19.3,2.7,4.8,2.0,32.7,0.426,0.0,False
KJ Simpson,CHO,2025,7.8,3.0,3.1,1.6,23.4,0.346,0.0,False
Jaylen Sims,CHO,2025,7.0,1.0,2.0,1.3,18.7,0.429,0.0,False
Jericho Sims,2TM,2025,1.8,3.7,0.6,0.6,11.9,0.634,0.0,False
Jericho Sims,NYK,2025,1.6,3.3,0.6,0.5,10.8,0.609,0.0,False
Jericho Sims,MIL,2025,2.4,4.9,0.8,0.9,15.0,0.68,0.0,False
Marcus Smart,2TM,2025,9.0,2.1,3.2,1.6,20.0,0.393,0.0,False
Marcus Smart,MEM,2025,8.7,2.3,3.7,1.8,21.1,0.358,0.0,False
Marcus Smart,WAS,2025,9.3,1.9,2.5,1.3,18.7,0.44,0.0,False
Dru Smith,MIA,2025,6.2,2.6,1.6,1.2,19.1,0.508,0.0,False
Jalen Smith,CHI,2025,8.2,5.6,1.0,0.6,15.0,0.466,0.0,False
Jabari Smith Jr.,HOU,2025,12.2,7.0,1.1,1.1,30.1,0.438,0.0,False
Nick Smith Jr.,CHO,2025,9.9,2.1,2.4,1.4,22.8,0.391,0.0,False
Tolu Smith,DET,2025,14.0,8.0,0.0,2.0,22.0,0.667,0.0,False
Tyler Smith,MIL,2025,2.9,1.1,0.2,0.3,5.3,0.48,0.0,False
Jeremy Sochan,SAS,2025,11.4,6.5,2.4,1.6,25.3,0.535,0.0,False
Cam Spencer,MEM,2025,4.2,1.2,1.4,0.2,10.1,0.415,0.0,False
Pat Spencer,GSW,2025,2.5,1.2,1.2,0.5,6.4,0.406,0.0,False
Jaden Springer,2TM,2025,2.5,1.3,0.8,0.4,8.5,0.389,0.0,False
Jaden Springer,BOS,2025,1.7,0.9,0.4,0.2,5.4,0.353,0.0,False
Jaden Springer,UTA,2025,3.8,2.0,1.4,0.7,13.2,0.411,0.0,False
Isaiah Stevens,MIA,2025,0.0,0.7,0.0,0.0,2.0,0.0,0.0,False
Lamar Stevens,MEM,2025,4.4,2.2,0.5,0.6,9.1,0.46,0.0,False
Isaiah Stewart,DET,2025,6.0,5.5,1.7,0.9,19.9,0.559,0.0,False
Julian Strawther,DEN,2025,9.0,2.2,1.3,0.9,21.3,0.432,0.0,False
Max Strus,CLE,2025,9.4,4.3,3.2,1.1,25.5,0.442,0.0,False
Jalen Suggs,ORL,2025,16.2,4.0,3.7,2.9,28.6,0.41,0.0,False
Cole Swider,2TM,2025,5.9,2.7,0.3,0.4,16.9,0.349,0.0,False
Cole Swider,DET,2025,0.0,1.0,0.5,0.0,6.5,0.0,0.0,False
Cole Swider,TOR,2025,7.4,3.1,0.3,0.5,19.5,0.379,0.0,False
Jae'Sean Tate,HOU,2025,3.6,2.3,0.9,0.4,11.3,0.473,0.0,False
Jayson Tatum,BOS,2025,26.8,8.7,6.0,2.9,36.4,0.452,0.0,False
Terry Taylor,SAC,2025,0.0,0.3,0.7,0.0,2.0,0.0,0.0,False
Garrett Temple,TOR,2025,1.9,1.0,1.1,0.4,8.1,0.3,0.0,False
Dalen Terry,CHI,2025,4.5,1.7,1.3,0.7,13.5,0.448,0.0,False
Daniel Theis,NOP,2025,4.3,4.3,1.6,0.7,16.3,0.473,0.0,False
Cam Thomas,BRK,2025,24.0,3.3,3.8,2.5,31.2,0.438,0.0,False
Amen Thompson,HOU,2025,14.1,8.2,3.8,2.0,32.2,0.557,0.0,False
Ausar Thompson,DET,2025,10.1,5.1,2.3,1.4,22.5,0.535,0.0,False
Klay Thompson,DAL,2025,14.0,3.4,2.0,1.2,27.3,0.412,0.0,False
Tristan Thompson,CLE,2025,1.7,3.4,0.6,0.4,8.2,0.437,0.0,False
JT Thor,2TM,2025,3.6,2.4,0.3,0.5,12.5,0.424,0.0,False
JT Thor,CLE,2025,3.1,0.7,0.1,0.7,4.7,0.6,0.0,False
JT Thor,WAS,2025,3.9,3.8,0.5,0.3,18.8,0.364,0.0,False
Matisse Thybulle,POR,2025,7.5,3.5,1.9,0.9,20.8,0.477,0.0,False
Xavier Tillman Sr.,BOS,2025,1.0,1.3,0.2,0.4,7.0,0.245,0.0,False
Drew Timme,BRK,2025,12.1,7.2,2.2,1.7,28.2,0.441,0.0,False
Nae'Qwan Tomlin,CLE,2025,7.2,4.2,0.4,0.4,12.6,0.406,0.0,False
Jacob Toppin,2TM,2025,1.4,0.9,0.4,0.2,4.5,0.409,0.0,False
Jacob Toppin,NYK,2025,0.4,0.7,0.3,0.1,3.1,0.3,0.0,False
Jacob Toppin,ATL,2025,17.0,4.0,2.0,1.0,27.0,0.5,0.0,False
Obi Toppin,IND,2025,10.5,4.0,1.6,0.9,19.6,0.529,0.0,False
Karl-Anthony Towns,NYK,2025,24.4,12.8,3.1,2.7,35.0,0.526,0.0,False
Luke Travers,CLE,2025,1.0,1.7,0.7,0.7,7.3,0.25,0.0,False
Gary Trent Jr.,MIL,2025,11.1,2.3,1.2,0.6,25.6,0.431,0.0,False
Oscar Tshiebwe,UTA,2025,7.6,8.7,0.6,0.7,18.2,0.6,0.0,False
P.J. Tucker,NYK,2025,3.0,2.7,0.0,0.3,19.3,0.429,0.0,False
Myles Turner,IND,2025,15.6,6.5,1.5,1.7,30.2,0.481,0.0,False
Hunter Tyson,DEN,2025,2.6,1.5,0.4,0.3,7.8,0.375,0.0,False
Jaylon Tyson,CLE,2025,3.6,2.0,0.9,0.6,9.6,0.43,0.0,False
Stanley Umude,MIL,2025,0.7,0.8,0.2,0.1,3.9,0.192,0.0,False
Jonas Valančiūnas,2TM,2025,10.4,7.7,2.0,1.5,18.8,0.55,0.0,False
Jonas Valančiūnas,WAS,2025,11.5,8.2,2.2,1.8,20.1,0.547,0.0,False
Jonas Valančiūnas,SAC,2025,8.7,7.0,1.8,1.0,16.9,0.556,0.0,False
Jarred Vanderbilt,LAL,2025,4.1,5.1,1.1,0.8,16.1,0.488,0.0,False
Fred VanVleet,HOU,2025,14.1,3.7,5.6,1.5,35.2,0.378,0.0,False
Devin Vassell,SAS,2025,16.3,4.0,2.9,1.4,31.0,0.443,0.0,False
Gabe Vincent,LAL,2025,6.4,1.3,1.4,0.6,21.2,0.4,0.0,False
Nikola Vučević,CHI,2025,18.5,10.1,3.5,1.6,31.2,0.53,0.0,False
Tristan Vukcevic,WAS,2025,9.4,3.7,1.1,1.2,14.7,0.496,0.0,False
Dean Wade,CLE,2025,5.4,4.2,1.3,0.4,21.2,0.413,0.0,False
Franz Wagner,ORL,2025,24.2,5.7,4.7,2.3,33.7,0.463,0.0,False
Moritz Wagner,ORL,2025,12.9,4.9,1.4,1.6,18.8,0.562,0.0,False
Jabari Walker,POR,2025,5.2,3.5,0.6,0.6,12.5,0.515,0.0,False
Jarace Walker,IND,2025,6.1,3.1,1.5,1.0,15.8,0.472,0.0,False
Lonnie Walker IV,PHI,2025,12.4,3.2,2.5,1.3,23.9,0.42,0.0,False
Cason Wallace,OKC,2025,8.4,3.4,2.5,0.9,27.6,0.474,0.0,False
Keaton Wallace,ATL,2025,5.4,1.6,2.6,1.1,16.2,0.401,0.0,False
Jordan Walsh,BOS,2025,1.6,1.3,0.4,0.3,7.8,0.361,0.0,False
Ja'Kobe Walter,TOR,2025,8.6,3.1,1.6,1.0,21.2,0.405,0.0,False
Kel'el Ware,MIA,2025,9.3,7.4,0.9,0.9,22.2,0.554,0.0,False
P.J. Washington,DAL,2025,14.7,7.8,2.3,2.1,32.2,0.453,0.0,False
TyTy Washington Jr.,PHO,2025,2.2,0.8,1.0,0.2,7.4,0.311,0.0,False
Lindy Waters III,2TM,2025,4.9,2.1,1.0,0.4,15.0,0.369,0.0,False
Lindy Waters III,GSW,2025,5.5,2.5,1.1,0.4,17.2,0.371,0.0,False
Lindy Waters III,DET,2025,3.4,1.0,0.7,0.2,8.8,0.364,0.0,False
Trendon Watford,BRK,2025,10.2,3.6,2.6,1.9,20.8,0.469,0.0,False
Anton Watson,NYK,2025,0.9,0.3,0.2,0.2,2.4,0.444,0.0,False
Peyton Watson,DEN,2025,8.1,3.4,1.4,0.8,24.4,0.477,0.0,False
Jaylen Wells,MEM,2025,10.4,3.4,1.7,0.9,25.9,0.425,0.0,False
Victor Wembanyama,SAS,2025,24.3,11.0,3.7,3.2,33.2,0.476,0.0,False
Blake Wesley,SAS,2025,3.7,1.1,2.0,0.9,11.8,0.435,0.0,False
Russell Westbrook,DEN,2025,13.3,4.9,6.1,3.2,27.9,0.449,0.0,False
Phillip Wheeler,PHI,2025,1.6,1.6,0.4,0.2,8.8,0.143,0.0,False
Coby White,CHI,2025,20.4,3.7,4.5,2.4,33.1,0.453,0.0,False
Dariq Whitehead,BRK,2025,5.7,1.5,0.6,0.8,12.3,0.406,0.0,False
Derrick White,BOS,2025,16.4,4.5,4.8,1.7,33.9,0.442,0.0,False
Cam Whitmore,HOU,2025,9.4,3.0,1.0,0.9,16.2,0.444,0.0,False
Aaron Wiggins,OKC,2025,12.0,3.9,1.8,0.9,22.9,0.488,0.0,False
Andrew Wiggins,2TM,2025,18.0,4.5,2.6,1.7,30.7,0.448,0.0,False
Andrew Wiggins,GSW,2025,17.6,4.6,2.4,1.3,30.1,0.444,0.0,False
Andrew Wiggins,MIA,2025,19.0,4.2,3.3,2.5,32.1,0.458,0.0,False
Alondes Williams,DET,2025,5.0,0.0,1.0,0.0,4.0,1.0,0.0,False
Brandon Williams,DAL,2025,8.3,1.8,2.3,1.2,14.8,0.521,0.0,False
Cody Williams,UTA,2025,4.6,2.3,1.2,0.9,21.2,0.323,0.0,False
Grant Williams,CHO,2025,10.4,5.1,2.3,1.8,29.9,0.439,0.0,False
Jalen Williams,OKC,2025,21.6,5.3,5.1,2.2,32.4,0.484,0.0,False
Jaylin Williams,OKC,2025,5.9,5.6,2.6,0.7,16.7,0.439,0.0,False
Jeenathan Williams,HOU,2025,3.3,0.7,0.5,0.7,7.4,0.435,0.0,False
Kenrich Williams,OKC,2025,6.3,3.5,1.4,0.6,16.4,0.483,0.0,False
Mark Williams,CHO,2025,15.3,10.2,2.5,1.6,26.6,0.604,0.0,False
Patrick Williams,CHI,2025,9.0,3.8,2.0,1.4,25.0,0.397,0.0,False
Robert Williams,POR,2025,5.8,5.9,1.1,0.9,17.6,0.641,0.0,False
Vince Williams Jr.,MEM,2025,6.6,3.6,2.0,1.2,18.5,0.401,0.0,False
Zion Williamson,NOP,2025,24.6,7.2,5.3,3.0,28.6,0.567,0.0,False
Ziaire Williams,BRK,2025,10.0,4.6,1.3,1.1,24.5,0.412,0.0,False
Jalen Wilson,BRK,2025,9.5,3.4,1.8,1.0,25.7,0.397,0.0,False
James Wiseman,IND,2025,6.0,1.0,0.0,0.0,5.0,0.5,0.0,False
Isaiah Wong,CHO,2025,6.0,1.6,1.4,0.9,13.3,0.39,0.0,False
Delon Wright,2TM,2025,3.1,1.7,1.9,0.6,15.9,0.344,0.0,False
Delon Wright,MIL,2025,2.5,1.8,1.8,0.5,15.6,0.268,0.0,False
Delon Wright,NYK,2025,4.3,1.4,2.1,0.6,16.4,0.469,0.0,False
Guerschon Yabusele,PHI,2025,11.0,5.6,2.1,1.2,27.1,0.501,0.0,False
Jahmir Young,CHI,2025,1.8,0.5,1.0,0.2,5.0,0.8,0.0,False
Trae Young,ATL,2025,24.2,3.1,11.6,4.7,36.0,0.411,0.0,False
Ivica Zubac,LAC,2025,16.8,12.6,2.7,1.6,32.8,0.628,0.0,False
Precious Achiuwa,2TM,2024,7.6,6.6,1.3,1.1,21.9,0.501,0.0,False
Precious Achiuwa,TOR,2024,7.7,5.4,1.8,1.2,17.5,0.459,0.0,False
Precious Achiuwa,NYK,2024,7.6,7.2,1.1,1.1,24.2,0.525,0.0,False
Bam Adebayo,MIA,2024,19.3,10.4,3.9,2.3,34.0,0.521,0.0,False
Ochai Agbaji,2TM,2024,5.8,2.8,1.1,0.8,21.0,0.411,0.0,False
Ochai Agbaji,UTA,2024,5.4,2.5,0.9,0.7,19.7,0.426,0.0,False
Ochai Agbaji,TOR,2024,6.7,3.3,1.3,1.1,23.6,0.391,0.0,False
Santi Aldama,MEM,2024,10.7,5.8,2.3,1.1,26.5,0.435,0.0,False
Nickeil Alexander-Walker,MIN,2024,8.0,2.0,2.5,0.9,23.4,0.439,0.0,False
Grayson Allen,PHO,2024,13.5,3.9,3.0,1.3,33.5,0.499,0.0,False
Jarrett Allen,CLE,2024,16.5,10.5,2.7,1.6,31.7,0.634,0.0,False
Timmy Allen,MEM,2024,2.6,3.4,1.0,0.4,25.0,0.261,0.0,False
Jose Alvarado,NOP,2024,7.1,2.3,2.1,0.7,18.4,0.412,0.0,False
Kyle Anderson,MIN,2024,6.4,3.5,4.2,1.2,22.6,0.46,0.0,False
Giannis Antetokounmpo,MIL,2024,30.4,11.5,6.5,3.4,35.2,0.611,0.0,False
Thanasis Antetokounmpo,MIL,2024,0.9,0.4,0.5,0.4,4.6,0.533,0.0,False
Cole Anthony,ORL,2024,11.6,3.8,2.9,1.6,22.4,0.435,0.0,False
OG Anunoby,2TM,2024,14.7,4.2,2.1,1.6,34.0,0.489,0.0,False
OG Anunoby,TOR,2024,15.1,3.9,2.7,1.6,33.3,0.489,0.0,False
OG Anunoby,NYK,2024,14.1,4.4,1.5,1.7,34.9,0.488,0.0,False
Ryan Arcidiacono,NYK,2024,0.0,0.4,0.2,0.1,2.3,0.0,0.0,False
Deni Avdija,WAS,2024,14.7,7.2,3.8,2.1,30.1,0.506,0.0,False
Deandre Ayton,POR,2024,16.7,11.1,1.6,1.8,32.4,0.57,0.0,False
Udoka Azubuike,PHO,2024,2.2,2.0,0.2,0.3,7.1,0.696,0.0,False
Ibou Badji,POR,2024,1.5,2.3,0.6,0.7,10.3,0.636,0.0,False
Marvin Bagley III,2TM,2024,11.7,6.2,1.1,1.2,21.1,0.586,0.0,False
Marvin Bagley III,DET,2024,10.2,4.5,1.0,1.1,18.4,0.591,0.0,False
Marvin Bagley III,WAS,2024,13.3,8.1,1.2,1.3,24.0,0.581,0.0,False
Amari Bailey,CHO,2024,2.3,0.9,0.7,0.4,6.5,0.333,0.0,False
Patrick Baldwin Jr.,WAS,2024,4.4,3.2,0.8,0.5,13.0,0.381,0.0,False
LaMelo Ball,CHO,2024,23.9,5.1,8.0,3.8,32.3,0.433,0.0,False
Mo Bamba,PHI,2024,4.4,4.2,0.7,0.7,13.0,0.49,0.0,False
Paolo Banchero,ORL,2024,22.6,6.9,5.4,3.1,35.0,0.455,0.0,False
Desmond Bane,MEM,2024,23.7,4.4,5.5,2.7,34.4,0.464,0.0,False
Dalano Banton,2TM,2024,10.3,3.3,2.4,1.4,19.4,0.404,0.0,False
Dalano Banton,BOS,2024,2.3,1.5,0.8,0.4,7.1,0.373,0.0,False
Dalano Banton,POR,2024,16.7,4.8,3.6,2.2,29.2,0.408,0.0,False
Dominick Barlow,SAS,2024,4.4,3.4,1.1,0.3,12.7,0.496,0.0,False
Harrison Barnes,SAC,2024,12.2,3.0,1.2,0.7,29.0,0.474,0.0,False
Scottie Barnes,TOR,2024,19.9,8.2,6.1,2.8,34.9,0.475,0.0,False
RJ Barrett,2TM,2024,20.2,5.4,3.3,2.2,31.7,0.495,0.0,False
RJ Barrett,NYK,2024,18.2,4.3,2.4,1.8,29.5,0.423,0.0,False
RJ Barrett,TOR,2024,21.8,6.4,4.1,2.5,33.5,0.553,0.0,False
Charles Bassey,SAS,2024,3.3,4.0,1.1,0.8,10.8,0.725,0.0,False
Emoni Bates,CLE,2024,2.7,0.9,0.7,0.5,8.9,0.306,0.0,False
Keita Bates-Diop,2TM,2024,3.7,2.1,0.7,0.3,12.5,0.434,0.0,False
Keita Bates-Diop,PHO,2024,4.5,2.6,0.9,0.3,15.3,0.427,0.0,False
Keita Bates-Diop,BRK,2024,1.6,0.6,0.3,0.1,4.9,0.5,0.0,False
Nicolas Batum,2TM,2024,5.3,4.1,2.1,0.7,25.5,0.453,0.0,False
Nicolas Batum,LAC,2024,2.7,2.3,1.7,0.3,18.0,0.375,0.0,False
Nicolas Batum,PHI,2024,5.5,4.2,2.2,0.7,25.9,0.456,0.0,False
Darius Bazley,2TM,2024,5.3,3.1,0.8,0.9,16.9,0.6,0.0,False
Darius Bazley,PHI,2024,0.0,0.3,0.7,0.3,3.3,0.0,0.0,False
Darius Bazley,UTA,2024,8.0,4.5,0.8,1.2,23.7,0.621,0.0,False
Bradley Beal,PHO,2024,18.2,4.4,5.0,2.5,33.3,0.513,0.0,False
Malik Beasley,MIL,2024,11.3,3.7,1.4,0.7,29.6,0.443,0.0,False
MarJon Beauchamp,MIL,2024,4.4,2.1,0.6,0.6,12.7,0.488,0.0,False
Jules Bernard,WAS,2024,3.9,1.4,0.8,0.4,7.8,0.453,0.0,False
Dāvis Bertāns,2TM,2024,6.7,1.4,0.8,0.4,15.7,0.393,0.0,False
Dāvis Bertāns,OKC,2024,2.9,0.7,0.6,0.1,6.1,0.385,0.0,False
Dāvis Bertāns,CHO,2024,8.8,1.8,0.9,0.6,20.8,0.394,0.0,False
Patrick Beverley,2TM,2024,6.2,3.3,2.9,0.9,20.0,0.417,0.0,False
Patrick Beverley,PHI,2024,6.3,3.1,3.1,1.0,19.6,0.432,0.0,False
Patrick Beverley,MIL,2024,6.0,3.6,2.6,0.6,20.9,0.391,0.0,False
Saddiq Bey,ATL,2024,13.7,6.5,1.5,0.9,32.7,0.416,0.0,False
Goga Bitadze,ORL,2024,5.0,4.6,1.3,0.7,15.4,0.603,0.0,False
Onuralp Bitim,CHI,2024,3.5,1.4,0.6,0.4,11.7,0.381,0.0,False
Bismack Biyombo,2TM,2024,4.4,5.2,1.3,1.1,19.8,0.565,0.0,False
Bismack Biyombo,MEM,2024,5.2,6.4,1.7,1.3,23.9,0.563,0.0,False
Bismack Biyombo,OKC,2024,1.8,1.8,0.2,0.4,7.3,0.583,0.0,False
Anthony Black,ORL,2024,4.6,2.0,1.3,0.8,16.9,0.466,0.0,False
Leaky Black,CHO,2024,2.7,1.8,0.9,0.2,10.9,0.481,0.0,False
Buddy Boeheim,DET,2024,3.4,1.0,0.3,0.0,8.4,0.31,0.0,False
Bogdan Bogdanović,ATL,2024,16.9,3.4,3.1,1.4,30.4,0.428,0.0,False
Bojan Bogdanović,2TM,2024,15.2,2.7,1.7,1.8,25.9,0.454,0.0,False
Bojan Bogdanović,DET,2024,20.2,3.4,2.5,2.3,32.9,0.468,0.0,False
Bojan Bogdanović,NYK,2024,10.4,2.0,0.9,1.3,19.2,0.43,0.0,False
Bol Bol,PHO,2024,5.2,3.2,0.4,0.4,10.9,0.616,0.0,False
Marques Bolden,2TM,2024,3.4,3.1,0.4,0.3,11.0,0.68,0.0,False
Marques Bolden,MIL,2024,0.0,1.0,0.0,0.0,1.5,,0.0,False
Marques Bolden,CHO,2024,4.1,3.6,0.4,0.3,13.1,0.68,0.0,False
Devin Booker,PHO,2024,27.1,4.5,6.9,2.6,36.0,0.492,0.0,False
Brandon Boston Jr.,LAC,2024,5.2,1.6,0.4,0.8,10.8,0.404,0.0,False
Chris Boucher,TOR,2024,6.4,4.1,0.5,0.6,14.1,0.507,0.0,False
James Bouknight,CHO,2024,3.6,0.6,0.4,0.1,5.8,0.439,0.0,False
Jamaree Bouyea,2TM,2024,2.3,2.1,1.2,1.0,10.6,0.357,0.0,False
Jamaree Bouyea,POR,2024,1.7,1.7,1.3,1.3,9.5,0.238,0.0,False
Jamaree Bouyea,SAS,2024,3.7,3.0,1.0,0.3,12.7,0.714,0.0,False
Malaki Branham,SAS,2024,9.2,2.0,2.1,1.2,21.3,0.432,0.0,False
Christian Braun,DEN,2024,7.3,3.7,1.6,0.7,20.2,0.46,0.0,False
Mikal Bridges,BRK,2024,19.6,4.5,3.6,2.0,34.8,0.436,0.0,False
Miles Bridges,CHO,2024,21.0,7.3,3.3,2.0,37.4,0.462,0.0,False
Oshae Brissett,BOS,2024,3.7,2.9,0.8,0.4,11.5,0.444,0.0,False
Izaiah Brockington,NOP,2024,4.0,2.0,0.0,0.0,3.0,0.4,0.0,False
Malcolm Brogdon,POR,2024,15.7,3.8,5.5,1.5,28.7,0.44,0.0,False
Armoni Brooks,BRK,2024,4.2,1.8,0.5,0.3,10.4,0.326,0.0,False
Dillon Brooks,HOU,2024,12.7,3.4,1.7,1.2,30.9,0.428,0.0,False
Bruce Brown,2TM,2024,10.8,4.2,2.9,1.3,27.9,0.478,0.0,False
Bruce Brown,IND,2024,12.1,4.7,3.0,1.2,29.7,0.475,0.0,False
Bruce Brown,TOR,2024,9.6,3.8,2.7,1.3,26.0,0.481,0.0,False
Charlie Brown Jr.,NYK,2024,0.8,0.3,0.0,0.3,4.6,0.2,0.0,False
Greg Brown III,DAL,2024,2.5,1.5,0.7,0.7,6.7,0.455,0.0,False
Jaylen Brown,BOS,2024,23.0,5.5,3.6,2.4,33.5,0.499,0.0,False
Kendall Brown,IND,2024,1.4,0.3,0.3,0.1,4.2,0.533,0.0,False
Kobe Brown,LAC,2024,2.0,1.4,0.6,0.2,9.0,0.411,0.0,False
Moses Brown,POR,2024,3.4,3.9,0.3,0.5,9.1,0.508,0.0,False
Troy Brown Jr.,2TM,2024,4.2,2.4,1.0,0.5,14.0,0.372,0.0,False
Troy Brown Jr.,MIN,2024,4.2,1.9,0.9,0.5,11.1,0.441,0.0,False
Troy Brown Jr.,DET,2024,4.2,3.3,1.1,0.5,19.0,0.296,0.0,False
Jalen Brunson,NYK,2024,28.7,3.6,6.7,2.4,35.4,0.479,0.0,False
Thomas Bryant,MIA,2024,5.7,3.7,0.6,0.6,11.6,0.577,0.0,False
Kobe Bufkin,ATL,2024,4.8,1.9,1.6,0.6,11.5,0.37,0.0,False
Reggie Bullock,HOU,2024,2.2,1.7,0.3,0.2,9.5,0.415,0.0,False
Alec Burks,2TM,2024,10.4,2.3,1.3,0.7,18.4,0.369,0.0,False
Alec Burks,DET,2024,12.6,2.6,1.6,0.7,21.0,0.394,0.0,False
Alec Burks,NYK,2024,6.5,1.7,0.9,0.7,13.5,0.307,0.0,False
Jared Butler,WAS,2024,6.3,1.5,3.2,1.3,14.2,0.488,0.0,False
Jimmy Butler,MIA,2024,20.8,5.3,5.0,1.7,34.0,0.499,0.0,False
Jamal Cain,MIA,2024,3.7,1.4,0.4,0.3,10.0,0.43,0.0,False
Kentavious Caldwell-Pope,DEN,2024,10.1,2.4,2.4,1.0,31.6,0.46,0.0,False
Toumani Camara,POR,2024,7.5,4.9,1.2,1.2,24.8,0.45,0.0,False
Clint Capela,ATL,2024,11.5,10.6,1.2,1.0,25.8,0.571,0.0,False
Jevon Carter,CHI,2024,5.0,0.8,1.3,0.5,13.9,0.378,0.0,False
Wendell Carter Jr.,ORL,2024,11.0,6.9,1.7,1.2,25.6,0.525,0.0,False
D.J. Carton,TOR,2024,2.8,1.0,0.8,0.3,9.0,0.375,0.0,False
Alex Caruso,CHI,2024,10.1,3.8,3.5,1.4,28.7,0.468,0.0,False
Colin Castleton,LAL,2024,1.5,0.8,0.2,0.2,3.7,0.563,0.0,False
Malcolm Cazalon,DET,2024,0.0,0.0,0.0,0.0,3.0,,0.0,False
Justin Champagnie,WAS,2024,5.9,3.5,1.3,0.7,15.7,0.41,0.0,False
Julian Champagnie,SAS,2024,6.8,2.8,1.4,0.8,19.8,0.408,0.0,False
Max Christie,LAL,2024,4.2,2.1,0.9,0.5,14.1,0.427,0.0,False
Sidy Cissoko,SAS,2024,3.8,1.8,0.8,0.3,11.8,0.485,0.0,False
Brandon Clarke,MEM,2024,11.3,5.3,1.5,0.5,22.3,0.559,0.0,False
Jordan Clarkson,UTA,2024,17.1,3.4,5.0,2.7,30.6,0.413,0.0,False
Nic Claxton,BRK,2024,11.8,9.9,2.1,1.3,29.8,0.629,0.0,False
Noah Clowney,BRK,2024,5.8,3.5,0.8,0.7,16.1,0.538,0.0,False
Amir Coffey,LAC,2024,6.6,2.1,1.1,0.5,20.9,0.472,0.0,False
John Collins,UTA,2024,15.1,8.5,1.1,1.4,28.0,0.532,0.0,False
Zach Collins,SAS,2024,11.2,5.4,2.8,1.9,22.1,0.484,0.0,False
Mike Conley,MIN,2024,11.4,2.9,5.9,1.3,28.9,0.457,0.0,False
Pat Connaughton,MIL,2024,5.6,3.1,2.1,0.6,22.1,0.435,0.0,False
Bilal Coulibaly,WAS,2024,8.4,4.1,1.7,1.4,27.2,0.435,0.0,False
Ricky Council IV,PHI,2024,5.4,1.4,0.5,0.2,9.0,0.482,0.0,False
Robert Covington,2TM,2024,4.4,3.3,0.8,0.4,16.8,0.439,0.0,False
Robert Covington,LAC,2024,3.0,2.7,2.3,0.0,23.0,0.333,0.0,False
Robert Covington,PHI,2024,4.5,3.4,0.7,0.4,16.1,0.449,0.0,False
Torrey Craig,CHI,2024,5.7,4.1,1.1,0.6,19.8,0.43,0.0,False
Jae Crowder,MIL,2024,6.2,3.2,1.3,0.5,23.1,0.422,0.0,False
Jalen Crutcher,NOP,2024,0.0,0.0,0.0,0.0,3.0,0.0,0.0,False
Cade Cunningham,DET,2024,22.7,4.3,7.5,3.4,33.5,0.449,0.0,False
Seth Curry,2TM,2024,5.1,1.5,1.0,0.5,14.0,0.392,0.0,False
Seth Curry,DAL,2024,4.3,1.4,0.8,0.4,12.7,0.372,0.0,False
Seth Curry,CHO,2024,9.0,2.0,1.8,0.6,19.9,0.441,0.0,False
Stephen Curry,GSW,2024,26.4,4.5,5.1,2.8,32.7,0.45,0.0,False
Dyson Daniels,NOP,2024,5.8,3.9,2.7,1.0,22.3,0.447,0.0,False
Anthony Davis,LAL,2024,24.7,12.6,3.5,2.1,35.5,0.556,0.0,False
JD Davison,BOS,2024,2.0,1.3,1.3,0.3,4.9,0.417,0.0,False
Johnny Davis,WAS,2024,3.0,1.4,0.6,0.3,12.3,0.403,0.0,False
Dexter Dennis,DAL,2024,5.5,2.3,1.0,0.8,7.5,0.526,0.0,False
DeMar DeRozan,CHI,2024,24.0,4.3,5.3,1.7,37.8,0.48,0.0,False
Moussa Diabaté,LAC,2024,2.6,2.2,0.4,0.2,5.8,0.526,0.0,False
Mamadi Diakite,2TM,2024,2.0,0.7,0.3,0.2,4.0,0.667,0.0,False
Mamadi Diakite,SAS,2024,4.0,1.0,0.7,0.0,5.3,0.8,0.0,False
Mamadi Diakite,NYK,2024,0.0,0.3,0.0,0.3,2.7,0.0,0.0,False
Hamidou Diallo,WAS,2024,1.0,1.0,0.5,0.5,2.5,0.5,0.0,False
Gradey Dick,TOR,2024,8.5,2.2,1.1,0.8,21.1,0.425,0.0,False
Ousmane Dieng,OKC,2024,4.0,1.5,1.1,0.6,11.1,0.422,0.0,False
Spencer Dinwiddie,2TM,2024,10.5,2.7,4.7,1.2,28.3,0.392,0.0,False
Spencer Dinwiddie,BRK,2024,12.6,3.3,6.0,1.3,30.7,0.391,0.0,False
Spencer Dinwiddie,LAL,2024,6.8,1.7,2.4,1.0,24.2,0.397,0.0,False
Donte DiVincenzo,NYK,2024,15.5,3.7,2.7,1.4,29.1,0.443,0.0,False
Luka Dončić,DAL,2024,33.9,9.2,9.8,4.0,37.5,0.487,0.0,False
Luguentz Dort,OKC,2024,10.9,3.6,1.4,0.9,28.4,0.438,0.0,False
Ayo Dosunmu,CHI,2024,12.2,2.8,3.2,1.4,29.1,0.501,0.0,False
Jeff Dowtin,PHI,2024,4.3,1.7,2.3,0.4,11.8,0.556,0.0,False
Henri Drell,CHI,2024,2.8,1.0,1.0,0.5,7.5,0.4,0.0,False
Andre Drummond,CHI,2024,8.4,9.0,0.5,1.0,17.1,0.556,0.0,False
Chris Duarte,SAC,2024,3.9,1.8,0.7,0.4,12.2,0.381,0.0,False
David Duke Jr.,SAS,2024,6.5,2.5,1.3,0.8,12.8,0.556,0.0,False
Kris Dunn,UTA,2024,5.4,2.9,3.8,1.2,18.9,0.47,0.0,False
Kevin Durant,PHO,2024,27.1,6.6,5.0,3.3,37.2,0.523,0.0,False
Jalen Duren,DET,2024,13.8,11.6,2.4,2.1,29.1,0.619,0.0,False
Tari Eason,HOU,2024,9.8,7.0,1.2,0.9,21.8,0.466,0.0,False
Anthony Edwards,MIN,2024,25.9,5.4,5.1,3.1,35.1,0.461,0.0,False
Kessler Edwards,SAC,2024,1.7,0.8,0.3,0.1,5.1,0.415,0.0,False
Keon Ellis,SAC,2024,5.4,2.2,1.5,0.6,17.2,0.461,0.0,False
Joel Embiid,PHI,2024,34.7,11.0,5.6,3.8,33.6,0.529,0.0,False
Drew Eubanks,PHO,2024,5.1,4.3,0.8,0.8,15.6,0.601,0.0,False
Tosan Evbuomwan,2TM,2024,5.9,3.5,0.9,0.5,21.6,0.507,0.0,False
Tosan Evbuomwan,MEM,2024,2.5,3.5,1.5,0.3,18.5,0.267,0.0,False
Tosan Evbuomwan,DET,2024,7.0,3.5,0.8,0.6,22.5,0.571,0.0,False
Dante Exum,DAL,2024,7.8,2.7,2.9,0.9,19.8,0.533,0.0,False
Bruno Fernando,ATL,2024,6.3,4.3,1.0,1.0,15.2,0.583,0.0,False
Dorian Finney-Smith,BRK,2024,8.5,4.7,1.6,0.9,28.4,0.421,0.0,False
Adam Flagler,OKC,2024,1.5,0.0,2.0,0.0,7.0,0.143,0.0,False
Malachi Flynn,3TM,2024,5.5,1.7,1.9,0.9,12.7,0.418,0.0,False
Malachi Flynn,TOR,2024,5.1,2.1,2.4,1.1,15.3,0.409,0.0,False
Malachi Flynn,NYK,2024,2.2,0.4,0.4,0.2,4.3,0.391,0.0,False
Malachi Flynn,DET,2024,8.0,1.8,2.1,1.1,14.3,0.43,0.0,False
Simone Fontecchio,2TM,2024,10.5,3.7,1.5,1.0,24.9,0.46,0.0,False
Simone Fontecchio,UTA,2024,8.9,3.5,1.5,1.0,23.2,0.45,0.0,False
Simone Fontecchio,DET,2024,15.4,4.4,1.8,1.1,30.3,0.479,0.0,False
Jordan Ford,SAC,2024,2.0,0.3,0.3,0.2,3.7,0.571,0.0,False
Trent Forrest,ATL,2024,2.2,1.3,2.4,0.5,10.9,0.378,0.0,False
Evan Fournier,2TM,2024,6.9,1.8,1.5,0.7,18.1,0.357,0.0,False
Evan Fournier,NYK,2024,4.0,1.3,1.0,0.3,13.0,0.2,0.0,False
Evan Fournier,DET,2024,7.2,1.9,1.6,0.7,18.7,0.373,0.0,False
De'Aaron Fox,SAC,2024,26.6,4.6,5.6,2.6,35.9,0.465,0.0,False
Javon Freeman-Liberty,TOR,2024,7.0,3.2,1.8,1.1,18.3,0.444,0.0,False
Alex Fudge,2TM,2024,2.5,0.8,0.0,0.3,6.7,0.4,0.0,False
Alex Fudge,LAL,2024,1.0,0.5,0.0,0.3,3.5,0.167,0.0,False
Alex Fudge,DAL,2024,5.5,1.5,0.0,0.5,13.0,0.556,0.0,False
Markelle Fultz,ORL,2024,7.8,3.2,2.8,1.2,21.2,0.472,0.0,False
Andrew Funk,CHI,2024,0.0,0.0,0.0,0.0,2.6,0.0,0.0,False
Wenyen Gabriel,MEM,2024,3.4,5.0,0.6,1.6,16.2,0.364,0.0,False
Daniel Gafford,2TM,2024,11.0,7.6,1.6,1.0,24.5,0.725,0.0,False
Daniel Gafford,WAS,2024,10.9,8.0,1.5,1.0,26.5,0.69,0.0,False
Daniel Gafford,DAL,2024,11.2,6.9,1.6,1.0,21.5,0.78,0.0,False
Danilo Gallinari,3TM,2024,5.7,2.2,1.1,0.5,12.9,0.437,0.0,False
Danilo Gallinari,WAS,2024,7.0,2.9,1.2,0.5,14.8,0.435,0.0,False
Danilo Gallinari,DET,2024,8.7,2.3,2.0,0.2,15.0,0.545,0.0,False
Danilo Gallinari,MIL,2024,2.8,1.1,0.7,0.6,9.1,0.378,0.0,False
Darius Garland,CLE,2024,18.0,2.7,6.5,3.1,33.4,0.446,0.0,False
Usman Garuba,GSW,2024,0.5,1.2,0.2,0.3,3.0,0.167,0.0,False
Luka Garza,MIN,2024,4.0,1.2,0.2,0.2,4.9,0.48,0.0,False
Kaiser Gates,NOP,2024,0.0,1.0,0.0,0.0,7.0,0.0,0.0,False
Keyonte George,UTA,2024,13.0,2.8,4.4,2.5,27.0,0.391,0.0,False
Paul George,LAC,2024,22.6,5.2,3.5,2.1,33.8,0.471,0.0,False
Taj Gibson,2TM,2024,1.7,1.9,0.6,0.3,10.2,0.405,0.0,False
Taj Gibson,NYK,2024,1.0,1.8,0.6,0.3,10.3,0.304,0.0,False
Taj Gibson,DET,2024,4.5,2.3,0.5,0.0,9.8,0.571,0.0,False
Josh Giddey,OKC,2024,12.3,6.4,4.8,2.1,25.1,0.475,0.0,False
Harry Giles,2TM,2024,2.4,1.3,0.3,0.3,4.3,0.46,0.0,False
Harry Giles,BRK,2024,3.4,1.6,0.4,0.4,5.1,0.5,0.0,False
Harry Giles,LAL,2024,0.3,0.6,0.0,0.0,2.7,0.167,0.0,False
Shai Gilgeous-Alexander,OKC,2024,30.1,5.5,6.2,2.2,34.0,0.535,0.0,False
Anthony Gill,WAS,2024,3.8,1.9,0.7,0.5,9.3,0.469,0.0,False
Collin Gillespie,DEN,2024,3.6,0.9,1.1,0.6,9.4,0.464,0.0,False
Jacob Gilyard,2TM,2024,4.2,1.1,3.3,0.7,17.0,0.4,0.0,False
Jacob Gilyard,MEM,2024,4.7,1.2,3.5,0.8,17.7,0.417,0.0,False
Jacob Gilyard,BRK,2024,0.0,0.8,1.5,0.3,11.3,0.0,0.0,False
Rudy Gobert,MIN,2024,14.0,12.9,1.3,1.6,34.1,0.661,0.0,False
Jordan Goodwin,2TM,2024,6.5,4.4,2.7,1.0,18.5,0.369,0.0,False
Jordan Goodwin,PHO,2024,5.0,2.9,2.0,0.7,14.0,0.389,0.0,False
Jordan Goodwin,MEM,2024,10.0,8.0,4.5,1.6,29.2,0.349,0.0,False
Aaron Gordon,DEN,2024,13.9,6.5,3.5,1.4,31.5,0.556,0.0,False
Eric Gordon,PHO,2024,11.0,1.8,2.0,1.1,27.8,0.443,0.0,False
Devonte' Graham,SAS,2024,5.0,1.6,2.1,0.7,13.6,0.352,0.0,False
Jerami Grant,POR,2024,21.0,3.5,2.8,2.1,33.9,0.451,0.0,False
RaiQuan Gray,SAS,2024,7.7,2.3,2.0,0.3,13.0,0.588,0.0,False
A.J. Green,MIL,2024,4.5,1.1,0.5,0.2,11.0,0.423,0.0,False
Danny Green,PHI,2024,0.0,1.0,0.5,0.0,9.0,0.0,0.0,False
Draymond Green,GSW,2024,8.6,7.2,6.0,2.5,27.1,0.497,0.0,False
Javonte Green,CHI,2024,12.2,7.4,0.6,0.8,25.6,0.6,0.0,False
Jalen Green,HOU,2024,19.6,5.2,3.5,2.3,31.7,0.423,0.0,False
Jeff Green,HOU,2024,6.5,2.3,0.9,0.6,16.8,0.456,0.0,False
Josh Green,DAL,2024,8.2,3.2,2.3,1.1,26.4,0.479,0.0,False
AJ Griffin,ATL,2024,2.4,0.9,0.3,0.4,8.6,0.29,0.0,False
Quentin Grimes,2TM,2024,7.0,2.0,1.3,0.5,20.1,0.372,0.0,False
Quentin Grimes,NYK,2024,7.3,2.0,1.2,0.5,20.2,0.395,0.0,False
Quentin Grimes,DET,2024,5.3,2.0,2.3,1.2,19.2,0.214,0.0,False
Mouhamadou Gueye,TOR,2024,2.4,2.1,0.5,1.1,10.9,0.289,0.0,False
Mouhamed Gueye,ATL,2024,4.0,3.7,0.7,0.2,12.2,0.348,0.0,False
Rui Hachimura,LAL,2024,13.6,4.3,1.2,0.7,26.9,0.537,0.0,False
Ashton Hagans,POR,2024,4.2,2.4,2.8,1.6,16.6,0.408,0.0,False
Tyrese Haliburton,IND,2024,20.1,3.9,10.9,2.3,32.2,0.477,0.0,False
R.J. Hampton,MIA,2024,1.3,0.8,1.0,0.4,9.5,0.286,0.0,False
Tim Hardaway Jr.,DAL,2024,14.4,3.2,1.8,0.9,26.8,0.402,0.0,False
James Harden,LAC,2024,16.6,5.1,8.5,2.6,34.3,0.428,0.0,False
Jaden Hardy,DAL,2024,7.3,1.8,1.5,0.8,13.5,0.407,0.0,False
Ron Harper Jr.,TOR,2024,0.0,0.0,1.0,0.0,4.0,,0.0,False
Gary Harris,ORL,2024,6.9,1.7,1.6,0.6,24.0,0.441,0.0,False
Joe Harris,DET,2024,2.4,0.8,0.6,0.3,10.6,0.359,0.0,False
Kevon Harris,ORL,2024,2.0,1.0,0.5,0.5,3.0,0.667,0.0,False
Shaquille Harrison,MEM,2024,0.7,0.7,0.0,0.0,2.0,0.5,0.0,False
Tobias Harris,PHI,2024,17.2,6.5,3.1,1.3,33.8,0.487,0.0,False
Isaiah Hartenstein,NYK,2024,7.8,8.3,2.5,1.2,25.3,0.644,0.0,False
Josh Hart,NYK,2024,9.4,8.3,4.1,1.5,33.4,0.434,0.0,False
Sam Hauser,BOS,2024,9.0,3.5,1.0,0.4,22.0,0.446,0.0,False
Jordan Hawkins,NOP,2024,7.8,2.2,1.0,0.6,17.3,0.382,0.0,False
Jaxson Hayes,LAL,2024,4.3,3.0,0.5,0.6,12.5,0.72,0.0,False
Killian Hayes,DET,2024,6.9,2.8,4.9,1.2,24.0,0.413,0.0,False
Gordon Hayward,2TM,2024,9.8,3.5,3.1,1.3,24.4,0.464,0.0,False
Gordon Hayward,CHO,2024,14.5,4.7,4.6,2.0,31.9,0.468,0.0,False
Gordon Hayward,OKC,2024,5.3,2.5,1.6,0.6,17.2,0.453,0.0,False
Scoot Henderson,POR,2024,14.0,3.1,5.4,3.4,28.5,0.385,0.0,False
Taylor Hendricks,UTA,2024,7.3,4.6,0.8,0.7,21.4,0.45,0.0,False
Tyler Herro,MIA,2024,20.8,5.3,4.5,2.2,33.5,0.441,0.0,False
Buddy Hield,2TM,2024,12.1,3.2,2.8,1.2,25.7,0.436,0.0,False
Buddy Hield,IND,2024,12.0,3.2,2.7,1.2,25.7,0.443,0.0,False
Buddy Hield,PHI,2024,12.2,3.2,3.0,1.3,25.8,0.426,0.0,False
Haywood Highsmith,MIA,2024,6.1,3.2,1.1,0.5,20.7,0.465,0.0,False
Nate Hinton,HOU,2024,2.2,1.5,0.7,0.2,5.0,0.423,0.0,False
D'Moi Hodge,LAL,2024,2.0,0.0,0.7,0.1,5.9,0.333,0.0,False
Aaron Holiday,HOU,2024,6.6,1.6,1.8,0.7,16.3,0.446,0.0,False
Jrue Holiday,BOS,2024,12.5,5.4,4.8,1.8,32.8,0.48,0.0,False
Justin Holiday,DEN,2024,4.0,1.2,1.2,0.2,14.9,0.454,0.0,False
Richaun Holmes,2TM,2024,5.0,4.6,0.6,0.6,13.9,0.558,0.0,False
Richaun Holmes,DAL,2024,3.4,3.4,0.7,0.5,10.3,0.559,0.0,False
Richaun Holmes,WAS,2024,7.1,6.1,0.6,0.7,18.7,0.557,0.0,False
Chet Holmgren,OKC,2024,16.5,7.9,2.4,1.6,29.4,0.53,0.0,False
Jalen Hood-Schifino,LAL,2024,1.6,0.6,0.4,0.4,5.2,0.222,0.0,False
Al Horford,BOS,2024,8.6,6.4,2.6,0.7,26.8,0.511,0.0,False
Talen Horton-Tucker,UTA,2024,10.1,2.4,3.5,1.3,19.8,0.396,0.0,False
Danuel House Jr.,PHI,2024,4.2,1.7,0.8,0.6,15.0,0.448,0.0,False
Caleb Houstan,ORL,2024,4.3,1.4,0.5,0.3,13.8,0.388,0.0,False
Jett Howard,ORL,2024,1.6,0.4,0.3,0.2,3.7,0.333,0.0,False
Kevin Huerter,SAC,2024,10.2,3.5,2.6,0.8,24.4,0.443,0.0,False
Jay Huff,DEN,2024,1.2,0.6,0.1,0.1,2.5,0.6,0.0,False
De'Andre Hunter,ATL,2024,15.6,3.9,1.5,1.5,29.5,0.459,0.0,False
Matthew Hurt,MEM,2024,4.0,2.0,0.5,0.3,14.1,0.353,0.0,False
Bones Hyland,LAC,2024,6.9,1.5,2.5,1.2,14.6,0.386,0.0,False
Joe Ingles,ORL,2024,4.4,2.1,3.0,1.0,17.2,0.436,0.0,False
Brandon Ingram,NOP,2024,20.8,5.1,5.7,2.5,32.9,0.492,0.0,False
Kyrie Irving,DAL,2024,25.6,5.0,5.2,1.8,35.0,0.497,0.0,False
Jonathan Isaac,ORL,2024,6.8,4.5,0.5,0.5,15.8,0.51,0.0,False
Jaden Ivey,DET,2024,15.4,3.4,3.8,2.5,28.8,0.429,0.0,False
Andre Jackson Jr.,MIL,2024,2.2,2.0,0.9,0.5,10.0,0.5,0.0,False
GG Jackson II,MEM,2024,14.6,4.1,1.2,1.4,25.7,0.428,0.0,False
Isaiah Jackson,IND,2024,6.5,4.0,0.8,0.7,13.1,0.665,0.0,False
Jaren Jackson Jr.,MEM,2024,22.5,5.5,2.3,2.4,32.2,0.444,0.0,False
Justin Jackson,MIN,2024,0.0,0.0,0.0,0.0,0.5,,0.0,False
Quenton Jackson,IND,2024,0.7,1.3,0.7,0.0,3.7,0.0,0.0,False
Reggie Jackson,DEN,2024,10.2,1.9,3.8,1.3,22.2,0.431,0.0,False
Trayce Jackson-Davis,GSW,2024,7.9,5.0,1.2,0.7,16.6,0.702,0.0,False
LeBron James,LAL,2024,25.7,7.3,8.3,3.5,35.3,0.54,0.0,False
Jaime Jaquez Jr.,MIA,2024,11.9,3.8,2.6,1.5,28.2,0.489,0.0,False
DeJon Jarreau,MEM,2024,4.8,4.9,2.9,1.0,16.7,0.34,0.0,False
DaQuan Jeffries,NYK,2024,0.8,0.3,0.3,0.2,2.7,0.353,0.0,False
Trey Jemison,2TM,2024,6.8,5.4,1.1,1.4,22.9,0.551,0.0,False
Trey Jemison,WAS,2024,0.0,0.5,0.0,0.5,0.5,,0.0,False
Trey Jemison,MEM,2024,7.4,5.8,1.2,1.4,24.9,0.551,0.0,False
Ty Jerome,CLE,2024,2.0,0.5,1.5,0.5,7.5,0.5,0.0,False
Isaiah Joe,OKC,2024,8.2,2.3,1.3,0.6,18.5,0.458,0.0,False
Cameron Johnson,BRK,2024,13.4,4.3,2.4,1.0,27.6,0.446,0.0,False
James Johnson,IND,2024,0.9,0.4,0.9,0.6,5.2,0.3,0.0,False
Jalen Johnson,ATL,2024,16.0,8.7,3.6,1.8,33.7,0.511,0.0,False
Keldon Johnson,SAS,2024,15.7,5.5,2.8,1.4,29.5,0.454,0.0,False
Keon Johnson,BRK,2024,6.2,1.4,0.6,1.0,12.2,0.381,0.0,False
Keyontae Johnson,OKC,2024,1.2,1.1,0.4,0.4,7.3,0.313,0.0,False
Nikola Jokić,DEN,2024,26.4,12.4,9.0,3.0,34.6,0.583,0.0,False
Colby Jones,SAC,2024,2.1,1.3,0.7,0.3,6.4,0.394,0.0,False
Damian Jones,CLE,2024,2.7,1.6,0.4,0.3,6.9,0.597,0.0,False
Derrick Jones Jr.,DAL,2024,8.6,3.3,1.0,0.9,23.5,0.483,0.0,False
Herbert Jones,NOP,2024,11.0,3.6,2.6,1.2,30.5,0.498,0.0,False
Mason Jones,SAC,2024,1.4,1.0,1.0,0.4,5.6,0.25,0.0,False
Tre Jones,SAS,2024,10.0,3.8,6.2,1.5,27.8,0.505,0.0,False
Tyus Jones,WAS,2024,12.0,2.7,7.3,1.0,29.3,0.489,0.0,False
DeAndre Jordan,DEN,2024,3.9,4.4,0.7,0.6,11.0,0.624,0.0,False
Cory Joseph,GSW,2024,2.4,1.2,1.6,0.5,11.4,0.359,0.0,False
Nikola Jović,MIA,2024,7.7,4.2,2.0,0.9,19.5,0.452,0.0,False
Johnny Juzang,UTA,2024,7.2,1.8,1.2,0.7,18.6,0.464,0.0,False
Luke Kennard,MEM,2024,11.0,2.9,3.5,1.4,25.6,0.448,0.0,False
Walker Kessler,UTA,2024,8.1,7.5,0.9,1.0,23.3,0.654,0.0,False
Braxton Key,DEN,2024,1.1,0.9,0.5,0.1,3.0,0.412,0.0,False
Corey Kispert,WAS,2024,13.4,2.8,2.0,1.2,25.8,0.486,0.0,False
Maxi Kleber,DAL,2024,4.4,3.3,1.6,0.7,20.3,0.432,0.0,False
Kevin Knox,DET,2024,7.2,2.4,0.7,0.7,18.1,0.462,0.0,False
John Konchar,MEM,2024,4.3,4.7,2.0,0.8,21.3,0.423,0.0,False
Furkan Korkmaz,PHI,2024,2.5,0.9,0.7,0.3,8.6,0.395,0.0,False
Luke Kornet,BOS,2024,5.3,4.1,1.1,0.3,15.6,0.7,0.0,False
Vit Krejci,ATL,2024,6.1,2.4,2.3,0.9,24.6,0.49,0.0,False
Jonathan Kuminga,GSW,2024,16.1,4.8,2.2,1.6,26.3,0.529,0.0,False
Kyle Kuzma,WAS,2024,22.2,6.6,4.2,2.7,32.6,0.463,0.0,False
Jock Landale,HOU,2024,4.9,3.1,1.2,0.6,13.6,0.515,0.0,False
Jake LaRavia,MEM,2024,10.8,3.7,1.7,1.3,23.0,0.389,0.0,False
Zach LaVine,CHI,2024,19.5,5.2,3.9,2.1,34.9,0.452,0.0,False
A.J. Lawson,DAL,2024,3.2,1.2,0.5,0.3,7.4,0.446,0.0,False
Saben Lee,PHO,2024,3.0,1.3,1.3,0.3,7.7,0.364,0.0,False
Alex Len,SAC,2024,2.5,2.7,1.0,0.6,9.3,0.617,0.0,False
Kawhi Leonard,LAC,2024,23.7,6.1,3.6,1.8,34.3,0.525,0.0,False
Caris LeVert,CLE,2024,14.0,4.1,5.1,1.7,28.8,0.421,0.0,False
Kira Lewis Jr.,3TM,2024,3.2,0.9,1.3,0.5,9.5,0.37,0.0,False
Kira Lewis Jr.,NOP,2024,2.9,0.9,1.2,0.5,9.6,0.308,0.0,False
Kira Lewis Jr.,TOR,2024,0.0,0.0,0.0,0.0,2.0,,0.0,False
Kira Lewis Jr.,UTA,2024,3.8,1.0,1.6,0.5,9.9,0.45,0.0,False
Maxwell Lewis,LAL,2024,0.3,0.1,0.2,0.3,3.0,0.19,0.0,False
E.J. Liddell,NOP,2024,0.5,0.6,0.1,0.3,2.9,0.167,0.0,False
Damian Lillard,MIL,2024,24.3,4.4,7.0,2.6,35.3,0.424,0.0,False
Nassir Little,PHO,2024,3.4,1.7,0.5,0.3,10.2,0.46,0.0,False
Dereck Lively II,DAL,2024,8.8,6.9,1.1,0.9,23.5,0.747,0.0,False
Isaiah Livers,DET,2024,5.0,2.1,1.1,0.7,20.4,0.345,0.0,False
Chris Livingston,MIL,2024,1.2,1.0,0.2,0.2,4.3,0.5,0.0,False
Kenneth Lofton Jr.,3TM,2024,4.6,1.8,1.6,0.7,9.5,0.462,0.0,False
Kenneth Lofton Jr.,MEM,2024,2.6,1.0,0.9,0.4,6.6,0.378,0.0,False
Kenneth Lofton Jr.,PHI,2024,1.0,1.5,0.0,1.0,4.5,0.167,0.0,False
Kenneth Lofton Jr.,UTA,2024,13.8,5.0,4.8,1.5,22.8,0.6,0.0,False
Kevon Looney,GSW,2024,4.5,5.7,1.8,0.7,16.1,0.597,0.0,False
Brook Lopez,MIL,2024,12.5,5.2,1.6,1.0,30.5,0.485,0.0,False
Robin Lopez,MIL,2024,1.1,0.3,0.3,0.1,4.1,0.368,0.0,False
Kevin Love,MIA,2024,8.8,6.1,2.1,0.9,16.8,0.44,0.0,False
Kyle Lowry,2TM,2024,8.1,3.2,4.2,1.4,28.2,0.432,0.0,False
Kyle Lowry,MIA,2024,8.2,3.5,4.0,1.4,28.0,0.426,0.0,False
Kyle Lowry,PHI,2024,8.0,2.8,4.6,1.4,28.4,0.444,0.0,False
Seth Lundy,ATL,2024,1.6,0.8,0.0,0.1,5.8,0.235,0.0,False
Trey Lyles,SAC,2024,7.2,4.4,1.2,0.7,20.0,0.445,0.0,False
Théo Maledon,2TM,2024,3.5,1.4,1.6,1.1,12.5,0.286,0.0,False
Théo Maledon,CHO,2024,4.2,1.8,2.2,1.2,15.4,0.288,0.0,False
Théo Maledon,PHO,2024,1.3,0.3,0.0,0.8,3.3,0.25,0.0,False
Sandro Mamukelashvili,SAS,2024,4.1,3.2,1.1,0.4,9.8,0.471,0.0,False
Terance Mann,LAC,2024,8.8,3.4,1.6,0.6,25.0,0.515,0.0,False
Tre Mann,2TM,2024,9.3,3.6,4.0,1.6,24.1,0.459,0.0,False
Tre Mann,OKC,2024,3.8,1.8,1.5,0.7,9.2,0.5,0.0,False
Tre Mann,CHO,2024,11.9,4.5,5.2,2.0,31.0,0.453,0.0,False
Boban Marjanović,HOU,2024,3.2,2.3,0.4,0.4,5.1,0.529,0.0,False
Lauri Markkanen,UTA,2024,23.2,8.2,2.0,1.4,33.1,0.48,0.0,False
Naji Marshall,NOP,2024,7.1,3.6,1.9,1.0,19.0,0.463,0.0,False
Caleb Martin,MIA,2024,10.0,4.4,2.2,1.2,27.4,0.431,0.0,False
Cody Martin,CHO,2024,7.5,3.9,3.7,1.6,26.9,0.381,0.0,False
KJ Martin,2TM,2024,3.7,2.2,0.9,0.5,12.4,0.536,0.0,False
KJ Martin,LAC,2024,5.0,1.5,0.5,1.0,15.5,0.4,0.0,False
KJ Martin,PHI,2024,3.7,2.2,0.9,0.5,12.3,0.544,0.0,False
Garrison Mathews,ATL,2024,4.9,1.4,0.6,0.3,15.0,0.456,0.0,False
Bennedict Mathurin,IND,2024,14.5,4.0,2.0,1.6,26.1,0.446,0.0,False
Wesley Matthews,ATL,2024,3.1,1.5,0.6,0.2,11.5,0.351,0.0,False
Tyrese Maxey,PHI,2024,25.9,3.7,6.2,1.7,37.5,0.45,0.0,False
Skylar Mays,2TM,2024,4.1,1.1,2.2,0.5,11.4,0.396,0.0,False
Skylar Mays,POR,2024,6.3,1.8,3.6,0.9,17.0,0.384,0.0,False
Skylar Mays,LAL,2024,1.3,0.4,0.6,0.1,4.5,0.476,0.0,False
Miles McBride,NYK,2024,8.3,1.5,1.7,0.4,19.5,0.452,0.0,False
CJ McCollum,NOP,2024,20.0,4.3,4.6,1.7,32.7,0.459,0.0,False
T.J. McConnell,IND,2024,10.2,2.7,5.5,1.5,18.2,0.556,0.0,False
Jalen McDaniels,TOR,2024,3.4,1.6,0.7,0.6,10.8,0.344,0.0,False
Jaden McDaniels,MIN,2024,10.5,3.1,1.4,1.2,29.2,0.489,0.0,False
Doug McDermott,2TM,2024,5.5,0.9,1.1,0.4,14.1,0.433,0.0,False
Doug McDermott,SAS,2024,6.0,1.0,1.2,0.5,15.2,0.442,0.0,False
Doug McDermott,IND,2024,4.2,0.6,0.7,0.2,11.3,0.406,0.0,False
JaVale McGee,SAC,2024,4.0,2.7,0.4,0.7,7.4,0.598,0.0,False
Bryce McGowens,CHO,2024,5.1,1.7,0.9,0.5,14.9,0.439,0.0,False
Jordan McLaughlin,MIN,2024,3.5,1.3,2.0,0.3,11.2,0.483,0.0,False
De'Anthony Melton,PHI,2024,11.1,3.7,3.0,1.0,26.9,0.386,0.0,False
Nathan Mensah,CHO,2024,1.3,2.6,0.4,0.6,12.3,0.429,0.0,False
Sam Merrill,CLE,2024,8.0,2.0,1.8,0.3,17.5,0.402,0.0,False
Chimezie Metu,2TM,2024,6.5,3.8,0.9,1.0,16.8,0.504,0.0,False
Chimezie Metu,PHO,2024,5.0,3.0,0.5,0.7,12.1,0.508,0.0,False
Chimezie Metu,DET,2024,10.5,6.0,1.9,1.8,29.4,0.5,0.0,False
Vasilije Micić,2TM,2024,7.0,1.5,4.4,1.7,19.6,0.43,0.0,False
Vasilije Micić,OKC,2024,3.3,0.8,2.5,1.0,12.0,0.407,0.0,False
Vasilije Micić,CHO,2024,10.8,2.1,6.2,2.3,27.2,0.437,0.0,False
Khris Middleton,MIL,2024,15.1,4.7,5.3,2.3,27.0,0.493,0.0,False
Brandon Miller,CHO,2024,17.3,4.3,2.4,1.8,32.2,0.44,0.0,False
Jordan Miller,LAC,2024,1.6,0.6,0.0,0.1,3.5,0.556,0.0,False
Leonard Miller,MIN,2024,1.7,1.2,0.5,0.1,3.1,0.65,0.0,False
Patty Mills,2TM,2024,4.0,1.1,1.1,0.5,13.0,0.351,0.0,False
Patty Mills,ATL,2024,2.7,1.1,0.7,0.4,10.6,0.373,0.0,False
Patty Mills,MIA,2024,5.8,1.2,1.5,0.6,16.4,0.338,0.0,False
Shake Milton,3TM,2024,4.5,1.6,1.3,0.6,12.1,0.405,0.0,False
Shake Milton,MIN,2024,4.7,1.3,1.3,0.7,12.9,0.4,0.0,False
Shake Milton,DET,2024,6.8,4.5,1.5,0.8,15.8,0.423,0.0,False
Shake Milton,NYK,2024,1.8,1.0,0.7,0.0,4.5,0.444,0.0,False
Justin Minaya,POR,2024,1.8,1.6,0.6,0.3,11.2,0.297,0.0,False
Josh Minott,MIN,2024,1.6,0.5,0.3,0.1,2.8,0.472,0.0,False
Davion Mitchell,SAC,2024,5.3,1.3,1.9,0.6,15.3,0.452,0.0,False
Donovan Mitchell,CLE,2024,26.6,5.1,6.1,2.8,35.3,0.462,0.0,False
Evan Mobley,CLE,2024,15.7,9.4,3.2,1.8,30.6,0.58,0.0,False
Isaiah Mobley,CLE,2024,2.3,1.0,0.6,0.2,7.2,0.417,0.0,False
Malik Monk,SAC,2024,15.4,2.9,5.1,2.1,26.0,0.443,0.0,False
Moses Moody,GSW,2024,8.1,3.0,0.9,0.7,17.5,0.462,0.0,False
Xavier Moon,LAC,2024,2.4,1.3,1.5,0.4,8.5,0.326,0.0,False
Taze Moore,POR,2024,4.5,2.0,1.3,0.8,10.0,0.421,0.0,False
Wendell Moore Jr.,MIN,2024,0.7,0.5,0.2,0.2,3.0,0.5,0.0,False
Ja Morant,MEM,2024,25.1,5.6,8.1,3.0,35.3,0.471,0.0,False
Markieff Morris,DAL,2024,2.5,1.5,0.6,0.5,8.3,0.338,0.0,False
Marcus Morris,2TM,2024,6.4,2.7,0.7,0.6,16.7,0.439,0.0,False
Marcus Morris,PHI,2024,6.7,2.9,0.7,0.5,17.2,0.439,0.0,False
Marcus Morris,CLE,2024,5.8,2.1,0.8,0.9,15.0,0.441,0.0,False
Monte Morris,2TM,2024,5.0,1.7,2.1,0.2,14.4,0.405,0.0,False
Monte Morris,DET,2024,4.5,2.0,1.3,0.3,11.3,0.364,0.0,False
Monte Morris,MIN,2024,5.1,1.7,2.3,0.2,15.1,0.417,0.0,False
Trey Murphy III,NOP,2024,14.8,4.9,2.2,0.6,29.6,0.443,0.0,False
Dejounte Murray,ATL,2024,22.5,5.3,6.4,2.6,35.7,0.459,0.0,False
Jamal Murray,DEN,2024,21.2,4.1,6.5,2.1,31.5,0.481,0.0,False
Keegan Murray,SAC,2024,15.2,5.5,1.7,0.8,33.6,0.454,0.0,False
Kris Murray,POR,2024,6.1,3.6,1.3,0.9,21.7,0.396,0.0,False
Mike Muscala,3TM,2024,3.0,2.4,0.7,0.4,11.3,0.359,0.0,False
Mike Muscala,WAS,2024,4.0,3.1,0.9,0.7,14.1,0.367,0.0,False
Mike Muscala,DET,2024,3.5,2.2,0.8,0.2,13.2,0.341,0.0,False
Mike Muscala,OKC,2024,1.1,1.3,0.3,0.3,5.7,0.364,0.0,False
Svi Mykhailiuk,BOS,2024,4.0,1.2,0.9,0.3,10.1,0.416,0.0,False
Larry Nance Jr.,NOP,2024,5.7,5.0,1.9,0.8,19.9,0.573,0.0,False
Pete Nance,CLE,2024,0.4,0.4,0.0,0.1,3.4,0.167,0.0,False
Andrew Nembhard,IND,2024,9.2,2.1,4.1,1.5,25.0,0.498,0.0,False
Aaron Nesmith,IND,2024,12.2,3.8,1.5,0.9,27.7,0.496,0.0,False
Georges Niang,CLE,2024,9.4,3.4,1.2,0.9,22.3,0.449,0.0,False
Daishen Nix,MIN,2024,1.8,0.2,0.4,0.3,3.3,0.375,0.0,False
Zeke Nnaji,DEN,2024,3.2,2.2,0.6,0.5,9.9,0.463,0.0,False
Jaylen Nowell,2TM,2024,6.2,1.8,1.5,0.5,16.5,0.436,0.0,False
Jaylen Nowell,MEM,2024,5.7,1.6,1.8,0.6,17.3,0.4,0.0,False
Jaylen Nowell,DET,2024,7.5,2.5,0.8,0.5,14.5,0.522,0.0,False
Markquis Nowell,TOR,2024,2.0,2.0,2.0,0.0,4.0,0.0,0.0,False
Frank Ntilikina,CHO,2024,1.0,1.2,0.8,0.2,8.6,0.111,0.0,False
Jusuf Nurkić,PHO,2024,10.9,11.0,4.0,2.3,27.3,0.51,0.0,False
Jordan Nwora,2TM,2024,7.0,2.9,1.2,1.0,13.7,0.462,0.0,False
Jordan Nwora,IND,2024,5.2,1.8,1.0,0.7,10.2,0.451,0.0,False
Jordan Nwora,TOR,2024,7.9,3.4,1.3,1.2,15.6,0.465,0.0,False
Chuma Okeke,ORL,2024,2.3,1.7,0.4,0.3,9.2,0.357,0.0,False
Josh Okogie,PHO,2024,4.6,2.6,1.1,0.6,16.0,0.417,0.0,False
Onyeka Okongwu,ATL,2024,10.2,6.8,1.3,0.8,25.5,0.611,0.0,False
Isaac Okoro,CLE,2024,9.4,3.0,1.9,0.8,27.3,0.49,0.0,False
Kelly Olynyk,2TM,2024,9.8,5.3,4.4,1.9,22.6,0.555,0.0,False
Kelly Olynyk,UTA,2024,8.1,5.1,4.4,1.6,20.4,0.562,0.0,False
Kelly Olynyk,TOR,2024,12.7,5.6,4.6,2.5,26.4,0.548,0.0,False
Eugene Omoruyi,WAS,2024,4.8,2.0,0.8,0.5,9.1,0.485,0.0,False
Royce O'Neale,2TM,2024,7.7,4.8,2.8,0.9,24.7,0.397,0.0,False
Royce O'Neale,BRK,2024,7.4,4.5,2.8,1.0,24.5,0.388,0.0,False
Royce O'Neale,PHO,2024,8.1,5.2,2.7,0.7,25.1,0.411,0.0,False
Cedi Osman,SAS,2024,6.8,2.5,1.7,0.7,17.6,0.479,0.0,False
Kelly Oubre Jr.,PHI,2024,15.4,5.0,1.5,1.3,30.2,0.441,0.0,False
Chris Paul,GSW,2024,9.2,3.9,6.8,1.3,26.4,0.441,0.0,False
Cameron Payne,2TM,2024,7.4,1.5,2.6,0.8,16.7,0.432,0.0,False
Cameron Payne,MIL,2024,6.2,1.3,2.3,0.7,14.9,0.455,0.0,False
Cameron Payne,PHI,2024,9.3,1.8,3.1,1.1,19.4,0.413,0.0,False
Gary Payton II,GSW,2024,5.5,2.6,1.1,0.6,15.5,0.563,0.0,False
Mãozinha Pereira,MEM,2024,6.9,5.3,0.3,0.7,17.4,0.514,0.0,False
Drew Peterson,BOS,2024,3.7,0.3,0.3,0.3,7.7,0.667,0.0,False
Filip Petrušev,2TM,2024,1.0,0.3,0.0,0.0,3.3,0.5,0.0,False
Filip Petrušev,PHI,2024,0.0,1.0,0.0,0.0,3.0,,0.0,False
Filip Petrušev,SAC,2024,1.5,0.0,0.0,0.0,3.5,0.5,0.0,False
Julian Phillips,CHI,2024,2.2,0.9,0.3,0.3,8.1,0.416,0.0,False
Jalen Pickett,DEN,2024,1.6,0.5,0.8,0.3,4.5,0.429,0.0,False
Scotty Pippen Jr.,MEM,2024,12.9,3.2,4.7,2.7,25.1,0.493,0.0,False
Mason Plumlee,LAC,2024,5.3,5.1,1.2,0.8,14.7,0.569,0.0,False
Brandin Podziemski,GSW,2024,9.2,5.8,3.7,1.2,26.6,0.454,0.0,False
Jakob Poeltl,TOR,2024,11.1,8.6,2.5,1.5,26.4,0.656,0.0,False
Aleksej Pokusevski,2TM,2024,5.2,3.2,1.3,0.7,14.5,0.405,0.0,False
Aleksej Pokusevski,OKC,2024,1.2,1.0,0.5,0.3,6.0,0.25,0.0,False
Aleksej Pokusevski,CHO,2024,7.4,4.4,1.7,0.9,19.2,0.429,0.0,False
Jordan Poole,WAS,2024,17.4,2.7,4.4,2.4,30.1,0.413,0.0,False
Craig Porter Jr.,CLE,2024,5.6,2.1,2.3,0.9,12.7,0.509,0.0,False
Jontay Porter,TOR,2024,4.4,3.2,2.3,0.8,13.8,0.385,0.0,False
Michael Porter Jr.,DEN,2024,16.7,7.0,1.5,1.1,31.7,0.484,0.0,False
Otto Porter Jr.,TOR,2024,2.6,1.9,0.5,0.1,11.6,0.424,0.0,False
Bobby Portis,MIL,2024,13.8,7.4,1.3,1.1,24.5,0.508,0.0,False
Kristaps Porziņģis,BOS,2024,20.1,7.2,2.0,1.6,29.6,0.516,0.0,False
Micah Potter,UTA,2024,3.3,2.7,0.4,0.3,11.6,0.475,0.0,False
Dwight Powell,DAL,2024,3.3,3.4,1.3,0.5,13.3,0.679,0.0,False
Norman Powell,LAC,2024,13.9,2.6,1.1,0.9,26.2,0.486,0.0,False
Jason Preston,UTA,2024,1.7,2.4,2.3,0.3,10.1,0.316,0.0,False
Joshua Primo,LAC,2024,1.0,0.5,0.0,2.0,5.0,0.333,0.0,False
Taurean Prince,LAL,2024,8.9,2.9,1.5,0.9,27.0,0.442,0.0,False
Payton Pritchard,BOS,2024,9.6,3.2,3.4,0.7,22.3,0.468,0.0,False
Olivier-Maxence Prosper,DAL,2024,3.0,2.0,0.6,0.2,8.4,0.385,0.0,False
Trevelin Queen,ORL,2024,2.9,1.4,1.3,0.5,11.8,0.368,0.0,False
Neemias Queta,BOS,2024,5.5,4.4,0.7,0.5,11.9,0.644,0.0,False
Immanuel Quickley,2TM,2024,17.0,3.8,4.9,1.5,29.2,0.434,0.0,False
Immanuel Quickley,NYK,2024,15.0,2.6,2.5,1.0,24.0,0.454,0.0,False
Immanuel Quickley,TOR,2024,18.6,4.8,6.8,1.8,33.3,0.422,0.0,False
Lester Quiñones,GSW,2024,4.4,1.9,1.0,0.5,10.6,0.397,0.0,False
Jahmi'us Ramsey,TOR,2024,6.7,3.1,1.1,1.0,17.3,0.439,0.0,False
Julius Randle,NYK,2024,24.0,9.2,5.0,3.5,35.4,0.472,0.0,False
Duop Reath,POR,2024,9.1,3.7,1.0,0.8,17.9,0.461,0.0,False
Austin Reaves,LAL,2024,15.9,4.3,5.5,2.1,32.1,0.486,0.0,False
Cam Reddish,LAL,2024,5.4,2.1,1.0,0.6,20.5,0.389,0.0,False
Paul Reed,PHI,2024,7.3,6.0,1.3,0.8,19.4,0.54,0.0,False
Naz Reid,MIN,2024,13.5,5.2,1.3,1.4,24.2,0.477,0.0,False
Jared Rhoden,DET,2024,4.9,1.9,0.8,0.4,14.4,0.5,0.0,False
Josh Richardson,MIA,2024,9.9,2.8,2.4,0.8,25.7,0.444,0.0,False
Nick Richards,CHO,2024,9.7,8.0,0.8,1.1,26.3,0.691,0.0,False
Duncan Robinson,MIA,2024,12.9,2.5,2.8,1.4,28.0,0.45,0.0,False
Jerome Robinson,GSW,2024,1.4,0.3,0.2,0.1,3.7,0.333,0.0,False
Jeremiah Robinson-Earl,NOP,2024,2.9,1.9,0.5,0.4,8.6,0.474,0.0,False
Mitchell Robinson,NYK,2024,5.6,8.5,0.6,0.8,24.8,0.575,0.0,False
Orlando Robinson,MIA,2024,2.8,2.3,0.9,0.5,8.4,0.5,0.0,False
David Roddy,2TM,2024,6.5,3.2,1.2,0.9,18.1,0.403,0.0,False
David Roddy,MEM,2024,8.4,4.2,1.6,1.1,23.2,0.402,0.0,False
David Roddy,PHO,2024,1.3,0.6,0.2,0.2,3.7,0.435,0.0,False
Ryan Rollins,2TM,2024,3.4,1.0,1.1,0.6,6.0,0.519,0.0,False
Ryan Rollins,WAS,2024,4.1,1.1,1.1,0.7,6.6,0.52,0.0,False
Ryan Rollins,MIL,2024,1.0,0.7,1.0,0.3,4.0,0.5,0.0,False
Derrick Rose,MEM,2024,8.0,1.9,3.3,1.3,16.6,0.461,0.0,False
Terry Rozier,2TM,2024,19.8,4.0,5.6,1.7,33.4,0.443,0.0,False
Terry Rozier,CHO,2024,23.2,3.9,6.6,2.2,35.5,0.459,0.0,False
Terry Rozier,MIA,2024,16.4,4.2,4.6,1.3,31.5,0.423,0.0,False
Rayan Rupert,POR,2024,4.0,2.4,1.6,0.8,16.2,0.335,0.0,False
D'Angelo Russell,LAL,2024,18.0,3.1,6.3,2.1,32.7,0.456,0.0,False
Matt Ryan,NOP,2024,5.4,1.4,0.6,0.7,13.9,0.434,0.0,False
Domantas Sabonis,SAC,2024,19.4,13.7,8.2,3.3,35.7,0.594,0.0,False
Luka Šamanić,UTA,2024,4.1,2.4,0.4,0.7,9.4,0.38,0.0,False
Jermaine Samuels,HOU,2024,1.4,0.9,0.2,0.0,4.3,0.643,0.0,False
Adama Sanogo,CHI,2024,4.0,4.0,0.0,0.6,7.3,0.519,0.0,False
Gui Santos,GSW,2024,3.6,2.1,0.6,0.3,8.3,0.509,0.0,False
Dario Šarić,GSW,2024,8.0,4.4,2.3,1.2,17.2,0.466,0.0,False
Olivier Sarr,OKC,2024,2.3,2.4,0.1,0.2,6.5,0.579,0.0,False
Marcus Sasser,DET,2024,8.3,1.8,3.3,1.3,19.0,0.428,0.0,False
Admiral Schofield,ORL,2024,1.1,0.7,0.3,0.2,3.7,0.385,0.0,False
Dennis Schröder,2TM,2024,14.0,3.0,6.1,1.9,31.1,0.435,0.0,False
Dennis Schröder,TOR,2024,13.7,2.7,6.1,1.6,30.6,0.442,0.0,False
Dennis Schröder,BRK,2024,14.6,3.5,6.0,2.4,32.0,0.424,0.0,False
Dereon Seabron,NOP,2024,2.3,1.2,0.8,0.0,9.2,0.308,0.0,False
Alperen Şengün,HOU,2024,21.1,9.3,5.0,2.6,32.5,0.537,0.0,False
Brice Sensabaugh,UTA,2024,7.5,3.2,1.7,1.5,18.3,0.39,0.0,False
Collin Sexton,UTA,2024,18.7,2.6,4.9,2.1,26.6,0.487,0.0,False
Landry Shamet,WAS,2024,7.1,1.3,1.2,0.7,15.8,0.431,0.0,False
Day'Ron Sharpe,BRK,2024,6.8,6.4,1.4,1.1,15.1,0.571,0.0,False
Shaedon Sharpe,POR,2024,15.9,5.0,2.9,2.3,33.1,0.406,0.0,False
Ben Sheppard,IND,2024,4.4,1.6,0.9,0.3,14.3,0.393,0.0,False
Pascal Siakam,2TM,2024,21.7,7.1,4.3,1.8,33.2,0.536,0.0,False
Pascal Siakam,TOR,2024,22.2,6.3,4.9,2.1,34.7,0.522,0.0,False
Pascal Siakam,IND,2024,21.3,7.8,3.7,1.4,31.8,0.549,0.0,False
Ben Simmons,BRK,2024,6.1,7.9,5.7,1.8,23.9,0.581,0.0,False
Kobi Simmons,TOR,2024,5.0,1.8,3.0,0.3,16.8,0.429,0.0,False
Anfernee Simons,POR,2024,22.6,3.6,5.5,2.7,34.4,0.43,0.0,False
Zavier Simpson,MEM,2024,6.0,2.9,3.6,1.4,23.0,0.315,0.0,False
Jericho Sims,NYK,2024,2.0,3.3,0.6,0.4,13.0,0.691,0.0,False
Dmytro Skapintsev,NYK,2024,0.0,0.0,0.0,0.0,1.0,0.0,0.0,False
Jalen Slawson,SAC,2024,0.7,0.6,0.2,0.2,3.1,0.667,0.0,False
Javonte Smart,PHI,2024,0.0,0.0,0.0,0.0,1.0,,0.0,False
Marcus Smart,MEM,2024,14.5,2.7,4.3,3.1,30.3,0.43,0.0,False
Dennis Smith Jr.,BRK,2024,6.6,2.9,3.6,1.2,18.9,0.435,0.0,False
Dru Smith,MIA,2024,4.3,1.6,1.6,0.6,14.6,0.455,0.0,False
Ish Smith,CHO,2024,3.2,1.8,3.4,1.1,17.2,0.418,0.0,False
Jalen Smith,IND,2024,9.9,5.5,1.0,0.7,17.2,0.592,0.0,False
Jabari Smith Jr.,HOU,2024,13.7,8.1,1.6,1.2,31.9,0.454,0.0,False
Nick Smith Jr.,CHO,2024,5.9,1.4,1.2,0.8,14.3,0.391,0.0,False
Terquavion Smith,PHI,2024,3.3,0.3,0.8,0.4,5.3,0.391,0.0,False
Jeremy Sochan,SAS,2024,11.6,6.4,3.4,1.9,29.6,0.438,0.0,False
Pat Spencer,GSW,2024,0.7,0.7,0.8,0.2,4.3,0.5,0.0,False
Jaden Springer,2TM,2024,3.3,1.6,0.9,0.7,10.3,0.399,0.0,False
Jaden Springer,PHI,2024,4.0,1.8,1.1,0.8,11.8,0.39,0.0,False
Jaden Springer,BOS,2024,2.1,1.2,0.5,0.5,7.6,0.433,0.0,False
Lamar Stevens,2TM,2024,7.2,3.3,0.7,0.6,14.7,0.45,0.0,False
Lamar Stevens,BOS,2024,2.8,1.6,0.4,0.5,6.4,0.467,0.0,False
Lamar Stevens,MEM,2024,11.5,5.1,1.1,0.8,23.0,0.446,0.0,False
Isaiah Stewart,DET,2024,10.9,6.6,1.6,1.4,30.9,0.487,0.0,False
Julian Strawther,DEN,2024,4.5,1.2,0.9,0.5,10.9,0.369,0.0,False
Max Strus,CLE,2024,12.2,4.8,4.0,1.6,32.0,0.418,0.0,False
Jalen Suggs,ORL,2024,12.6,3.1,2.7,1.8,27.0,0.471,0.0,False
Cole Swider,MIA,2024,2.3,0.4,0.3,0.4,4.8,0.395,0.0,False
Jae'Sean Tate,HOU,2024,4.1,3.0,1.0,0.6,15.9,0.472,0.0,False
Jayson Tatum,BOS,2024,26.9,8.1,4.9,2.5,35.7,0.471,0.0,False
Terry Taylor,CHI,2024,1.5,1.2,0.3,0.2,6.1,0.513,0.0,False
Garrett Temple,TOR,2024,3.3,1.7,1.0,0.5,10.7,0.372,0.0,False
Dalen Terry,CHI,2024,3.1,1.9,1.4,0.5,11.5,0.439,0.0,False
Daniel Theis,2TM,2024,6.3,4.1,1.0,0.7,16.9,0.532,0.0,False
Daniel Theis,IND,2024,2.0,0.0,0.0,0.0,8.0,0.25,0.0,False
Daniel Theis,LAC,2024,6.3,4.1,1.0,0.7,17.1,0.536,0.0,False
Cam Thomas,BRK,2024,22.5,3.2,2.9,1.9,31.4,0.442,0.0,False
Isaiah Thomas,PHO,2024,1.3,0.0,0.5,0.0,3.2,0.3,0.0,False
Amen Thompson,HOU,2024,9.5,6.6,2.6,1.5,22.4,0.536,0.0,False
Ausar Thompson,DET,2024,8.8,6.4,1.9,1.3,25.1,0.483,0.0,False
Klay Thompson,GSW,2024,17.9,3.3,2.3,1.5,29.7,0.432,0.0,False
Tristan Thompson,CLE,2024,3.3,3.6,1.0,0.6,11.2,0.608,0.0,False
JT Thor,CHO,2024,3.2,2.3,0.5,0.2,12.4,0.437,0.0,False
Matisse Thybulle,POR,2024,5.4,2.1,1.4,0.6,22.9,0.397,0.0,False
Xavier Tillman Sr.,2TM,2024,5.3,3.9,1.4,0.6,18.0,0.434,0.0,False
Xavier Tillman Sr.,MEM,2024,6.0,4.6,1.7,0.9,20.6,0.408,0.0,False
Xavier Tillman Sr.,BOS,2024,4.0,2.7,1.0,0.3,13.7,0.515,0.0,False
Jacob Toppin,NYK,2024,1.4,0.8,0.3,0.1,4.2,0.556,0.0,False
Obi Toppin,IND,2024,10.3,3.9,1.6,0.8,21.1,0.573,0.0,False
Juan Toscano-Anderson,SAC,2024,0.6,1.3,0.4,0.2,4.8,0.25,0.0,False
Karl-Anthony Towns,MIN,2024,21.8,8.3,3.0,2.9,32.7,0.504,0.0,False
Gary Trent Jr.,TOR,2024,13.7,2.6,1.7,0.7,28.1,0.426,0.0,False
Oscar Tshiebwe,IND,2024,3.3,2.0,0.3,0.0,5.3,0.5,0.0,False
P.J. Tucker,2TM,2024,1.7,2.7,0.5,0.3,15.7,0.36,0.0,False
P.J. Tucker,PHI,2024,2.0,4.7,0.0,0.7,22.0,0.4,0.0,False
P.J. Tucker,LAC,2024,1.6,2.5,0.6,0.2,15.0,0.356,0.0,False
Myles Turner,IND,2024,17.1,6.9,1.3,1.4,27.0,0.524,0.0,False
Hunter Tyson,DEN,2024,1.1,0.5,0.1,0.1,2.7,0.4,0.0,False
Stanley Umude,DET,2024,5.3,2.1,0.5,0.6,12.8,0.44,0.0,False
Jonas Valančiūnas,NOP,2024,12.2,8.8,2.1,1.4,23.5,0.559,0.0,False
Jarred Vanderbilt,LAL,2024,5.2,4.8,1.2,1.0,20.0,0.518,0.0,False
Fred VanVleet,HOU,2024,17.4,3.8,8.1,1.7,36.8,0.416,0.0,False
Devin Vassell,SAS,2024,19.5,3.8,4.1,1.6,33.1,0.472,0.0,False
Sasha Vezenkov,SAC,2024,5.4,2.3,0.5,0.3,12.2,0.44,0.0,False
Gabe Vincent,LAL,2024,3.1,0.8,1.9,0.5,19.8,0.306,0.0,False
Nikola Vučević,CHI,2024,18.0,10.5,3.3,1.6,34.3,0.484,0.0,False
Tristan Vukcevic,WAS,2024,8.5,3.6,1.3,1.0,15.3,0.433,0.0,False
Dean Wade,CLE,2024,5.4,4.0,0.8,0.4,20.5,0.414,0.0,False
Franz Wagner,ORL,2024,19.7,5.3,3.7,1.9,32.5,0.482,0.0,False
Moritz Wagner,ORL,2024,10.9,4.3,1.2,1.2,17.7,0.601,0.0,False
Ish Wainright,2TM,2024,2.1,1.3,0.1,0.2,5.6,0.292,0.0,False
Ish Wainright,POR,2024,2.9,1.3,0.0,0.1,6.6,0.333,0.0,False
Ish Wainright,PHO,2024,0.8,1.3,0.3,0.3,4.0,0.167,0.0,False
Jabari Walker,POR,2024,8.9,7.1,1.0,0.9,23.6,0.46,0.0,False
Jarace Walker,IND,2024,3.6,1.9,1.2,0.5,10.3,0.409,0.0,False
Lonnie Walker IV,BRK,2024,9.7,2.2,1.3,0.9,17.4,0.423,0.0,False
Cason Wallace,OKC,2024,6.8,2.3,1.5,0.5,20.6,0.491,0.0,False
Jordan Walsh,BOS,2024,1.7,2.2,0.6,0.3,9.2,0.4,0.0,False
T.J. Warren,MIN,2024,3.7,2.0,0.8,0.4,11.4,0.439,0.0,False
P.J. Washington,2TM,2024,12.9,5.6,1.9,1.3,30.4,0.436,0.0,False
P.J. Washington,CHO,2024,13.6,5.3,2.2,1.5,29.2,0.446,0.0,False
P.J. Washington,DAL,2024,11.7,6.2,1.5,1.0,32.2,0.421,0.0,False
TyTy Washington Jr.,MIL,2024,1.3,0.5,0.5,0.2,5.1,0.3,0.0,False
Yuta Watanabe,2TM,2024,3.4,1.6,0.4,0.6,13.6,0.353,0.0,False
Yuta Watanabe,PHO,2024,3.6,1.6,0.3,0.6,13.2,0.361,0.0,False
Yuta Watanabe,MEM,2024,2.6,1.8,1.0,0.6,16.4,0.316,0.0,False
Lindy Waters III,OKC,2024,3.6,1.1,0.6,0.2,7.4,0.471,0.0,False
Trendon Watford,BRK,2024,6.9,3.1,1.3,1.0,13.6,0.527,0.0,False
Peyton Watson,DEN,2024,6.7,3.2,1.1,0.7,18.6,0.465,0.0,False
Victor Wembanyama,SAS,2024,21.4,10.6,3.9,3.7,29.7,0.465,0.0,False
Blake Wesley,SAS,2024,4.4,1.5,2.7,0.9,14.4,0.474,0.0,False
Russell Westbrook,LAC,2024,11.1,5.0,4.5,2.1,22.5,0.454,0.0,False
Coby White,CHI,2024,19.1,4.5,5.1,2.1,36.5,0.447,0.0,False
Dariq Whitehead,BRK,2024,1.5,2.0,1.5,0.0,12.0,0.2,0.0,False
Derrick White,BOS,2024,15.2,4.2,5.2,1.5,32.6,0.461,0.0,False
Jack White,MEM,2024,1.5,3.0,0.3,0.5,16.0,0.125,0.0,False
Cam Whitmore,HOU,2024,12.3,3.8,0.7,1.0,18.7,0.454,0.0,False
Aaron Wiggins,OKC,2024,6.9,2.4,1.1,0.7,15.7,0.562,0.0,False
Andrew Wiggins,GSW,2024,13.2,4.5,1.7,1.2,27.0,0.453,0.0,False
Lindell Wigginton,MIL,2024,2.0,0.0,0.0,0.3,2.7,0.4,0.0,False
Alondes Williams,MIA,2024,0.7,0.1,0.0,0.3,2.3,0.25,0.0,False
Brandon Williams,DAL,2024,3.2,0.8,1.0,0.4,6.6,0.37,0.0,False
Grant Williams,2TM,2024,10.3,4.2,2.3,1.4,28.0,0.456,0.0,False
Grant Williams,DAL,2024,8.1,3.6,1.7,1.1,26.4,0.413,0.0,False
Grant Williams,CHO,2024,13.9,5.1,3.2,1.9,30.6,0.503,0.0,False
Jalen Williams,OKC,2024,19.1,4.0,4.5,1.7,31.3,0.54,0.0,False
Jaylin Williams,OKC,2024,4.0,3.4,1.6,0.5,13.0,0.417,0.0,False
Jeenathan Williams,HOU,2024,2.9,1.0,0.3,0.2,5.9,0.54,0.0,False
Kenrich Williams,OKC,2024,4.7,3.0,1.3,0.5,14.9,0.468,0.0,False
Mark Williams,CHO,2024,12.7,9.7,1.2,0.9,26.7,0.649,0.0,False
Malik Williams,TOR,2024,2.7,5.4,0.3,0.4,15.3,0.265,0.0,False
Patrick Williams,CHI,2024,10.0,3.9,1.5,1.3,27.3,0.443,0.0,False
Robert Williams,POR,2024,6.8,6.3,0.8,1.2,19.8,0.654,0.0,False
Vince Williams Jr.,MEM,2024,10.0,5.6,3.4,1.8,27.6,0.446,0.0,False
Zion Williamson,NOP,2024,22.9,5.8,5.0,2.8,31.5,0.57,0.0,False
Ziaire Williams,MEM,2024,8.2,3.5,1.5,1.3,20.4,0.397,0.0,False
D.J. Wilson,PHI,2024,5.0,1.0,1.0,0.0,7.5,0.667,0.0,False
Jalen Wilson,BRK,2024,5.0,3.0,1.0,0.4,15.4,0.425,0.0,False
Dylan Windler,3TM,2024,2.5,0.9,0.6,0.1,6.4,0.5,0.0,False
Dylan Windler,NYK,2024,1.0,0.3,0.3,0.0,2.3,0.5,0.0,False
Dylan Windler,LAL,2024,1.5,0.4,0.8,0.0,3.5,0.444,0.0,False
Dylan Windler,ATL,2024,4.7,2.0,0.5,0.3,12.2,0.526,0.0,False
James Wiseman,DET,2024,7.1,5.3,0.9,1.0,17.3,0.613,0.0,False
Isaiah Wong,IND,2024,2.0,0.0,0.0,0.0,4.0,0.333,0.0,False
Christian Wood,LAL,2024,6.9,5.1,1.0,1.0,17.4,0.466,0.0,False
Delon Wright,2TM,2024,4.5,1.8,2.5,0.3,15.8,0.394,0.0,False
Delon Wright,WAS,2024,4.1,1.8,2.5,0.3,13.8,0.393,0.0,False
Delon Wright,MIA,2024,5.4,1.9,2.6,0.2,20.4,0.394,0.0,False
Thaddeus Young,2TM,2024,4.2,3.1,1.7,0.5,13.3,0.602,0.0,False
Thaddeus Young,TOR,2024,5.0,3.3,2.2,0.5,15.2,0.621,0.0,False
Thaddeus Young,PHO,2024,2.3,2.8,0.7,0.4,8.9,0.524,0.0,False
Trae Young,ATL,2024,25.7,2.8,10.8,4.4,36.0,0.43,0.0,False
Omer Yurtseven,UTA,2024,4.6,4.3,0.6,0.8,11.4,0.538,0.0,False
Cody Zeller,NOP,2024,1.8,2.6,0.9,0.4,7.4,0.419,0.0,False
Ivica Zubac,LAC,2024,11.7,9.2,1.4,1.2,26.4,0.649,0.0,False
Precious Achiuwa,TOR,2023,9.2,6.0,0.9,1.1,20.7,0.485,0.0,False
Steven Adams,MEM,2023,8.6,11.5,2.3,1.9,27.0,0.597,0.0,False
Bam Adebayo,MIA,2023,20.4,9.2,3.2,2.5,34.6,0.54,0.0,False
Ochai Agbaji,UTA,2023,7.9,2.1,1.1,0.7,20.5,0.427,0.0,False
Santi Aldama,MEM,2023,9.0,4.8,1.3,0.8,21.8,0.47,0.0,False
Nickeil Alexander-Walker,2TM,2023,6.2,1.7,1.8,0.9,15.0,0.444,0.0,False
Nickeil Alexander-Walker,UTA,2023,6.3,1.6,2.1,1.3,14.7,0.488,0.0,False
Nickeil Alexander-Walker,MIN,2023,5.9,1.8,1.4,0.4,15.5,0.384,0.0,False
Grayson Allen,MIL,2023,10.4,3.3,2.3,1.0,27.4,0.44,0.0,False
Jarrett Allen,CLE,2023,14.3,9.8,1.7,1.4,32.6,0.644,0.0,False
Jose Alvarado,NOP,2023,9.0,2.3,3.0,1.3,21.5,0.411,0.0,False
Kyle Anderson,MIN,2023,9.4,5.3,4.9,1.5,28.4,0.509,0.0,False
Giannis Antetokounmpo,MIL,2023,31.1,11.8,5.7,3.9,32.1,0.553,0.0,False
Thanasis Antetokounmpo,MIL,2023,1.4,1.2,0.4,0.3,5.6,0.435,0.0,False
Cole Anthony,ORL,2023,13.0,4.8,3.9,1.5,25.9,0.454,0.0,False
OG Anunoby,TOR,2023,16.8,5.0,2.0,2.0,35.6,0.476,0.0,False
Ryan Arcidiacono,2TM,2023,1.3,0.8,1.2,0.4,8.6,0.243,0.0,False
Ryan Arcidiacono,NYK,2023,0.3,0.4,0.2,0.1,2.4,0.2,0.0,False
Ryan Arcidiacono,POR,2023,2.6,1.2,2.3,0.7,16.2,0.25,0.0,False
Deni Avdija,WAS,2023,9.2,6.4,2.8,1.6,26.6,0.437,0.0,False
Deandre Ayton,PHO,2023,18.0,10.0,1.7,1.8,30.4,0.589,0.0,False
Udoka Azubuike,UTA,2023,3.5,3.3,0.3,0.5,10.0,0.819,0.0,False
Marvin Bagley III,DET,2023,12.0,6.4,0.9,1.1,23.6,0.529,0.0,False
Patrick Baldwin Jr.,GSW,2023,3.9,1.3,0.4,0.4,7.3,0.394,0.0,False
LaMelo Ball,CHO,2023,23.3,6.4,8.4,3.6,35.2,0.411,0.0,False
Mo Bamba,2TM,2023,6.6,4.6,0.9,0.6,15.7,0.485,0.0,False
Mo Bamba,ORL,2023,7.3,4.6,1.1,0.6,17.0,0.495,0.0,False
Mo Bamba,LAL,2023,3.7,4.6,0.4,0.9,9.8,0.407,0.0,False
Paolo Banchero,ORL,2023,20.0,6.9,3.7,2.8,33.8,0.427,0.0,False
Desmond Bane,MEM,2023,21.5,5.0,4.4,2.2,31.7,0.479,0.0,False
Dalano Banton,TOR,2023,4.6,1.5,1.2,0.6,9.0,0.423,0.0,False
Dominick Barlow,SAS,2023,3.9,3.6,0.9,0.5,14.6,0.535,0.0,False
Harrison Barnes,SAC,2023,15.0,4.5,1.6,1.0,32.5,0.473,0.0,False
Scottie Barnes,TOR,2023,15.3,6.6,4.8,2.0,34.8,0.456,0.0,False
RJ Barrett,NYK,2023,19.6,5.0,2.8,2.2,33.9,0.434,0.0,False
Will Barton,2TM,2023,6.8,2.4,2.0,0.9,17.7,0.379,0.0,False
Will Barton,WAS,2023,7.7,2.8,2.4,1.1,19.6,0.386,0.0,False
Will Barton,TOR,2023,4.5,1.6,1.1,0.2,13.2,0.354,0.0,False
Charles Bassey,SAS,2023,5.7,5.5,1.4,1.2,14.5,0.644,0.0,False
Keita Bates-Diop,SAS,2023,9.7,3.7,1.5,0.8,21.7,0.508,0.0,False
Nicolas Batum,LAC,2023,6.1,3.8,1.6,0.6,21.9,0.42,0.0,False
Darius Bazley,2TM,2023,5.2,3.2,0.9,0.6,14.3,0.454,0.0,False
Darius Bazley,OKC,2023,5.4,3.4,0.9,0.6,15.4,0.449,0.0,False
Darius Bazley,PHO,2023,4.0,2.3,0.9,0.7,8.7,0.48,0.0,False
Bradley Beal,WAS,2023,23.2,3.9,5.4,2.9,33.5,0.506,0.0,False
Malik Beasley,2TM,2023,12.7,3.5,1.5,1.1,25.8,0.395,0.0,False
Malik Beasley,UTA,2023,13.4,3.6,1.7,1.1,26.8,0.396,0.0,False
Malik Beasley,LAL,2023,11.1,3.3,1.2,1.2,23.9,0.392,0.0,False
MarJon Beauchamp,MIL,2023,5.1,2.2,0.7,0.9,13.5,0.395,0.0,False
Dāvis Bertāns,DAL,2023,4.6,1.2,0.5,0.2,10.9,0.431,0.0,False
Patrick Beverley,2TM,2023,6.2,3.7,2.9,0.9,27.1,0.4,0.0,False
Patrick Beverley,LAL,2023,6.4,3.1,2.6,0.9,26.9,0.402,0.0,False
Patrick Beverley,CHI,2023,5.8,4.9,3.5,0.8,27.5,0.395,0.0,False
Saddiq Bey,2TM,2023,13.8,4.7,1.5,0.9,27.6,0.422,0.0,False
Saddiq Bey,DET,2023,14.8,4.7,1.6,1.0,28.8,0.404,0.0,False
Saddiq Bey,ATL,2023,11.6,4.8,1.4,0.7,25.2,0.47,0.0,False
Khem Birch,TOR,2023,2.2,1.3,0.4,0.4,8.1,0.594,0.0,False
Goga Bitadze,2TM,2023,4.4,3.6,1.0,0.6,12.0,0.552,0.0,False
Goga Bitadze,IND,2023,3.3,2.3,0.9,0.6,9.6,0.519,0.0,False
Goga Bitadze,ORL,2023,5.8,5.2,1.2,0.6,15.0,0.575,0.0,False
Bismack Biyombo,PHO,2023,4.3,4.3,0.9,0.8,14.3,0.578,0.0,False
Buddy Boeheim,DET,2023,1.6,0.6,0.4,0.0,9.0,0.185,0.0,False
Bogdan Bogdanović,ATL,2023,14.0,3.1,2.8,1.2,27.9,0.447,0.0,False
Bojan Bogdanović,DET,2023,21.6,3.8,2.6,2.3,32.1,0.488,0.0,False
Bol Bol,ORL,2023,9.1,5.8,1.0,1.6,21.5,0.546,0.0,False
Leandro Bolmaro,UTA,2023,0.4,0.5,0.5,0.5,4.9,0.15,0.0,False
Devin Booker,PHO,2023,27.8,4.5,5.5,2.7,34.6,0.494,0.0,False
Brandon Boston Jr.,LAC,2023,6.5,1.4,0.9,0.5,11.3,0.418,0.0,False
Chris Boucher,TOR,2023,9.4,5.5,0.4,0.5,20.0,0.493,0.0,False
James Bouknight,CHO,2023,5.6,2.1,1.2,0.9,15.1,0.358,0.0,False
Jamaree Bouyea,2TM,2023,3.0,1.2,0.8,0.8,14.2,0.429,0.0,False
Jamaree Bouyea,MIA,2023,3.8,1.3,1.0,1.0,16.3,0.462,0.0,False
Jamaree Bouyea,WAS,2023,0.0,1.0,0.0,0.0,6.0,0.0,0.0,False
Tony Bradley,CHI,2023,1.6,0.9,0.1,0.1,2.8,0.5,0.0,False
Malaki Branham,SAS,2023,10.2,2.7,1.9,1.2,23.5,0.44,0.0,False
Jarrell Brantley,UTA,2023,5.5,1.5,0.8,0.5,9.8,0.571,0.0,False
Christian Braun,DEN,2023,4.7,2.4,0.8,0.5,15.5,0.495,0.0,False
Mikal Bridges,2TM,2023,20.1,4.4,3.3,1.5,35.7,0.468,0.0,False
Mikal Bridges,PHO,2023,17.2,4.3,3.6,1.4,36.4,0.463,0.0,False
Mikal Bridges,BRK,2023,26.1,4.5,2.7,1.8,34.2,0.475,0.0,False
Oshae Brissett,IND,2023,6.1,3.4,0.7,0.5,16.7,0.386,0.0,False
Malcolm Brogdon,BOS,2023,14.9,4.2,3.7,1.5,26.0,0.484,0.0,False
Dillon Brooks,MEM,2023,14.3,3.3,2.6,1.4,30.3,0.396,0.0,False
Bruce Brown,DEN,2023,11.5,4.1,3.4,1.5,28.5,0.483,0.0,False
Greg Brown III,POR,2023,1.8,1.2,0.2,0.4,5.8,0.393,0.0,False
Jaylen Brown,BOS,2023,26.6,6.9,3.5,2.9,35.9,0.491,0.0,False
Kendall Brown,IND,2023,1.5,1.0,0.5,0.3,6.7,0.571,0.0,False
Moses Brown,2TM,2023,4.3,3.9,0.1,0.4,8.2,0.635,0.0,False
Moses Brown,LAC,2023,4.6,4.1,0.1,0.4,8.5,0.635,0.0,False
Moses Brown,BRK,2023,0.0,0.0,0.0,0.5,3.0,,0.0,False
Sterling Brown,LAL,2023,0.0,2.0,0.5,0.0,6.0,0.0,0.0,False
Troy Brown Jr.,LAL,2023,7.1,4.1,1.3,0.6,24.5,0.43,0.0,False
Jalen Brunson,NYK,2023,24.0,3.5,6.2,2.1,35.0,0.491,0.0,False
Thomas Bryant,2TM,2023,9.8,5.7,0.5,0.6,18.3,0.623,0.0,False
Thomas Bryant,LAL,2023,12.1,6.8,0.7,0.7,21.4,0.654,0.0,False
Thomas Bryant,DEN,2023,4.6,3.3,0.1,0.6,11.4,0.485,0.0,False
Reggie Bullock,DAL,2023,7.2,3.6,1.4,0.5,30.3,0.409,0.0,False
Alec Burks,DET,2023,12.8,3.1,2.2,1.1,22.0,0.436,0.0,False
Deonte Burton,SAC,2023,0.0,0.0,0.0,0.0,3.0,0.0,0.0,False
Jared Butler,OKC,2023,6.2,0.7,1.3,0.8,12.8,0.469,0.0,False
Jimmy Butler,MIA,2023,22.9,5.9,5.3,1.6,33.4,0.539,0.0,False
John Butler,POR,2023,2.4,0.9,0.6,0.1,11.6,0.321,0.0,False
Jamal Cain,MIA,2023,5.4,2.9,0.7,0.3,13.3,0.561,0.0,False
Kentavious Caldwell-Pope,DEN,2023,10.8,2.7,2.4,1.1,31.3,0.462,0.0,False
Facundo Campazzo,DAL,2023,1.3,0.3,1.1,0.4,6.5,0.231,0.0,False
Vlatko Čančar,DEN,2023,5.0,2.1,1.3,0.6,14.8,0.476,0.0,False
Clint Capela,ATL,2023,12.0,11.0,0.9,0.8,26.6,0.653,0.0,False
Vernon Carey Jr.,WAS,2023,0.5,1.0,0.3,0.2,2.5,0.25,0.0,False
Jevon Carter,MIL,2023,8.0,2.5,2.4,1.0,22.3,0.423,0.0,False
Michael Carter-Williams,ORL,2023,4.3,1.3,1.8,1.0,11.0,0.429,0.0,False
Wendell Carter Jr.,ORL,2023,15.2,8.7,2.3,1.9,29.6,0.525,0.0,False
Alex Caruso,CHI,2023,5.6,2.9,2.9,1.1,23.5,0.455,0.0,False
Justin Champagnie,2TM,2023,2.2,1.6,0.8,0.0,6.8,0.333,0.0,False
Justin Champagnie,TOR,2023,2.0,1.3,0.3,0.0,3.7,1.0,0.0,False
Justin Champagnie,BOS,2023,2.5,2.0,1.5,0.0,11.5,0.167,0.0,False
Julian Champagnie,2TM,2023,9.7,3.5,0.6,0.6,18.8,0.454,0.0,False
Julian Champagnie,PHI,2023,0.0,0.0,0.0,0.0,3.5,0.0,0.0,False
Julian Champagnie,SAS,2023,11.0,4.0,0.7,0.7,20.9,0.461,0.0,False
Kennedy Chandler,MEM,2023,2.2,1.1,1.6,0.5,7.8,0.422,0.0,False
Josh Christopher,HOU,2023,5.8,1.1,1.1,0.9,12.3,0.465,0.0,False
Max Christie,LAL,2023,3.1,1.8,0.5,0.3,12.5,0.415,0.0,False
Brandon Clarke,MEM,2023,10.0,5.5,1.3,1.0,19.5,0.656,0.0,False
Jordan Clarkson,UTA,2023,20.8,4.0,4.4,3.0,32.6,0.444,0.0,False
Nic Claxton,BRK,2023,12.6,9.2,1.9,1.3,29.9,0.705,0.0,False
Amir Coffey,LAC,2023,3.4,1.1,1.1,0.4,12.5,0.386,0.0,False
John Collins,ATL,2023,13.1,6.5,1.2,1.1,30.0,0.508,0.0,False
Zach Collins,SAS,2023,11.6,6.4,2.9,2.0,22.9,0.518,0.0,False
Chance Comanche,POR,2023,7.0,3.0,0.0,0.0,21.0,0.6,0.0,False
Mike Conley,2TM,2023,11.9,2.7,6.7,1.5,30.3,0.428,0.0,False
Mike Conley,UTA,2023,10.7,2.5,7.7,1.7,29.7,0.408,0.0,False
Mike Conley,MIN,2023,14.0,3.1,5.0,1.2,31.4,0.46,0.0,False
Pat Connaughton,MIL,2023,7.6,4.6,1.3,0.5,23.7,0.392,0.0,False
Xavier Cooks,WAS,2023,3.8,3.8,0.6,0.8,12.6,0.607,0.0,False
Robert Covington,LAC,2023,6.0,3.5,1.2,0.7,16.2,0.445,0.0,False
Torrey Craig,PHO,2023,7.4,5.4,1.5,0.9,24.7,0.456,0.0,False
Jae Crowder,MIL,2023,6.9,3.8,1.5,0.4,18.9,0.479,0.0,False
Jarrett Culver,ATL,2023,4.4,3.8,0.6,0.7,13.7,0.395,0.0,False
Cade Cunningham,DET,2023,19.9,6.2,6.0,3.3,33.3,0.415,0.0,False
Seth Curry,BRK,2023,9.2,1.6,1.6,0.8,19.9,0.463,0.0,False
Stephen Curry,GSW,2023,29.4,6.1,6.3,3.2,34.7,0.493,0.0,False
Dyson Daniels,NOP,2023,3.8,3.2,2.3,1.0,17.7,0.418,0.0,False
Anthony Davis,LAL,2023,25.9,12.5,2.6,2.2,34.0,0.563,0.0,False
JD Davison,BOS,2023,1.6,0.8,0.9,0.3,5.5,0.421,0.0,False
Johnny Davis,WAS,2023,5.8,2.3,1.0,0.6,15.1,0.386,0.0,False
Terence Davis,SAC,2023,6.7,2.2,1.0,0.8,13.1,0.423,0.0,False
Darius Days,HOU,2023,3.8,1.5,0.3,0.0,6.3,0.417,0.0,False
Dewayne Dedmon,2TM,2023,5.2,3.5,0.7,0.7,11.2,0.51,0.0,False
Dewayne Dedmon,MIA,2023,5.7,3.6,0.5,0.6,11.7,0.496,0.0,False
Dewayne Dedmon,PHI,2023,3.5,3.1,1.3,0.8,9.5,0.591,0.0,False
Matthew Dellavedova,SAC,2023,1.5,0.4,1.3,0.3,6.7,0.34,0.0,False
DeMar DeRozan,CHI,2023,24.5,4.6,5.1,2.1,36.2,0.504,0.0,False
Moussa Diabaté,LAC,2023,2.7,2.3,0.2,0.4,8.9,0.511,0.0,False
Mamadi Diakite,CLE,2023,2.6,1.4,0.4,0.5,8.0,0.48,0.0,False
Hamidou Diallo,DET,2023,9.3,3.5,1.0,1.3,17.8,0.573,0.0,False
Gorgui Dieng,SAS,2023,3.9,3.5,1.7,1.0,11.5,0.385,0.0,False
Ousmane Dieng,OKC,2023,4.9,2.7,1.2,0.7,14.6,0.42,0.0,False
Spencer Dinwiddie,2TM,2023,17.3,3.4,6.5,1.8,34.5,0.438,0.0,False
Spencer Dinwiddie,DAL,2023,17.7,3.1,5.3,1.7,34.1,0.455,0.0,False
Spencer Dinwiddie,BRK,2023,16.5,4.1,9.1,2.1,35.3,0.404,0.0,False
Donte DiVincenzo,GSW,2023,9.4,4.5,3.5,1.6,26.3,0.435,0.0,False
Luka Dončić,DAL,2023,32.4,8.6,8.0,3.6,36.2,0.496,0.0,False
Tyler Dorsey,DAL,2023,3.0,0.7,0.0,0.0,2.7,0.8,0.0,False
Luguentz Dort,OKC,2023,13.7,4.6,2.1,1.2,30.7,0.388,0.0,False
Ayo Dosunmu,CHI,2023,8.6,2.8,2.6,1.2,26.2,0.493,0.0,False
Devon Dotson,WAS,2023,0.5,1.7,1.3,0.5,8.8,0.1,0.0,False
Jeff Dowtin,TOR,2023,2.4,0.9,1.2,0.2,10.4,0.439,0.0,False
PJ Dozier,SAC,2023,1.4,0.9,0.6,0.3,4.9,0.303,0.0,False
Goran Dragić,2TM,2023,6.3,1.4,2.6,1.1,15.0,0.421,0.0,False
Goran Dragić,CHI,2023,6.4,1.4,2.7,1.1,15.4,0.425,0.0,False
Goran Dragić,MIL,2023,5.6,1.7,1.7,1.0,11.9,0.389,0.0,False
Andre Drummond,CHI,2023,6.0,6.6,0.5,1.1,12.7,0.606,0.0,False
Chris Duarte,IND,2023,7.9,2.5,1.4,0.9,19.5,0.369,0.0,False
David Duke Jr.,BRK,2023,3.7,1.3,0.9,0.8,9.9,0.462,0.0,False
Kris Dunn,UTA,2023,13.2,4.5,5.6,1.6,25.8,0.537,0.0,False
Kevin Durant,2TM,2023,29.1,6.7,5.0,3.3,35.6,0.56,0.0,False
Kevin Durant,BRK,2023,29.7,6.7,5.3,3.5,36.0,0.559,0.0,False
Kevin Durant,PHO,2023,26.0,6.4,3.5,2.5,33.6,0.57,0.0,False
Jalen Duren,DET,2023,9.1,8.9,1.1,1.4,24.9,0.648,0.0,False
Tari Eason,HOU,2023,9.3,6.0,1.1,1.2,21.5,0.448,0.0,False
Anthony Edwards,MIN,2023,24.6,5.8,4.4,3.3,36.0,0.459,0.0,False
Kessler Edwards,2TM,2023,2.8,1.7,0.6,0.4,10.7,0.387,0.0,False
Kessler Edwards,BRK,2023,1.1,1.0,0.1,0.3,5.6,0.25,0.0,False
Kessler Edwards,SAC,2023,3.9,2.1,1.0,0.4,13.9,0.435,0.0,False
Keon Ellis,SAC,2023,1.5,0.5,0.4,0.1,4.4,0.438,0.0,False
Joel Embiid,PHI,2023,33.1,10.2,4.2,3.4,34.6,0.548,0.0,False
Drew Eubanks,POR,2023,6.6,5.4,1.3,0.9,20.3,0.641,0.0,False
Bruno Fernando,2TM,2023,3.9,3.5,0.8,0.6,10.4,0.527,0.0,False
Bruno Fernando,HOU,2023,4.1,3.9,1.0,0.6,11.7,0.516,0.0,False
Bruno Fernando,ATL,2023,3.4,1.9,0.1,0.6,5.1,0.579,0.0,False
Dorian Finney-Smith,2TM,2023,8.3,4.8,1.5,0.9,30.4,0.391,0.0,False
Dorian Finney-Smith,DAL,2023,9.1,4.7,1.5,0.9,32.2,0.416,0.0,False
Dorian Finney-Smith,BRK,2023,7.2,4.9,1.6,1.0,27.7,0.351,0.0,False
Malachi Flynn,TOR,2023,4.6,1.4,1.3,0.5,13.0,0.36,0.0,False
Simone Fontecchio,UTA,2023,6.3,1.7,0.8,0.8,14.7,0.369,0.0,False
Bryn Forbes,MIN,2023,3.6,0.6,0.7,0.5,10.7,0.361,0.0,False
Trent Forrest,ATL,2023,2.3,1.6,1.7,0.7,12.0,0.417,0.0,False
Michael Foster Jr.,PHI,2023,0.0,0.0,0.0,0.0,1.0,,0.0,False
Evan Fournier,NYK,2023,6.1,1.8,1.3,0.8,17.0,0.337,0.0,False
De'Aaron Fox,SAC,2023,25.0,4.2,6.1,2.5,33.4,0.512,0.0,False
Markelle Fultz,ORL,2023,14.0,3.9,5.7,2.3,29.6,0.514,0.0,False
Wenyen Gabriel,LAL,2023,5.5,4.2,0.5,0.7,15.1,0.596,0.0,False
Daniel Gafford,WAS,2023,9.0,5.6,1.1,1.1,20.6,0.732,0.0,False
Darius Garland,CLE,2023,21.6,2.7,7.8,2.9,35.5,0.462,0.0,False
Usman Garuba,HOU,2023,3.0,4.1,0.9,0.6,12.9,0.486,0.0,False
Luka Garza,MIN,2023,6.5,2.3,0.6,0.5,8.7,0.543,0.0,False
Rudy Gay,UTA,2023,5.2,2.9,1.0,0.7,14.6,0.38,0.0,False
Paul George,LAC,2023,23.8,6.1,5.1,3.1,34.6,0.457,0.0,False
Taj Gibson,WAS,2023,3.4,1.9,0.7,0.5,9.8,0.52,0.0,False
Josh Giddey,OKC,2023,16.6,7.9,6.2,2.8,31.1,0.482,0.0,False
Shai Gilgeous-Alexander,OKC,2023,31.4,4.8,5.5,2.8,35.5,0.51,0.0,False
Anthony Gill,WAS,2023,3.3,1.7,0.6,0.3,10.6,0.538,0.0,False
Jacob Gilyard,MEM,2023,3.0,4.0,7.0,2.0,41.0,0.333,0.0,False
Rudy Gobert,MIN,2023,13.4,11.6,1.2,1.7,30.7,0.659,0.0,False
Jordan Goodwin,WAS,2023,6.6,3.3,2.7,0.9,17.8,0.448,0.0,False
Aaron Gordon,DEN,2023,16.3,6.6,3.0,1.4,30.2,0.564,0.0,False
Eric Gordon,2TM,2023,12.4,1.9,2.7,1.5,28.5,0.446,0.0,False
Eric Gordon,HOU,2023,13.1,2.1,2.9,1.8,30.2,0.439,0.0,False
Eric Gordon,LAC,2023,11.0,1.7,2.1,1.0,24.9,0.463,0.0,False
Devonte' Graham,2TM,2023,7.4,1.7,2.7,0.7,18.3,0.374,0.0,False
Devonte' Graham,NOP,2023,5.3,1.4,2.2,0.5,15.3,0.368,0.0,False
Devonte' Graham,SAS,2023,13.0,2.5,4.0,1.3,26.4,0.38,0.0,False
Jerami Grant,POR,2023,20.5,4.5,2.4,1.8,35.7,0.475,0.0,False
RaiQuan Gray,BRK,2023,16.0,9.0,7.0,4.0,35.0,0.5,0.0,False
A.J. Green,MIL,2023,4.4,1.3,0.6,0.3,9.9,0.424,0.0,False
Danny Green,2TM,2023,5.5,1.3,0.5,0.9,12.5,0.449,0.0,False
Danny Green,MEM,2023,3.0,1.3,0.7,1.0,14.3,0.273,0.0,False
Danny Green,CLE,2023,6.5,1.3,0.5,0.9,11.9,0.5,0.0,False
Draymond Green,GSW,2023,8.5,7.2,6.8,2.8,31.5,0.527,0.0,False
JaMychal Green,GSW,2023,6.4,3.6,0.9,0.9,14.0,0.54,0.0,False
Javonte Green,CHI,2023,5.2,2.8,0.7,0.6,15.0,0.565,0.0,False
Jalen Green,HOU,2023,22.1,3.7,3.7,2.6,34.2,0.416,0.0,False
Jeff Green,DEN,2023,7.8,2.6,1.2,0.8,19.5,0.488,0.0,False
Josh Green,DAL,2023,9.1,3.0,1.7,1.2,25.7,0.537,0.0,False
AJ Griffin,ATL,2023,8.9,2.1,1.0,0.6,19.5,0.465,0.0,False
Blake Griffin,BOS,2023,4.1,3.8,1.5,0.5,13.9,0.485,0.0,False
Quentin Grimes,NYK,2023,11.3,3.2,2.1,1.0,29.9,0.468,0.0,False
Rui Hachimura,2TM,2023,11.2,4.5,0.9,0.8,23.3,0.486,0.0,False
Rui Hachimura,WAS,2023,13.0,4.3,1.2,1.2,24.3,0.488,0.0,False
Rui Hachimura,LAL,2023,9.6,4.7,0.7,0.5,22.4,0.485,0.0,False
Tyrese Haliburton,IND,2023,20.7,3.7,10.4,2.5,33.6,0.49,0.0,False
Jordan Hall,SAS,2023,3.1,1.3,1.2,0.8,9.2,0.321,0.0,False
R.J. Hampton,2TM,2023,6.4,1.9,1.1,0.9,16.0,0.43,0.0,False
R.J. Hampton,ORL,2023,5.7,1.5,1.3,0.8,13.9,0.439,0.0,False
R.J. Hampton,DET,2023,7.3,2.3,1.0,1.0,18.5,0.423,0.0,False
Tim Hardaway Jr.,DAL,2023,14.4,3.5,1.8,0.8,30.3,0.401,0.0,False
James Harden,PHI,2023,21.0,6.1,10.7,3.4,36.8,0.441,0.0,False
Jaden Hardy,DAL,2023,8.8,1.9,1.4,1.0,14.8,0.438,0.0,False
Ron Harper Jr.,TOR,2023,2.2,0.8,0.4,0.0,5.3,0.5,0.0,False
Montrezl Harrell,PHI,2023,5.6,2.8,0.6,0.6,11.9,0.598,0.0,False
Gary Harris,ORL,2023,8.3,2.0,1.2,0.6,24.7,0.45,0.0,False
Joe Harris,BRK,2023,7.6,2.2,1.4,0.6,20.6,0.457,0.0,False
Kevon Harris,ORL,2023,4.1,2.1,0.5,0.6,13.4,0.439,0.0,False
Shaquille Harrison,POR,2023,8.8,4.4,6.0,1.2,24.0,0.417,0.0,False
Tobias Harris,PHI,2023,14.7,5.7,2.5,1.2,32.9,0.501,0.0,False
Isaiah Hartenstein,NYK,2023,5.0,6.5,1.2,0.8,19.8,0.535,0.0,False
Josh Hart,2TM,2023,9.8,7.8,3.8,1.5,32.3,0.529,0.0,False
Josh Hart,POR,2023,9.5,8.2,3.9,1.5,33.4,0.504,0.0,False
Josh Hart,NYK,2023,10.2,7.0,3.6,1.5,30.0,0.586,0.0,False
Udonis Haslem,MIA,2023,3.9,1.6,0.0,0.1,10.1,0.345,0.0,False
Sam Hauser,BOS,2023,6.4,2.6,0.9,0.4,16.1,0.455,0.0,False
Jaxson Hayes,NOP,2023,5.0,2.8,0.7,0.7,13.0,0.551,0.0,False
Killian Hayes,DET,2023,10.3,2.9,6.2,2.3,28.3,0.377,0.0,False
Gordon Hayward,CHO,2023,14.7,4.3,4.1,2.0,31.5,0.475,0.0,False
Juancho Hernangómez,TOR,2023,2.9,2.9,0.6,0.4,14.6,0.421,0.0,False
Willy Hernangómez,NOP,2023,6.9,4.7,0.9,1.0,12.1,0.527,0.0,False
Tyler Herro,MIA,2023,20.1,5.4,4.2,2.4,34.9,0.439,0.0,False
Buddy Hield,IND,2023,16.8,5.0,2.8,1.7,31.0,0.458,0.0,False
Haywood Highsmith,MIA,2023,4.4,3.5,0.8,0.8,17.9,0.431,0.0,False
George Hill,2TM,2023,5.0,1.8,2.4,0.7,18.1,0.47,0.0,False
George Hill,MIL,2023,5.0,1.9,2.5,0.8,19.1,0.447,0.0,False
George Hill,IND,2023,5.2,1.6,1.9,0.6,15.1,0.559,0.0,False
Malcolm Hill,CHI,2023,1.0,0.6,0.0,0.0,1.8,0.5,0.0,False
Aaron Holiday,ATL,2023,3.9,1.2,1.4,0.6,13.4,0.418,0.0,False
Jrue Holiday,MIL,2023,19.3,5.1,7.4,2.9,32.6,0.479,0.0,False
Justin Holiday,2TM,2023,4.5,1.2,0.9,0.5,15.3,0.377,0.0,False
Justin Holiday,ATL,2023,4.5,0.8,0.9,0.4,14.7,0.384,0.0,False
Justin Holiday,DAL,2023,4.4,1.8,0.9,0.6,16.4,0.367,0.0,False
Richaun Holmes,SAC,2023,3.1,1.9,0.2,0.3,8.3,0.618,0.0,False
Al Horford,BOS,2023,9.8,6.2,3.0,0.6,30.5,0.476,0.0,False
Talen Horton-Tucker,UTA,2023,10.7,3.2,3.8,1.9,20.2,0.419,0.0,False
Danuel House Jr.,PHI,2023,4.8,1.7,0.8,0.5,14.4,0.472,0.0,False
Caleb Houstan,ORL,2023,3.8,1.9,0.6,0.4,15.9,0.363,0.0,False
Trevor Hudgins,HOU,2023,1.8,0.0,0.6,0.2,5.6,0.222,0.0,False
Kevin Huerter,SAC,2023,15.2,3.3,2.9,1.3,29.4,0.485,0.0,False
Jay Huff,WAS,2023,7.3,3.0,1.4,0.7,13.6,0.6,0.0,False
De'Andre Hunter,ATL,2023,15.4,4.2,1.4,1.2,31.7,0.461,0.0,False
Bones Hyland,2TM,2023,11.8,2.4,3.1,1.5,19.4,0.399,0.0,False
Bones Hyland,DEN,2023,12.1,2.0,3.0,1.6,19.5,0.399,0.0,False
Bones Hyland,LAC,2023,10.8,3.5,3.4,1.1,18.9,0.401,0.0,False
Serge Ibaka,MIL,2023,4.1,2.8,0.3,0.7,11.6,0.481,0.0,False
Andre Iguodala,GSW,2023,2.1,2.1,2.4,1.1,14.1,0.467,0.0,False
Joe Ingles,MIL,2023,6.9,2.8,3.3,1.2,22.7,0.435,0.0,False
Brandon Ingram,NOP,2023,24.7,5.5,5.8,3.3,34.2,0.484,0.0,False
Kyrie Irving,2TM,2023,27.1,5.1,5.5,2.1,37.4,0.494,0.0,False
Kyrie Irving,BRK,2023,27.1,5.1,5.3,2.3,37.0,0.486,0.0,False
Kyrie Irving,DAL,2023,27.0,5.0,6.0,1.9,38.2,0.51,0.0,False
Jonathan Isaac,ORL,2023,5.0,4.0,0.5,0.4,11.3,0.415,0.0,False
Jaden Ivey,DET,2023,16.3,3.9,5.2,3.2,31.1,0.416,0.0,False
Frank Jackson,UTA,2023,0.0,2.0,1.0,0.0,5.0,0.0,0.0,False
Isaiah Jackson,IND,2023,7.2,4.5,0.8,0.8,16.5,0.563,0.0,False
Jaren Jackson Jr.,MEM,2023,18.6,6.8,1.0,1.7,28.4,0.506,0.0,False
Justin Jackson,BOS,2023,0.9,0.7,0.4,0.1,4.7,0.259,0.0,False
Quenton Jackson,WAS,2023,6.2,0.9,1.7,0.4,15.0,0.452,0.0,False
Reggie Jackson,2TM,2023,10.2,2.1,3.4,1.7,24.4,0.411,0.0,False
Reggie Jackson,LAC,2023,10.9,2.2,3.5,1.8,25.7,0.418,0.0,False
Reggie Jackson,DEN,2023,7.9,1.8,3.1,1.2,19.9,0.383,0.0,False
LeBron James,LAL,2023,28.9,8.3,6.8,3.2,35.5,0.5,0.0,False
Ty Jerome,GSW,2023,6.9,1.7,3.0,0.7,18.1,0.488,0.0,False
Isaiah Joe,OKC,2023,9.5,2.4,1.2,0.5,19.1,0.441,0.0,False
Alize Johnson,SAS,2023,1.8,2.5,0.3,1.0,7.5,0.5,0.0,False
Cameron Johnson,2TM,2023,15.5,4.4,1.9,0.9,28.5,0.47,0.0,False
Cameron Johnson,PHO,2023,13.9,3.8,1.5,0.6,25.2,0.474,0.0,False
Cameron Johnson,BRK,2023,16.6,4.8,2.1,1.1,30.8,0.468,0.0,False
James Johnson,IND,2023,2.8,1.7,0.8,0.4,9.0,0.449,0.0,False
Jalen Johnson,ATL,2023,5.6,4.0,1.2,0.6,14.9,0.491,0.0,False
Keldon Johnson,SAS,2023,22.0,5.0,2.9,2.1,32.7,0.452,0.0,False
Keon Johnson,POR,2023,4.7,1.1,1.5,1.1,10.4,0.376,0.0,False
Stanley Johnson,SAS,2023,5.8,3.2,2.2,1.1,15.6,0.533,0.0,False
Nikola Jokić,DEN,2023,24.5,11.8,9.8,3.6,33.7,0.632,0.0,False
Carlik Jones,CHI,2023,2.9,0.7,0.9,0.3,8.0,0.4,0.0,False
Damian Jones,2TM,2023,3.5,3.0,0.4,0.6,11.6,0.64,0.0,False
Damian Jones,LAL,2023,2.5,2.5,0.2,0.4,8.0,0.541,0.0,False
Damian Jones,UTA,2023,4.6,3.5,0.6,0.7,15.8,0.714,0.0,False
Derrick Jones Jr.,CHI,2023,5.0,2.4,0.5,0.4,14.0,0.5,0.0,False
Herbert Jones,NOP,2023,9.8,4.1,2.5,1.3,29.6,0.469,0.0,False
Kai Jones,CHO,2023,3.4,2.7,0.3,0.7,12.0,0.558,0.0,False
Tre Jones,SAS,2023,12.9,3.6,6.6,1.6,29.2,0.459,0.0,False
Tyus Jones,MEM,2023,10.3,2.5,5.2,0.9,24.3,0.438,0.0,False
DeAndre Jordan,DEN,2023,5.1,5.2,0.9,1.2,15.0,0.765,0.0,False
Cory Joseph,DET,2023,6.9,1.7,3.5,0.9,19.8,0.427,0.0,False
Nikola Jović,MIA,2023,5.5,2.1,0.7,0.7,13.6,0.406,0.0,False
Johnny Juzang,UTA,2023,4.8,2.2,0.4,0.2,12.9,0.337,0.0,False
Mfiondu Kabengele,BOS,2023,1.5,2.5,0.0,0.3,9.0,0.286,0.0,False
Frank Kaminsky,2TM,2023,2.5,1.4,0.9,0.3,6.5,0.492,0.0,False
Frank Kaminsky,ATL,2023,2.7,1.4,0.8,0.3,6.8,0.568,0.0,False
Frank Kaminsky,HOU,2023,1.8,1.6,1.1,0.0,5.9,0.316,0.0,False
Trevor Keels,NYK,2023,1.0,0.7,0.0,0.0,2.7,0.25,0.0,False
Luke Kennard,2TM,2023,9.3,2.7,1.5,0.8,22.3,0.492,0.0,False
Luke Kennard,LAC,2023,7.8,2.4,1.1,0.9,20.7,0.464,0.0,False
Luke Kennard,MEM,2023,11.3,3.1,2.3,0.7,24.6,0.526,0.0,False
Walker Kessler,UTA,2023,9.2,8.4,0.9,0.8,23.0,0.72,0.0,False
Braxton Key,DET,2023,1.3,0.3,0.0,0.0,3.0,1.0,0.0,False
Louis King,PHI,2023,20.0,4.0,2.0,2.0,29.0,0.615,0.0,False
Corey Kispert,WAS,2023,11.1,2.8,1.2,0.7,28.3,0.497,0.0,False
Maxi Kleber,DAL,2023,5.9,3.6,1.4,0.7,25.1,0.456,0.0,False
Nathan Knight,MIN,2023,3.7,1.5,0.3,0.6,7.7,0.568,0.0,False
Kevin Knox,2TM,2023,6.6,2.8,0.5,0.8,15.1,0.458,0.0,False
Kevin Knox,DET,2023,5.6,2.6,0.4,0.8,14.1,0.469,0.0,False
Kevin Knox,POR,2023,8.5,3.3,0.9,0.9,17.1,0.444,0.0,False
Christian Koloko,TOR,2023,3.1,2.9,0.5,0.3,13.8,0.48,0.0,False
John Konchar,MEM,2023,5.1,4.3,1.4,0.5,20.8,0.431,0.0,False
Furkan Korkmaz,PHI,2023,3.8,1.1,0.6,0.6,9.5,0.432,0.0,False
Luke Kornet,BOS,2023,3.8,2.9,0.8,0.4,11.7,0.665,0.0,False
Vit Krejci,ATL,2023,1.2,0.9,0.6,0.2,5.7,0.405,0.0,False
Jonathan Kuminga,GSW,2023,9.9,3.4,1.9,1.4,20.8,0.525,0.0,False
Kyle Kuzma,WAS,2023,21.2,7.2,3.7,3.0,35.0,0.448,0.0,False
Anthony Lamb,GSW,2023,6.7,3.5,1.5,0.9,19.3,0.471,0.0,False
Jock Landale,PHO,2023,6.6,4.1,1.0,0.9,14.2,0.528,0.0,False
Romeo Langford,SAS,2023,6.9,2.7,1.2,0.7,19.6,0.467,0.0,False
Jake LaRavia,MEM,2023,3.0,1.8,0.6,0.5,11.8,0.389,0.0,False
Zach LaVine,CHI,2023,24.8,4.5,4.2,2.5,35.9,0.485,0.0,False
A.J. Lawson,2TM,2023,3.7,1.4,0.1,0.2,7.2,0.5,0.0,False
A.J. Lawson,MIN,2023,2.0,1.0,0.0,0.0,2.0,1.0,0.0,False
A.J. Lawson,DAL,2023,3.9,1.4,0.1,0.2,7.6,0.488,0.0,False
Damion Lee,PHO,2023,8.2,3.0,1.3,1.1,20.4,0.442,0.0,False
Saben Lee,2TM,2023,6.0,1.8,2.7,1.0,14.9,0.405,0.0,False
Saben Lee,PHI,2023,3.0,0.0,1.0,1.5,5.0,0.75,0.0,False
Saben Lee,PHO,2023,6.3,2.0,2.8,0.9,15.8,0.393,0.0,False
Alex Len,SAC,2023,1.7,2.3,0.5,0.6,6.2,0.533,0.0,False
Kawhi Leonard,LAC,2023,23.8,6.5,3.9,1.7,33.6,0.512,0.0,False
Meyers Leonard,MIL,2023,4.8,3.8,0.1,0.7,12.7,0.483,0.0,False
Caris LeVert,CLE,2023,12.1,3.8,3.9,1.6,30.2,0.431,0.0,False
Kira Lewis Jr.,NOP,2023,4.6,1.3,0.9,0.4,9.4,0.455,0.0,False
Damian Lillard,POR,2023,32.2,4.8,7.3,3.3,36.3,0.463,0.0,False
Nassir Little,POR,2023,6.6,2.6,0.9,0.7,18.1,0.442,0.0,False
Isaiah Livers,DET,2023,6.7,2.8,0.8,0.6,23.1,0.417,0.0,False
Kenneth Lofton Jr.,MEM,2023,5.0,2.1,0.8,0.5,7.3,0.527,0.0,False
Kevon Looney,GSW,2023,7.0,9.3,2.5,0.5,23.9,0.63,0.0,False
Brook Lopez,MIL,2023,15.9,6.7,1.3,1.4,30.4,0.531,0.0,False
Robin Lopez,CLE,2023,3.0,1.4,0.5,0.7,8.1,0.64,0.0,False
Kevin Love,2TM,2023,8.2,6.4,1.9,1.1,20.0,0.389,0.0,False
Kevin Love,CLE,2023,8.5,6.8,1.9,1.1,20.0,0.389,0.0,False
Kevin Love,MIA,2023,7.7,5.7,1.9,1.1,20.0,0.388,0.0,False
Kyle Lowry,MIA,2023,11.2,4.1,5.1,1.9,31.2,0.404,0.0,False
Trey Lyles,SAC,2023,7.6,4.1,0.9,0.9,16.9,0.458,0.0,False
Théo Maledon,CHO,2023,6.7,2.8,3.5,1.3,19.4,0.402,0.0,False
Sandro Mamukelashvili,2TM,2023,6.1,4.3,1.4,0.8,15.3,0.422,0.0,False
Sandro Mamukelashvili,MIL,2023,2.4,2.3,0.7,0.4,9.0,0.328,0.0,False
Sandro Mamukelashvili,SAS,2023,10.8,6.8,2.4,1.4,23.3,0.453,0.0,False
Terance Mann,LAC,2023,8.8,3.4,2.3,1.0,23.1,0.519,0.0,False
Tre Mann,OKC,2023,7.7,2.3,1.8,0.9,17.7,0.393,0.0,False
Boban Marjanović,HOU,2023,3.3,1.9,0.3,0.5,5.5,0.683,0.0,False
Lauri Markkanen,UTA,2023,25.6,8.6,1.9,1.9,34.4,0.499,0.0,False
Naji Marshall,NOP,2023,9.1,3.6,2.5,1.3,23.3,0.433,0.0,False
Caleb Martin,MIA,2023,9.6,4.8,1.6,1.1,29.3,0.464,0.0,False
Cody Martin,CHO,2023,5.0,3.4,1.6,0.3,19.1,0.389,0.0,False
KJ Martin,HOU,2023,12.7,5.5,1.5,1.1,28.0,0.569,0.0,False
Tyrese Martin,ATL,2023,1.3,0.8,0.1,0.1,4.1,0.391,0.0,False
Garrison Mathews,2TM,2023,4.8,1.4,0.5,0.4,12.7,0.363,0.0,False
Garrison Mathews,HOU,2023,4.8,1.4,0.5,0.4,13.4,0.353,0.0,False
Garrison Mathews,ATL,2023,4.8,1.2,0.3,0.1,9.3,0.419,0.0,False
Bennedict Mathurin,IND,2023,16.7,4.1,1.5,1.9,28.5,0.434,0.0,False
Wesley Matthews,MIL,2023,3.4,2.2,0.7,0.3,15.8,0.363,0.0,False
Tyrese Maxey,PHI,2023,20.3,2.9,3.5,1.3,33.6,0.481,0.0,False
Skylar Mays,POR,2023,15.3,3.2,8.3,1.7,31.5,0.5,0.0,False
Miles McBride,NYK,2023,3.5,0.8,1.1,0.4,11.9,0.358,0.0,False
Mac McClung,PHI,2023,12.5,5.0,4.5,1.5,20.5,0.45,0.0,False
CJ McCollum,NOP,2023,20.9,4.4,5.7,2.4,35.3,0.437,0.0,False
T.J. McConnell,IND,2023,8.7,3.1,5.3,1.9,20.3,0.543,0.0,False
Jalen McDaniels,2TM,2023,9.4,4.3,1.6,1.2,23.9,0.455,0.0,False
Jalen McDaniels,CHO,2023,10.6,4.8,2.0,1.4,26.7,0.447,0.0,False
Jalen McDaniels,PHI,2023,6.7,3.2,0.8,0.5,17.5,0.488,0.0,False
Jaden McDaniels,MIN,2023,12.1,3.9,1.9,1.4,30.6,0.517,0.0,False
Doug McDermott,SAS,2023,10.2,2.2,1.4,0.9,20.5,0.457,0.0,False
JaVale McGee,DAL,2023,4.4,2.5,0.3,0.9,8.5,0.64,0.0,False
Bryce McGowens,CHO,2023,5.3,2.0,1.2,0.9,17.1,0.396,0.0,False
Rodney McGruder,DET,2023,5.7,2.3,0.9,0.3,16.4,0.408,0.0,False
Jordan McLaughlin,MIN,2023,3.7,1.4,3.4,0.8,15.8,0.421,0.0,False
De'Anthony Melton,PHI,2023,10.1,4.1,2.6,1.3,27.9,0.425,0.0,False
Sam Merrill,CLE,2023,5.0,1.8,1.0,0.0,11.8,0.409,0.0,False
Chimezie Metu,SAC,2023,4.9,3.0,0.6,0.5,10.4,0.589,0.0,False
Khris Middleton,MIL,2023,15.1,4.2,4.9,2.2,24.3,0.436,0.0,False
Patty Mills,BRK,2023,6.2,1.1,1.4,0.8,14.2,0.411,0.0,False
Shake Milton,PHI,2023,8.4,2.5,3.2,1.2,20.6,0.479,0.0,False
Justin Minaya,POR,2023,4.3,3.8,1.0,1.0,22.3,0.304,0.0,False
Josh Minott,MIN,2023,3.1,1.7,0.3,0.2,6.4,0.5,0.0,False
Davion Mitchell,SAC,2023,5.6,1.3,2.3,0.8,18.1,0.454,0.0,False
Donovan Mitchell,CLE,2023,28.3,4.3,4.4,2.6,35.8,0.484,0.0,False
Evan Mobley,CLE,2023,16.2,9.0,2.8,1.8,34.4,0.554,0.0,False
Isaiah Mobley,CLE,2023,2.6,1.7,0.3,0.1,7.0,0.429,0.0,False
Chima Moneke,SAC,2023,1.0,1.0,0.5,1.0,4.0,0.5,0.0,False
Malik Monk,SAC,2023,13.5,2.6,3.9,1.9,22.3,0.448,0.0,False
Moses Moody,GSW,2023,4.8,1.7,0.8,0.5,13.0,0.476,0.0,False
Xavier Moon,LAC,2023,1.8,0.8,1.3,0.3,5.0,0.333,0.0,False
Wendell Moore Jr.,MIN,2023,1.4,0.6,0.6,0.3,5.3,0.419,0.0,False
Ja Morant,MEM,2023,26.2,5.9,8.1,3.4,31.9,0.466,0.0,False
Markieff Morris,2TM,2023,3.8,2.0,0.9,0.5,10.1,0.409,0.0,False
Markieff Morris,BRK,2023,3.6,2.2,0.9,0.5,10.6,0.402,0.0,False
Markieff Morris,DAL,2023,4.5,1.5,0.8,0.5,8.8,0.424,0.0,False
Marcus Morris,LAC,2023,11.2,4.0,1.8,0.9,28.1,0.426,0.0,False
Monte Morris,WAS,2023,10.3,3.4,5.3,1.0,27.3,0.48,0.0,False
Trey Murphy III,NOP,2023,14.5,3.6,1.4,0.8,31.0,0.484,0.0,False
Dejounte Murray,ATL,2023,20.5,5.3,6.1,2.2,36.4,0.464,0.0,False
Jamal Murray,DEN,2023,20.0,4.0,6.2,2.2,32.8,0.454,0.0,False
Keegan Murray,SAC,2023,12.2,4.6,1.2,0.8,29.8,0.453,0.0,False
Mike Muscala,2TM,2023,6.1,3.2,0.8,0.4,15.0,0.449,0.0,False
Mike Muscala,OKC,2023,6.2,3.1,0.9,0.3,14.5,0.438,0.0,False
Mike Muscala,BOS,2023,5.9,3.4,0.6,0.5,16.2,0.472,0.0,False
Svi Mykhailiuk,2TM,2023,6.9,1.7,1.7,0.8,14.6,0.445,0.0,False
Svi Mykhailiuk,NYK,2023,1.6,0.5,0.1,0.2,3.1,0.5,0.0,False
Svi Mykhailiuk,CHO,2023,10.6,2.4,2.7,1.2,22.5,0.441,0.0,False
Larry Nance Jr.,NOP,2023,6.8,5.4,1.8,0.6,21.2,0.61,0.0,False
Andrew Nembhard,IND,2023,9.5,2.7,4.5,1.7,27.6,0.441,0.0,False
Aaron Nesmith,IND,2023,10.1,3.8,1.3,1.0,24.9,0.427,0.0,False
Raul Neto,CLE,2023,3.3,1.0,1.6,0.5,10.5,0.518,0.0,False
Georges Niang,PHI,2023,8.2,2.4,1.0,0.7,19.4,0.442,0.0,False
Daishen Nix,HOU,2023,4.0,1.7,2.3,1.5,16.0,0.342,0.0,False
Zeke Nnaji,DEN,2023,5.2,2.6,0.3,0.6,13.7,0.561,0.0,False
Nerlens Noel,2TM,2023,2.1,2.7,0.6,0.8,11.5,0.361,0.0,False
Nerlens Noel,DET,2023,2.3,2.6,0.5,0.6,10.9,0.4,0.0,False
Nerlens Noel,BRK,2023,1.0,3.0,1.0,1.7,14.3,0.167,0.0,False
Jaylen Nowell,MIN,2023,10.8,2.6,2.0,1.0,19.3,0.448,0.0,False
Frank Ntilikina,DAL,2023,2.9,1.3,1.2,0.6,12.9,0.364,0.0,False
Kendrick Nunn,2TM,2023,7.1,1.6,1.3,0.9,13.8,0.424,0.0,False
Kendrick Nunn,LAL,2023,6.7,1.4,0.9,0.8,13.5,0.406,0.0,False
Kendrick Nunn,WAS,2023,7.5,1.7,1.8,1.1,14.1,0.447,0.0,False
Jusuf Nurkić,POR,2023,13.3,9.1,2.9,2.3,26.8,0.519,0.0,False
Jordan Nwora,2TM,2023,8.7,3.7,1.4,1.1,19.2,0.436,0.0,False
Jordan Nwora,MIL,2023,6.0,3.1,1.0,0.9,15.7,0.386,0.0,False
Jordan Nwora,IND,2023,13.0,4.7,2.1,1.3,24.6,0.476,0.0,False
Chuma Okeke,ORL,2023,4.7,3.6,1.4,0.6,19.2,0.352,0.0,False
Josh Okogie,PHO,2023,7.3,3.5,1.5,0.9,18.8,0.391,0.0,False
Onyeka Okongwu,ATL,2023,9.9,7.2,1.0,1.0,23.1,0.638,0.0,False
Isaac Okoro,CLE,2023,6.4,2.5,1.1,0.6,21.7,0.494,0.0,False
KZ Okpala,SAC,2023,1.3,1.0,0.4,0.2,7.1,0.421,0.0,False
Victor Oladipo,MIA,2023,10.7,3.0,3.5,2.1,26.3,0.397,0.0,False
Kelly Olynyk,UTA,2023,12.5,6.2,3.7,2.5,28.6,0.499,0.0,False
Eugene Omoruyi,2TM,2023,7.0,2.8,0.7,0.9,16.1,0.443,0.0,False
Eugene Omoruyi,OKC,2023,4.9,2.3,0.5,0.7,11.8,0.468,0.0,False
Eugene Omoruyi,DET,2023,9.7,3.5,1.0,1.1,21.9,0.425,0.0,False
Royce O'Neale,BRK,2023,8.8,5.1,3.7,1.5,31.7,0.386,0.0,False
Cedi Osman,CLE,2023,8.7,2.3,1.5,0.7,20.1,0.451,0.0,False
Kelly Oubre Jr.,CHO,2023,20.3,5.2,1.1,1.3,32.3,0.431,0.0,False
Chris Paul,PHO,2023,13.9,4.3,8.9,1.9,32.0,0.44,0.0,False
Cameron Payne,PHO,2023,10.3,2.2,4.5,1.7,20.2,0.415,0.0,False
Gary Payton II,2TM,2023,4.6,3.1,1.4,0.7,16.7,0.594,0.0,False
Gary Payton II,POR,2023,4.1,2.6,1.5,0.8,17.0,0.585,0.0,False
Gary Payton II,GSW,2023,5.7,4.3,1.1,0.6,16.0,0.607,0.0,False
Theo Pinson,DAL,2023,2.4,1.6,1.2,0.3,8.1,0.356,0.0,False
Scotty Pippen Jr.,LAL,2023,2.3,0.7,0.3,0.3,5.3,0.333,0.0,False
Mason Plumlee,2TM,2023,10.8,8.9,3.1,1.5,26.0,0.68,0.0,False
Mason Plumlee,CHO,2023,12.2,9.7,3.7,1.6,28.5,0.669,0.0,False
Mason Plumlee,LAC,2023,7.5,6.9,1.7,1.3,19.9,0.727,0.0,False
Jakob Poeltl,2TM,2023,12.5,9.1,2.7,1.7,26.5,0.629,0.0,False
Jakob Poeltl,SAS,2023,12.1,9.0,3.1,2.1,26.1,0.616,0.0,False
Jakob Poeltl,TOR,2023,13.1,9.1,2.2,1.1,27.2,0.652,0.0,False
Aleksej Pokusevski,OKC,2023,8.1,4.7,1.9,1.3,20.6,0.434,0.0,False
Jordan Poole,GSW,2023,20.4,2.7,4.5,3.1,30.0,0.43,0.0,False
Kevin Porter Jr.,HOU,2023,19.2,5.3,5.7,3.2,34.3,0.442,0.0,False
Michael Porter Jr.,DEN,2023,17.4,5.5,1.0,1.1,29.0,0.487,0.0,False
Otto Porter Jr.,TOR,2023,5.5,2.4,1.0,0.5,18.3,0.5,0.0,False
Bobby Portis,MIL,2023,14.1,9.6,1.5,1.2,26.0,0.496,0.0,False
Kristaps Porziņģis,WAS,2023,23.2,8.4,2.7,2.1,32.6,0.498,0.0,False
Micah Potter,UTA,2023,3.4,2.3,0.6,0.3,7.4,0.667,0.0,False
Dwight Powell,DAL,2023,6.7,4.1,0.9,0.9,19.2,0.732,0.0,False
Norman Powell,LAC,2023,17.0,2.9,1.8,1.7,26.1,0.479,0.0,False
Jason Preston,LAC,2023,2.9,1.6,1.9,0.7,8.9,0.439,0.0,False
Joshua Primo,SAS,2023,7.0,3.3,4.5,2.8,23.3,0.346,0.0,False
Taurean Prince,MIN,2023,9.1,2.4,1.6,1.3,22.1,0.467,0.0,False
Payton Pritchard,BOS,2023,5.6,1.8,1.3,0.8,13.4,0.412,0.0,False
Trevelin Queen,IND,2023,3.0,2.4,0.9,1.0,10.0,0.241,0.0,False
Neemias Queta,SAC,2023,2.4,2.2,0.2,0.2,5.8,0.667,0.0,False
Immanuel Quickley,NYK,2023,14.9,4.2,3.4,1.2,28.9,0.448,0.0,False
Lester Quiñones,GSW,2023,2.5,0.8,0.5,1.3,4.5,0.4,0.0,False
Julius Randle,NYK,2023,25.1,10.0,4.1,2.8,35.5,0.459,0.0,False
Austin Reaves,LAL,2023,13.0,3.0,3.4,1.5,28.8,0.529,0.0,False
Cam Reddish,2TM,2023,9.7,2.2,1.4,1.2,24.8,0.446,0.0,False
Cam Reddish,NYK,2023,8.4,1.6,1.0,0.8,21.9,0.449,0.0,False
Cam Reddish,POR,2023,11.0,2.9,1.9,1.6,27.6,0.443,0.0,False
Davon Reed,2TM,2023,2.1,1.4,0.5,0.5,8.0,0.333,0.0,False
Davon Reed,DEN,2023,2.3,1.6,0.5,0.6,9.0,0.313,0.0,False
Davon Reed,LAL,2023,1.0,0.5,0.5,0.0,3.4,0.75,0.0,False
Paul Reed,PHI,2023,4.2,3.8,0.4,0.7,10.9,0.593,0.0,False
Naz Reid,MIN,2023,11.5,4.9,1.1,1.4,18.4,0.537,0.0,False
Jared Rhoden,DET,2023,3.2,2.6,0.3,0.2,14.1,0.386,0.0,False
Josh Richardson,2TM,2023,10.1,2.7,2.7,1.3,23.5,0.431,0.0,False
Josh Richardson,SAS,2023,11.5,2.8,3.3,1.5,23.7,0.436,0.0,False
Josh Richardson,NOP,2023,7.5,2.4,1.6,1.0,23.2,0.419,0.0,False
Nick Richards,CHO,2023,8.2,6.4,0.6,0.9,18.7,0.629,0.0,False
Austin Rivers,MIN,2023,4.9,1.6,1.4,0.4,19.5,0.435,0.0,False
Duncan Robinson,MIA,2023,6.4,1.6,1.1,0.7,16.5,0.371,0.0,False
Jeremiah Robinson-Earl,OKC,2023,6.8,4.2,1.0,0.4,18.9,0.444,0.0,False
Mitchell Robinson,NYK,2023,7.4,9.4,0.9,0.7,27.0,0.671,0.0,False
Orlando Robinson,MIA,2023,3.7,4.1,0.8,0.5,13.7,0.528,0.0,False
Isaiah Roby,SAS,2023,4.1,2.5,0.9,0.7,11.3,0.432,0.0,False
David Roddy,MEM,2023,6.7,2.8,0.8,0.8,18.0,0.429,0.0,False
Ryan Rollins,GSW,2023,1.9,1.0,0.5,1.3,5.2,0.35,0.0,False
Derrick Rose,NYK,2023,5.6,1.5,1.7,0.8,12.5,0.384,0.0,False
Terrence Ross,2TM,2023,8.3,2.4,1.5,0.7,21.1,0.43,0.0,False
Terrence Ross,ORL,2023,8.0,2.0,1.3,0.9,22.5,0.431,0.0,False
Terrence Ross,PHO,2023,9.0,3.3,2.0,0.3,18.4,0.428,0.0,False
Terry Rozier,CHO,2023,21.1,4.1,5.1,2.1,35.3,0.415,0.0,False
Ricky Rubio,CLE,2023,5.2,2.1,3.5,0.9,17.2,0.343,0.0,False
D'Angelo Russell,2TM,2023,17.8,3.0,6.2,2.6,32.5,0.469,0.0,False
D'Angelo Russell,MIN,2023,17.9,3.1,6.2,2.7,32.9,0.465,0.0,False
D'Angelo Russell,LAL,2023,17.4,2.9,6.1,2.3,30.9,0.484,0.0,False
Matt Ryan,2TM,2023,3.6,0.8,0.5,0.2,9.1,0.37,0.0,False
Matt Ryan,LAL,2023,3.9,1.2,0.3,0.3,10.8,0.306,0.0,False
Matt Ryan,MIN,2023,3.4,0.5,0.5,0.2,8.2,0.424,0.0,False
Domantas Sabonis,SAC,2023,19.1,12.3,7.3,2.9,34.6,0.615,0.0,False
Luka Šamanić,UTA,2023,9.9,4.3,2.1,1.4,23.0,0.456,0.0,False
Dario Šarić,2TM,2023,6.4,3.6,1.3,1.0,14.1,0.458,0.0,False
Dario Šarić,PHO,2023,5.8,3.8,1.5,1.0,14.4,0.427,0.0,False
Dario Šarić,OKC,2023,7.4,3.3,0.9,1.0,13.7,0.515,0.0,False
Olivier Sarr,OKC,2023,4.0,3.4,0.4,0.4,12.7,0.5,0.0,False
Jordan Schakel,WAS,2023,1.5,0.0,0.5,0.0,3.0,0.5,0.0,False
Admiral Schofield,ORL,2023,4.2,1.7,0.8,0.4,12.2,0.451,0.0,False
Dennis Schröder,LAL,2023,12.6,2.5,4.5,1.7,30.1,0.415,0.0,False
Jay Scrubb,ORL,2023,6.5,3.0,0.5,1.5,15.0,0.714,0.0,False
Dereon Seabron,NOP,2023,0.8,0.2,0.0,0.0,2.4,0.4,0.0,False
Alperen Şengün,HOU,2023,14.8,9.0,3.9,2.6,28.9,0.553,0.0,False
Collin Sexton,UTA,2023,14.3,2.2,2.9,1.8,23.9,0.506,0.0,False
Landry Shamet,PHO,2023,8.7,1.7,2.3,0.9,20.2,0.377,0.0,False
Day'Ron Sharpe,BRK,2023,4.7,4.2,0.8,0.9,11.5,0.544,0.0,False
Shaedon Sharpe,POR,2023,9.9,3.0,1.2,1.0,22.2,0.472,0.0,False
Pascal Siakam,TOR,2023,24.2,7.8,5.8,2.4,37.4,0.48,0.0,False
Chris Silva,DAL,2023,2.0,0.0,0.0,1.0,3.0,1.0,0.0,False
Ben Simmons,BRK,2023,6.9,6.3,6.1,2.3,26.3,0.566,0.0,False
Kobi Simmons,CHO,2023,1.0,0.8,1.0,0.2,5.6,0.167,0.0,False
Anfernee Simons,POR,2023,21.1,2.6,4.1,2.1,35.0,0.447,0.0,False
Marko Simonovic,CHI,2023,0.9,0.3,0.0,0.0,2.9,0.286,0.0,False
Jericho Sims,NYK,2023,3.4,4.7,0.5,0.5,15.6,0.776,0.0,False
Marcus Smart,BOS,2023,11.5,3.1,6.3,2.3,32.1,0.415,0.0,False
Dennis Smith Jr.,CHO,2023,8.8,3.1,4.8,1.5,25.7,0.412,0.0,False
Dru Smith,2TM,2023,2.9,1.6,1.5,0.2,10.5,0.4,0.0,False
Dru Smith,MIA,2023,2.2,1.8,1.0,0.2,13.4,0.357,0.0,False
Dru Smith,BRK,2023,3.3,1.5,1.7,0.2,9.1,0.419,0.0,False
Ish Smith,DEN,2023,2.5,1.3,2.3,1.0,9.3,0.397,0.0,False
Jalen Smith,IND,2023,9.4,5.8,1.0,1.1,18.8,0.476,0.0,False
Jabari Smith Jr.,HOU,2023,12.8,7.2,1.3,1.3,31.0,0.408,0.0,False
Xavier Sneed,CHO,2023,4.3,1.3,1.3,0.8,12.0,0.5,0.0,False
Jeremy Sochan,SAS,2023,11.0,5.3,2.5,1.7,26.0,0.453,0.0,False
Jaden Springer,PHI,2023,2.6,0.9,0.5,0.2,5.6,0.486,0.0,False
Lamar Stevens,CLE,2023,5.3,3.3,0.5,0.4,18.1,0.448,0.0,False
Isaiah Stewart,DET,2023,11.3,8.1,1.4,1.4,28.3,0.442,0.0,False
Max Strus,MIA,2023,11.5,3.2,2.1,0.9,28.4,0.41,0.0,False
Jalen Suggs,ORL,2023,9.9,3.0,2.9,1.8,23.5,0.419,0.0,False
Edmond Sumner,BRK,2023,7.1,1.5,1.3,0.9,13.9,0.461,0.0,False
Cole Swider,LAL,2023,1.3,1.0,0.6,0.0,5.9,0.333,0.0,False
Jae'Sean Tate,HOU,2023,9.1,3.8,2.7,1.5,21.8,0.48,0.0,False
Jayson Tatum,BOS,2023,30.1,8.8,4.6,2.9,36.9,0.466,0.0,False
Terry Taylor,2TM,2023,2.9,1.5,0.3,0.3,8.5,0.52,0.0,False
Terry Taylor,IND,2023,2.7,1.5,0.4,0.3,8.8,0.462,0.0,False
Terry Taylor,CHI,2023,4.0,1.6,0.0,0.0,7.2,0.9,0.0,False
Garrett Temple,NOP,2023,2.0,0.7,0.5,0.2,6.5,0.4,0.0,False
Dalen Terry,CHI,2023,2.2,1.0,0.6,0.2,5.6,0.444,0.0,False
Daniel Theis,IND,2023,7.0,3.1,1.3,0.4,15.6,0.477,0.0,False
Cam Thomas,BRK,2023,10.6,1.7,1.4,1.1,16.6,0.441,0.0,False
Klay Thompson,GSW,2023,21.9,4.1,2.4,1.8,33.0,0.436,0.0,False
JT Thor,CHO,2023,3.8,2.2,0.5,0.6,14.0,0.399,0.0,False
Matisse Thybulle,2TM,2023,4.1,2.0,0.7,0.3,16.9,0.435,0.0,False
Matisse Thybulle,PHI,2023,2.7,1.3,0.5,0.2,12.1,0.431,0.0,False
Matisse Thybulle,POR,2023,7.4,3.5,1.4,0.7,27.7,0.438,0.0,False
Xavier Tillman Sr.,MEM,2023,7.0,5.0,1.6,0.7,19.3,0.614,0.0,False
Isaiah Todd,WAS,2023,1.5,2.0,0.7,0.3,10.2,0.158,0.0,False
Obi Toppin,NYK,2023,7.4,2.8,1.0,0.6,15.7,0.446,0.0,False
Juan Toscano-Anderson,2TM,2023,3.0,2.4,1.3,0.7,13.5,0.448,0.0,False
Juan Toscano-Anderson,LAL,2023,2.7,2.0,0.8,0.6,12.2,0.5,0.0,False
Juan Toscano-Anderson,UTA,2023,3.4,2.9,1.8,0.8,15.2,0.403,0.0,False
Karl-Anthony Towns,MIN,2023,20.8,8.1,4.8,3.0,33.0,0.495,0.0,False
Gary Trent Jr.,TOR,2023,17.4,2.6,1.6,0.8,32.1,0.433,0.0,False
P.J. Tucker,PHI,2023,3.5,3.9,0.8,0.6,25.6,0.427,0.0,False
Myles Turner,IND,2023,18.0,7.5,1.4,1.7,29.4,0.548,0.0,False
Stanley Umude,DET,2023,2.0,0.0,0.0,0.0,2.0,0.0,0.0,False
Jonas Valančiūnas,NOP,2023,14.1,10.2,1.8,2.0,24.9,0.547,0.0,False
Jarred Vanderbilt,2TM,2023,7.9,7.5,2.4,1.2,24.1,0.548,0.0,False
Jarred Vanderbilt,UTA,2023,8.3,7.9,2.7,1.3,24.1,0.556,0.0,False
Jarred Vanderbilt,LAL,2023,7.2,6.7,1.6,1.1,24.0,0.529,0.0,False
Fred VanVleet,TOR,2023,19.3,4.1,7.2,2.0,36.7,0.393,0.0,False
Devin Vassell,SAS,2023,18.5,3.9,3.6,1.5,31.0,0.439,0.0,False
Gabe Vincent,MIA,2023,9.4,2.1,2.5,1.4,25.9,0.402,0.0,False
Noah Vonleh,BOS,2023,1.1,2.1,0.3,0.5,7.4,0.458,0.0,False
Nikola Vučević,CHI,2023,17.6,11.0,3.2,1.7,33.5,0.52,0.0,False
Dean Wade,CLE,2023,4.7,3.4,0.8,0.4,20.3,0.412,0.0,False
Franz Wagner,ORL,2023,18.6,4.1,3.5,2.1,32.6,0.485,0.0,False
Moritz Wagner,ORL,2023,10.5,4.5,1.5,1.2,19.5,0.5,0.0,False
Ish Wainright,PHO,2023,4.2,2.3,0.9,0.4,15.3,0.37,0.0,False
Jabari Walker,POR,2023,3.9,2.3,0.6,0.5,11.1,0.419,0.0,False
Kemba Walker,DAL,2023,8.0,1.8,2.1,0.4,16.0,0.421,0.0,False
Lonnie Walker IV,LAL,2023,11.7,1.9,1.1,0.8,23.2,0.448,0.0,False
John Wall,LAC,2023,11.4,2.7,5.2,2.4,22.2,0.408,0.0,False
T.J. Warren,2TM,2023,7.5,2.9,1.0,0.5,16.4,0.489,0.0,False
T.J. Warren,BRK,2023,9.5,2.8,1.1,0.7,18.8,0.51,0.0,False
T.J. Warren,PHO,2023,4.2,3.1,0.7,0.2,12.3,0.429,0.0,False
Duane Washington Jr.,PHO,2023,7.9,1.2,2.0,1.1,12.7,0.367,0.0,False
P.J. Washington,CHO,2023,15.7,4.9,2.4,1.5,32.6,0.444,0.0,False
TyTy Washington Jr.,HOU,2023,4.7,1.5,1.5,0.5,14.0,0.363,0.0,False
Yuta Watanabe,BRK,2023,5.6,2.4,0.8,0.4,16.0,0.491,0.0,False
Lindy Waters III,OKC,2023,5.2,1.8,0.7,0.2,13.0,0.393,0.0,False
Trendon Watford,POR,2023,7.4,3.8,2.1,1.1,19.1,0.56,0.0,False
Peyton Watson,DEN,2023,3.3,1.6,0.5,0.3,8.1,0.492,0.0,False
Blake Wesley,SAS,2023,5.0,2.2,2.6,1.8,18.1,0.321,0.0,False
Russell Westbrook,2TM,2023,15.9,5.8,7.5,3.5,29.1,0.436,0.0,False
Russell Westbrook,LAL,2023,15.9,6.2,7.5,3.5,28.7,0.417,0.0,False
Russell Westbrook,LAC,2023,15.8,4.9,7.6,3.4,30.2,0.489,0.0,False
Coby White,CHI,2023,9.7,2.9,2.8,1.0,23.4,0.443,0.0,False
Derrick White,BOS,2023,12.4,3.6,3.9,1.2,28.3,0.462,0.0,False
Jack White,DEN,2023,1.2,1.0,0.2,0.1,3.9,0.421,0.0,False
Joe Wieskamp,TOR,2023,1.0,0.4,0.3,0.1,5.6,0.214,0.0,False
Aaron Wiggins,OKC,2023,6.8,3.0,1.1,0.8,18.5,0.512,0.0,False
Andrew Wiggins,GSW,2023,17.1,5.0,2.3,1.3,32.2,0.473,0.0,False
Lindell Wigginton,MIL,2023,7.1,1.0,2.0,1.7,12.4,0.486,0.0,False
Alondes Williams,BRK,2023,0.0,1.0,0.0,2.0,5.0,,0.0,False
Donovan Williams,ATL,2023,2.0,1.0,0.0,0.0,2.0,0.4,0.0,False
Grant Williams,BOS,2023,8.1,4.6,1.7,1.0,25.9,0.454,0.0,False
Jalen Williams,OKC,2023,14.1,4.5,3.3,1.6,30.3,0.521,0.0,False
Jaylin Williams,OKC,2023,5.9,4.9,1.6,0.8,18.7,0.436,0.0,False
Jeenathan Williams,POR,2023,10.6,3.0,2.0,0.8,25.4,0.615,0.0,False
Kenrich Williams,OKC,2023,8.0,4.9,2.0,0.6,22.8,0.517,0.0,False
Mark Williams,CHO,2023,9.0,7.1,0.4,0.9,19.3,0.637,0.0,False
Patrick Williams,CHI,2023,10.2,4.0,1.2,1.2,28.3,0.464,0.0,False
Robert Williams,BOS,2023,8.0,8.3,1.4,1.0,23.5,0.747,0.0,False
Vince Williams Jr.,MEM,2023,2.0,1.0,0.3,0.3,7.0,0.3,0.0,False
Zion Williamson,NOP,2023,26.0,7.0,4.6,3.4,33.0,0.608,0.0,False
Ziaire Williams,MEM,2023,5.7,2.1,0.9,1.0,15.2,0.429,0.0,False
Dylan Windler,CLE,2023,1.7,0.0,0.3,0.3,3.3,0.667,0.0,False
Justise Winslow,POR,2023,6.8,5.0,3.4,1.5,26.8,0.409,0.0,False
James Wiseman,2TM,2023,10.0,5.9,0.7,1.1,19.3,0.558,0.0,False
James Wiseman,GSW,2023,6.9,3.5,0.7,0.7,12.5,0.628,0.0,False
James Wiseman,DET,2023,12.7,8.1,0.7,1.5,25.2,0.531,0.0,False
Christian Wood,DAL,2023,16.6,7.3,1.8,1.8,25.9,0.515,0.0,False
Delon Wright,WAS,2023,7.4,3.6,3.9,0.9,24.4,0.474,0.0,False
McKinley Wright IV,DAL,2023,4.2,1.7,2.1,0.7,12.4,0.469,0.0,False
Gabe York,IND,2023,8.0,2.0,1.7,0.0,18.7,0.381,0.0,False
Thaddeus Young,TOR,2023,4.4,3.1,1.4,0.8,14.7,0.545,0.0,False
Trae Young,ATL,2023,26.2,3.0,10.2,4.1,34.8,0.429,0.0,False
Omer Yurtseven,MIA,2023,4.4,2.6,0.2,0.4,9.2,0.593,0.0,False
Cody Zeller,MIA,2023,6.5,4.3,0.7,0.9,14.5,0.627,0.0,False
Ivica Zubac,LAC,2023,10.8,9.9,1.0,1.5,28.6,0.634,0.0,False
Precious Achiuwa,TOR,2022,9.1,6.5,1.1,1.2,23.6,0.439,0.0,False
Steven Adams,MEM,2022,6.9,10.0,3.4,1.5,26.3,0.547,0.0,False
Bam Adebayo,MIA,2022,19.1,10.1,3.4,2.6,32.6,0.557,0.0,False
Santi Aldama,MEM,2022,4.1,2.7,0.7,0.5,11.3,0.402,0.0,False
LaMarcus Aldridge,BRK,2022,12.9,5.5,0.9,0.9,22.3,0.55,0.0,False
Nickeil Alexander-Walker,2TM,2022,10.6,2.9,2.4,1.4,22.6,0.372,0.0,False
Nickeil Alexander-Walker,NOP,2022,12.8,3.3,2.8,1.7,26.3,0.375,0.0,False
Nickeil Alexander-Walker,UTA,2022,3.5,1.5,1.1,0.5,9.9,0.333,0.0,False
Grayson Allen,MIL,2022,11.1,3.4,1.5,0.7,27.3,0.448,0.0,False
Jarrett Allen,CLE,2022,16.1,10.8,1.6,1.7,32.3,0.677,0.0,False
Jose Alvarado,NOP,2022,6.1,1.9,2.8,0.7,15.4,0.446,0.0,False
Justin Anderson,2TM,2022,6.4,2.9,2.1,0.5,19.8,0.379,0.0,False
Justin Anderson,CLE,2022,4.3,2.0,2.0,0.7,15.7,0.5,0.0,False
Justin Anderson,IND,2022,6.8,3.1,2.1,0.5,20.7,0.368,0.0,False
Kyle Anderson,MEM,2022,7.6,5.3,2.7,1.0,21.5,0.446,0.0,False
Giannis Antetokounmpo,MIL,2022,29.9,11.6,5.8,3.3,32.9,0.553,0.0,False
Thanasis Antetokounmpo,MIL,2022,3.6,2.1,0.5,0.5,9.9,0.547,0.0,False
Carmelo Anthony,LAL,2022,13.3,4.2,1.0,0.9,26.0,0.441,0.0,False
Cole Anthony,ORL,2022,16.3,5.4,5.7,2.6,31.7,0.391,0.0,False
OG Anunoby,TOR,2022,17.1,5.5,2.6,1.7,36.0,0.443,0.0,False
Ryan Arcidiacono,NYK,2022,1.6,0.8,0.4,0.3,7.6,0.5,0.0,False
Trevor Ariza,LAL,2022,4.0,3.4,1.1,0.5,19.3,0.333,0.0,False
D.J. Augustin,2TM,2022,5.3,1.2,1.9,1.0,16.1,0.423,0.0,False
D.J. Augustin,HOU,2022,5.4,1.2,2.2,1.3,15.0,0.404,0.0,False
D.J. Augustin,LAL,2022,5.3,1.3,1.6,0.5,17.8,0.453,0.0,False
Deni Avdija,WAS,2022,8.4,5.2,2.0,1.1,24.2,0.432,0.0,False
Joel Ayayi,WAS,2022,0.3,0.4,0.6,0.0,2.9,0.167,0.0,False
Deandre Ayton,PHO,2022,17.2,10.2,1.4,1.6,29.5,0.634,0.0,False
Udoka Azubuike,UTA,2022,4.7,4.2,0.0,0.7,11.5,0.755,0.0,False
Marvin Bagley III,2TM,2022,11.3,7.0,0.8,0.8,23.9,0.504,0.0,False
Marvin Bagley III,SAC,2022,9.3,7.2,0.6,0.7,21.9,0.463,0.0,False
Marvin Bagley III,DET,2022,14.6,6.8,1.1,1.0,27.2,0.555,0.0,False
LaMelo Ball,CHO,2022,20.1,6.7,7.6,3.3,32.3,0.429,0.0,False
Lonzo Ball,CHI,2022,13.0,5.4,5.1,2.3,34.6,0.423,0.0,False
Mo Bamba,ORL,2022,10.6,8.1,1.2,1.1,25.7,0.48,0.0,False
Desmond Bane,MEM,2022,18.2,4.4,2.7,1.5,29.8,0.461,0.0,False
Dalano Banton,TOR,2022,3.2,1.9,1.5,0.8,10.9,0.411,0.0,False
Cat Barber,ATL,2022,0.0,1.0,1.0,0.3,4.3,0.0,0.0,False
Harrison Barnes,SAC,2022,16.4,5.6,2.4,1.5,33.6,0.469,0.0,False
Scottie Barnes,TOR,2022,15.3,7.5,3.5,1.8,35.4,0.492,0.0,False
RJ Barrett,NYK,2022,20.0,5.8,3.0,2.2,34.5,0.408,0.0,False
Will Barton,DEN,2022,14.7,4.8,3.9,1.8,32.1,0.438,0.0,False
Charles Bassey,PHI,2022,3.0,2.7,0.3,0.3,7.3,0.638,0.0,False
Paris Bass,PHO,2022,3.0,2.0,0.0,1.0,3.5,0.333,0.0,False
Keita Bates-Diop,SAS,2022,5.7,3.9,0.7,0.8,16.2,0.517,0.0,False
Nicolas Batum,LAC,2022,8.3,4.3,1.7,0.7,24.8,0.463,0.0,False
Kent Bazemore,LAL,2022,3.4,1.8,0.9,0.5,14.0,0.324,0.0,False
Darius Bazley,OKC,2022,10.8,6.3,1.4,1.3,27.9,0.422,0.0,False
Bradley Beal,WAS,2022,23.2,4.7,6.6,3.4,36.0,0.451,0.0,False
Malik Beasley,MIN,2022,12.1,2.9,1.5,0.5,25.0,0.391,0.0,False
Jordan Bell,CHI,2022,0.0,1.0,0.0,0.0,2.0,,0.0,False
DeAndre' Bembry,2TM,2022,5.1,2.9,1.2,0.6,18.3,0.561,0.0,False
DeAndre' Bembry,BRK,2022,5.8,3.2,1.3,0.6,19.8,0.568,0.0,False
DeAndre' Bembry,MIL,2022,0.8,1.4,0.8,0.1,9.6,0.375,0.0,False
Dāvis Bertāns,2TM,2022,5.6,2.1,0.6,0.3,14.4,0.36,0.0,False
Dāvis Bertāns,WAS,2022,5.7,1.8,0.5,0.4,14.7,0.351,0.0,False
Dāvis Bertāns,DAL,2022,5.3,2.5,0.7,0.2,13.9,0.375,0.0,False
Patrick Beverley,MIN,2022,9.2,4.1,4.6,1.3,25.4,0.406,0.0,False
Saddiq Bey,DET,2022,16.1,5.4,2.8,1.2,33.0,0.396,0.0,False
Khem Birch,TOR,2022,4.5,4.3,1.0,0.5,18.0,0.485,0.0,False
Goga Bitadze,IND,2022,7.0,3.5,1.1,0.9,14.6,0.52,0.0,False
Bismack Biyombo,PHO,2022,5.8,4.6,0.6,0.7,14.1,0.593,0.0,False
Nemanja Bjelica,GSW,2022,6.1,4.1,2.2,1.2,16.1,0.468,0.0,False
Eric Bledsoe,LAC,2022,9.9,3.4,4.2,2.1,25.2,0.421,0.0,False
Keljin Blevins,POR,2022,3.1,1.5,0.6,0.5,11.3,0.306,0.0,False
Bogdan Bogdanović,ATL,2022,15.1,4.0,3.1,1.1,29.3,0.431,0.0,False
Bojan Bogdanović,UTA,2022,18.1,4.3,1.7,1.7,30.9,0.455,0.0,False
Bol Bol,DEN,2022,2.4,1.4,0.4,0.3,5.8,0.556,0.0,False
Leandro Bolmaro,MIN,2022,1.4,1.2,0.6,0.4,6.9,0.315,0.0,False
Isaac Bonga,TOR,2022,0.8,0.5,0.3,0.1,4.6,0.231,0.0,False
Devin Booker,PHO,2022,26.8,5.0,4.8,2.4,34.5,0.466,0.0,False
Brandon Boston Jr.,LAC,2022,6.7,2.2,1.0,0.6,14.9,0.385,0.0,False
Chris Boucher,TOR,2022,9.4,6.2,0.3,0.5,21.1,0.464,0.0,False
James Bouknight,CHO,2022,4.6,1.7,0.8,0.5,9.8,0.348,0.0,False
Avery Bradley,LAL,2022,6.4,2.2,0.8,0.6,22.7,0.423,0.0,False
Tony Bradley,CHI,2022,3.0,3.4,0.5,0.6,10.0,0.585,0.0,False
Ignas Brazdeikis,ORL,2022,5.0,1.7,0.9,0.4,12.8,0.431,0.0,False
Mikal Bridges,PHO,2022,14.2,4.2,2.3,0.8,34.8,0.534,0.0,False
Miles Bridges,CHO,2022,20.2,7.0,3.8,1.9,35.5,0.491,0.0,False
Oshae Brissett,IND,2022,9.1,5.3,1.1,0.8,23.3,0.411,0.0,False
Malcolm Brogdon,IND,2022,19.1,5.1,5.9,2.1,33.5,0.448,0.0,False
Armoni Brooks,2TM,2022,5.3,1.9,1.1,0.5,15.6,0.339,0.0,False
Armoni Brooks,HOU,2022,6.2,2.0,1.2,0.6,16.8,0.347,0.0,False
Armoni Brooks,TOR,2022,2.6,1.7,1.0,0.3,11.8,0.289,0.0,False
Dillon Brooks,MEM,2022,18.4,3.2,2.8,1.6,27.7,0.432,0.0,False
Bruce Brown,BRK,2022,9.0,4.8,2.1,0.8,24.6,0.506,0.0,False
Charlie Brown Jr.,2TM,2022,1.4,1.5,0.3,0.2,8.0,0.256,0.0,False
Charlie Brown Jr.,DAL,2022,0.7,0.3,0.3,0.0,5.0,0.2,0.0,False
Charlie Brown Jr.,PHI,2022,1.5,1.6,0.3,0.3,8.5,0.265,0.0,False
Chaundee Brown Jr.,2TM,2022,6.2,3.2,0.8,0.2,20.8,0.313,0.0,False
Chaundee Brown Jr.,LAL,2022,1.0,1.0,0.0,0.5,10.5,0.143,0.0,False
Chaundee Brown Jr.,ATL,2022,9.7,4.7,1.3,0.0,27.7,0.36,0.0,False
Greg Brown III,POR,2022,4.7,2.8,0.7,0.8,13.3,0.426,0.0,False
Jaylen Brown,BOS,2022,23.6,6.1,3.5,2.7,33.6,0.473,0.0,False
Moses Brown,2TM,2022,4.3,3.4,0.0,0.5,8.6,0.593,0.0,False
Moses Brown,DAL,2022,3.1,2.3,0.0,0.5,6.5,0.54,0.0,False
Moses Brown,CLE,2022,6.4,5.3,0.0,0.4,12.6,0.638,0.0,False
Sterling Brown,DAL,2022,3.3,3.0,0.7,0.5,12.8,0.381,0.0,False
Troy Brown Jr.,CHI,2022,4.3,3.1,1.0,0.4,16.0,0.419,0.0,False
Jalen Brunson,DAL,2022,16.3,3.9,4.8,1.6,31.9,0.502,0.0,False
Thomas Bryant,WAS,2022,7.4,4.0,0.9,0.7,16.3,0.52,0.0,False
Shaq Buchanan,MEM,2022,1.0,1.0,1.0,1.0,5.0,0.25,0.0,False
Reggie Bullock,DAL,2022,8.6,3.5,1.2,0.6,28.0,0.401,0.0,False
Trey Burke,DAL,2022,5.1,0.8,1.4,0.6,10.5,0.391,0.0,False
Alec Burks,NYK,2022,11.7,4.9,3.0,1.1,28.6,0.391,0.0,False
Jared Butler,UTA,2022,3.8,1.1,1.5,0.8,8.6,0.404,0.0,False
Jimmy Butler,MIA,2022,21.4,5.9,5.5,2.1,33.9,0.48,0.0,False
Devontae Cacok,SAS,2022,3.1,2.8,0.4,0.2,8.1,0.677,0.0,False
Kentavious Caldwell-Pope,WAS,2022,13.2,3.4,1.9,1.3,30.2,0.435,0.0,False
Facundo Campazzo,DEN,2022,5.1,1.8,3.4,1.0,18.2,0.361,0.0,False
Vlatko Čančar,DEN,2022,4.1,2.1,1.1,0.6,11.7,0.561,0.0,False
Devin Cannady,ORL,2022,10.0,1.2,2.0,1.0,29.0,0.341,0.0,False
Clint Capela,ATL,2022,11.1,11.9,1.2,0.6,27.6,0.613,0.0,False
Vernon Carey Jr.,2TM,2022,2.9,1.7,0.0,0.4,6.3,0.538,0.0,False
Vernon Carey Jr.,CHO,2022,2.0,1.3,0.0,0.3,4.3,0.5,0.0,False
Vernon Carey Jr.,WAS,2022,4.0,2.3,0.0,0.7,9.0,0.571,0.0,False
Jevon Carter,2TM,2022,4.2,1.7,1.5,0.5,13.7,0.387,0.0,False
Jevon Carter,BRK,2022,3.6,1.5,1.0,0.6,12.0,0.333,0.0,False
Jevon Carter,MIL,2022,5.6,2.2,2.5,0.4,17.7,0.506,0.0,False
Wendell Carter Jr.,ORL,2022,15.0,10.5,2.8,1.9,29.9,0.525,0.0,False
Alex Caruso,CHI,2022,7.4,3.6,4.0,1.4,28.0,0.398,0.0,False
Willie Cauley-Stein,2TM,2022,1.7,2.0,0.5,0.4,9.2,0.457,0.0,False
Willie Cauley-Stein,DAL,2022,1.9,2.1,0.5,0.4,9.8,0.457,0.0,False
Willie Cauley-Stein,PHI,2022,0.0,1.0,0.5,0.0,3.0,,0.0,False
Ahmad Caver,IND,2022,2.0,0.0,0.0,0.0,1.0,1.0,0.0,False
Justin Champagnie,TOR,2022,2.3,2.0,0.3,0.2,7.8,0.463,0.0,False
Zylan Cheatham,UTA,2022,0.0,0.0,0.0,0.0,5.0,0.0,0.0,False
Chris Chiozza,GSW,2022,2.0,1.1,1.9,0.9,10.9,0.296,0.0,False
Josh Christopher,HOU,2022,7.9,2.5,2.0,1.5,18.0,0.448,0.0,False
Marquese Chriss,DAL,2022,4.5,3.0,0.5,0.5,10.2,0.463,0.0,False
Brandon Clarke,MEM,2022,10.4,5.3,1.3,0.5,19.5,0.644,0.0,False
Gary Clark,NOP,2022,2.7,2.4,0.5,0.3,9.9,0.375,0.0,False
Jordan Clarkson,UTA,2022,16.0,3.5,2.5,1.6,27.1,0.419,0.0,False
Nic Claxton,BRK,2022,8.7,5.6,0.9,0.8,20.7,0.674,0.0,False
Amir Coffey,LAC,2022,9.0,2.9,1.8,0.7,22.7,0.453,0.0,False
Darren Collison,LAL,2022,1.3,1.3,0.7,0.3,12.3,0.286,0.0,False
John Collins,ATL,2022,16.2,7.8,1.8,1.1,30.8,0.526,0.0,False
Zach Collins,SAS,2022,7.8,5.5,2.2,1.6,17.9,0.49,0.0,False
Mike Conley,UTA,2022,13.7,3.0,5.3,1.7,28.6,0.435,0.0,False
Pat Connaughton,MIL,2022,9.9,4.2,1.3,0.5,26.0,0.458,0.0,False
Tyler Cook,CHI,2022,3.4,2.7,0.2,0.4,10.0,0.605,0.0,False
Sharife Cooper,ATL,2022,0.5,0.4,0.4,0.4,3.0,0.214,0.0,False
Petr Cornelie,DEN,2022,1.1,1.1,0.2,0.3,2.9,0.333,0.0,False
DeMarcus Cousins,2TM,2022,9.0,5.6,1.5,1.8,15.0,0.46,0.0,False
DeMarcus Cousins,MIL,2022,9.1,5.8,1.1,0.9,16.9,0.466,0.0,False
DeMarcus Cousins,DEN,2022,8.9,5.5,1.7,2.2,13.9,0.456,0.0,False
Robert Covington,2TM,2022,8.5,5.5,1.3,1.1,27.3,0.42,0.0,False
Robert Covington,POR,2022,7.6,5.7,1.4,1.2,29.8,0.381,0.0,False
Robert Covington,LAC,2022,10.4,5.1,1.0,0.7,22.1,0.5,0.0,False
Torrey Craig,2TM,2022,6.6,4.0,1.2,0.9,20.5,0.454,0.0,False
Torrey Craig,IND,2022,6.5,3.8,1.1,0.8,20.3,0.456,0.0,False
Torrey Craig,PHO,2022,6.9,4.3,1.2,1.0,20.8,0.45,0.0,False
Jae Crowder,PHO,2022,9.4,5.3,1.9,0.8,28.1,0.399,0.0,False
Jarrett Culver,MEM,2022,3.5,1.3,0.9,0.5,9.1,0.378,0.0,False
Jarron Cumberland,POR,2022,0.7,1.0,0.3,0.0,4.0,0.5,0.0,False
Cade Cunningham,DET,2022,17.4,5.5,5.6,3.7,32.6,0.416,0.0,False
Seth Curry,2TM,2022,15.0,3.1,3.6,1.7,33.4,0.487,0.0,False
Seth Curry,PHI,2022,15.0,3.4,4.0,1.9,34.8,0.485,0.0,False
Seth Curry,BRK,2022,14.9,2.6,2.6,1.3,29.9,0.493,0.0,False
Stephen Curry,GSW,2022,25.5,5.2,6.3,3.2,34.5,0.437,0.0,False
Anthony Davis,LAL,2022,23.2,9.9,3.1,2.1,35.1,0.532,0.0,False
Ed Davis,CLE,2022,0.9,2.1,0.2,0.2,6.5,0.688,0.0,False
Terence Davis,SAC,2022,10.4,3.1,1.3,1.1,17.9,0.423,0.0,False
Gabriel Deck,OKC,2022,2.6,0.9,0.7,0.3,8.0,0.571,0.0,False
Dewayne Dedmon,MIA,2022,6.3,5.8,0.7,1.0,15.9,0.566,0.0,False
Sam Dekker,TOR,2022,0.0,0.0,0.0,0.0,1.0,,0.0,False
Javin DeLaurier,MIL,2022,0.0,1.0,0.0,0.0,3.0,,0.0,False
DeMar DeRozan,CHI,2022,27.9,5.2,4.9,2.4,36.1,0.504,0.0,False
Mamadi Diakite,OKC,2022,4.3,4.5,0.2,0.5,14.5,0.532,0.0,False
Cheick Diallo,DET,2022,3.7,4.0,0.0,0.3,10.3,0.375,0.0,False
Hamidou Diallo,DET,2022,11.0,4.8,1.3,1.0,21.9,0.496,0.0,False
Gorgui Dieng,ATL,2022,3.5,2.8,0.8,0.5,8.4,0.473,0.0,False
Spencer Dinwiddie,2TM,2022,13.7,4.2,5.2,1.6,29.6,0.416,0.0,False
Spencer Dinwiddie,WAS,2022,12.6,4.7,5.8,1.7,30.2,0.376,0.0,False
Spencer Dinwiddie,DAL,2022,15.8,3.1,3.9,1.3,28.3,0.498,0.0,False
Donte DiVincenzo,2TM,2022,9.0,4.0,2.8,1.7,24.0,0.351,0.0,False
Donte DiVincenzo,MIL,2022,7.2,3.5,1.7,1.6,20.1,0.331,0.0,False
Donte DiVincenzo,SAC,2022,10.3,4.4,3.6,1.8,26.6,0.362,0.0,False
Luka Dončić,DAL,2022,28.4,9.1,8.7,4.5,35.4,0.457,0.0,False
Luguentz Dort,OKC,2022,17.2,4.2,1.7,1.7,32.6,0.404,0.0,False
Ayo Dosunmu,CHI,2022,8.8,2.8,3.3,1.4,27.4,0.52,0.0,False
Damyean Dotson,NYK,2022,2.0,1.0,0.5,0.0,10.5,0.5,0.0,False
Devon Dotson,CHI,2022,2.6,0.8,1.4,0.5,7.7,0.478,0.0,False
Sekou Doumbouya,LAL,2022,7.0,3.0,0.0,1.0,8.0,0.625,0.0,False
Jeff Dowtin,3TM,2022,2.1,2.0,1.1,0.6,12.0,0.308,0.0,False
Jeff Dowtin,GSW,2022,1.5,1.8,0.8,0.3,7.0,0.5,0.0,False
Jeff Dowtin,MIL,2022,0.0,0.0,0.0,0.0,3.0,0.0,0.0,False
Jeff Dowtin,ORL,2022,3.3,2.8,1.8,1.0,19.3,0.263,0.0,False
PJ Dozier,DEN,2022,5.4,3.5,1.6,0.7,18.9,0.364,0.0,False
Goran Dragić,2TM,2022,7.5,3.1,4.1,1.6,23.7,0.377,0.0,False
Goran Dragić,TOR,2022,8.0,2.8,1.8,0.2,18.0,0.382,0.0,False
Goran Dragić,BRK,2022,7.3,3.2,4.8,2.1,25.5,0.376,0.0,False
Andre Drummond,2TM,2022,7.9,9.3,1.8,1.6,19.7,0.57,0.0,False
Andre Drummond,PHI,2022,6.1,8.8,2.0,1.6,18.4,0.538,0.0,False
Andre Drummond,BRK,2022,11.8,10.3,1.4,1.5,22.3,0.61,0.0,False
Chris Duarte,IND,2022,13.1,4.1,2.1,1.6,28.0,0.432,0.0,False
David Duke Jr.,BRK,2022,4.7,3.0,0.8,0.4,15.5,0.361,0.0,False
Kris Dunn,POR,2022,7.6,3.5,5.6,2.3,24.0,0.431,0.0,False
Kevin Durant,BRK,2022,29.9,7.4,6.4,3.5,37.2,0.518,0.0,False
Jaime Echenique,WAS,2022,0.0,0.0,0.0,0.0,3.0,,0.0,False
Anthony Edwards,MIN,2022,21.3,4.8,3.8,2.6,34.3,0.441,0.0,False
Carsen Edwards,DET,2022,5.8,1.5,3.5,1.3,19.8,0.3,0.0,False
Kessler Edwards,BRK,2022,5.9,3.6,0.6,0.9,20.6,0.412,0.0,False
Rob Edwards,OKC,2022,1.5,1.5,0.0,0.5,5.5,0.25,0.0,False
CJ Elleby,POR,2022,5.8,3.9,1.5,1.0,20.2,0.393,0.0,False
Wayne Ellington,LAL,2022,6.7,1.8,0.7,0.4,18.8,0.414,0.0,False
Joel Embiid,PHI,2022,30.6,11.7,4.2,3.1,33.8,0.499,0.0,False
James Ennis III,3TM,2022,4.1,1.7,0.4,0.3,8.0,0.458,0.0,False
James Ennis III,BRK,2022,2.5,2.5,0.0,0.0,7.0,0.286,0.0,False
James Ennis III,LAC,2022,10.0,2.5,0.0,0.5,14.0,0.636,0.0,False
James Ennis III,DEN,2022,1.3,0.7,1.0,0.3,4.7,0.333,0.0,False
Drew Eubanks,2TM,2022,7.7,5.4,1.2,1.1,17.5,0.596,0.0,False
Drew Eubanks,SAS,2022,4.7,4.0,1.0,0.9,12.1,0.528,0.0,False
Drew Eubanks,POR,2022,14.5,8.5,1.6,1.6,29.5,0.646,0.0,False
Tacko Fall,CLE,2022,1.1,2.1,0.2,0.3,5.4,0.417,0.0,False
Derrick Favors,OKC,2022,5.3,4.7,0.6,0.2,16.7,0.516,0.0,False
Bruno Fernando,2TM,2022,2.9,1.8,0.2,0.5,5.1,0.655,0.0,False
Bruno Fernando,BOS,2022,1.0,0.8,0.2,0.3,2.9,0.5,0.0,False
Bruno Fernando,HOU,2022,6.9,4.0,0.3,0.9,9.4,0.707,0.0,False
Dorian Finney-Smith,DAL,2022,11.0,4.7,1.9,1.0,33.1,0.471,0.0,False
Malik Fitts,2TM,2022,1.4,1.1,0.3,0.1,4.2,0.421,0.0,False
Malik Fitts,UTA,2022,0.9,1.4,0.0,0.3,5.0,0.222,0.0,False
Malik Fitts,BOS,2022,1.9,0.9,0.6,0.0,3.5,0.6,0.0,False
Malachi Flynn,TOR,2022,4.3,1.4,1.6,0.3,12.2,0.393,0.0,False
Bryn Forbes,2TM,2022,8.8,1.2,1.0,0.7,17.1,0.429,0.0,False
Bryn Forbes,SAS,2022,9.1,1.6,1.0,0.8,16.9,0.432,0.0,False
Bryn Forbes,DEN,2022,8.6,0.9,1.0,0.7,17.4,0.424,0.0,False
Aleem Ford,ORL,2022,2.8,3.0,0.4,0.8,14.8,0.3,0.0,False
Trent Forrest,UTA,2022,3.3,1.7,1.8,0.8,12.8,0.49,0.0,False
Evan Fournier,NYK,2022,14.1,2.6,2.1,1.3,29.5,0.417,0.0,False
De'Aaron Fox,SAC,2022,23.2,3.9,5.6,2.8,35.3,0.473,0.0,False
Melvin Frazier,OKC,2022,10.7,4.3,0.3,1.0,40.0,0.271,0.0,False
Tim Frazier,2TM,2022,3.3,1.6,2.8,1.3,17.3,0.311,0.0,False
Tim Frazier,ORL,2022,3.7,1.9,3.3,1.3,20.0,0.302,0.0,False
Tim Frazier,CLE,2022,1.0,0.0,0.5,1.0,4.0,0.5,0.0,False
Markelle Fultz,ORL,2022,10.8,2.7,5.5,2.2,20.0,0.474,0.0,False
Wenyen Gabriel,3TM,2022,5.4,3.7,0.5,0.6,13.8,0.491,0.0,False
Wenyen Gabriel,BRK,2022,0.0,1.0,0.0,0.0,1.0,,0.0,False
Wenyen Gabriel,LAC,2022,2.3,2.3,0.3,0.5,7.7,0.385,0.0,False
Wenyen Gabriel,LAL,2022,6.7,4.3,0.6,0.7,16.4,0.505,0.0,False
Daniel Gafford,WAS,2022,9.4,5.7,0.9,0.9,20.1,0.693,0.0,False
Danilo Gallinari,ATL,2022,11.7,4.7,1.5,0.6,25.3,0.434,0.0,False
Langston Galloway,2TM,2022,2.0,2.6,1.7,0.9,15.3,0.231,0.0,False
Langston Galloway,BRK,2022,3.0,2.0,1.3,1.3,14.5,0.385,0.0,False
Langston Galloway,MIL,2022,0.7,3.3,2.3,0.3,16.3,0.077,0.0,False
Darius Garland,CLE,2022,21.7,3.3,8.6,3.6,35.7,0.462,0.0,False
Marcus Garrett,MIA,2022,1.1,1.9,0.6,0.2,10.7,0.238,0.0,False
Usman Garuba,HOU,2022,2.0,3.5,0.7,0.3,10.0,0.432,0.0,False
Luka Garza,DET,2022,5.8,3.1,0.6,0.6,12.2,0.449,0.0,False
Rudy Gay,UTA,2022,8.1,4.4,1.0,0.9,18.9,0.414,0.0,False
Paul George,LAC,2022,24.3,6.9,5.7,4.1,34.7,0.421,0.0,False
Taj Gibson,NYK,2022,4.4,4.4,0.6,0.5,18.2,0.518,0.0,False
Josh Giddey,OKC,2022,12.5,7.8,6.4,3.2,31.5,0.419,0.0,False
Shai Gilgeous-Alexander,OKC,2022,24.5,5.0,5.9,2.8,34.7,0.453,0.0,False
Anthony Gill,WAS,2022,4.1,1.9,0.6,0.4,10.5,0.569,0.0,False
Freddie Gillespie,ORL,2022,2.3,4.0,0.6,0.6,13.2,0.409,0.0,False
Rudy Gobert,UTA,2022,15.6,14.7,1.1,1.8,32.1,0.713,0.0,False
Brandon Goodwin,CLE,2022,4.8,1.9,2.5,1.0,13.9,0.416,0.0,False
Jordan Goodwin,WAS,2022,0.0,0.5,0.0,0.0,3.0,0.0,0.0,False
Aaron Gordon,DEN,2022,15.0,5.9,2.5,1.8,31.7,0.52,0.0,False
Eric Gordon,HOU,2022,13.4,2.0,2.7,1.9,29.3,0.475,0.0,False
Devonte' Graham,NOP,2022,11.9,2.3,4.2,1.4,28.4,0.363,0.0,False
Jerami Grant,DET,2022,19.2,4.1,2.4,1.8,31.9,0.426,0.0,False
Hassani Gravett,ORL,2022,6.3,2.6,2.5,1.1,21.4,0.474,0.0,False
Danny Green,PHI,2022,5.9,2.5,1.0,0.7,21.8,0.394,0.0,False
Draymond Green,GSW,2022,7.5,7.3,7.0,3.0,28.9,0.525,0.0,False
JaMychal Green,DEN,2022,6.4,4.2,0.9,0.9,16.2,0.486,0.0,False
Javonte Green,CHI,2022,7.2,4.2,0.9,0.5,23.4,0.542,0.0,False
Jalen Green,HOU,2022,17.3,3.4,2.6,2.0,31.9,0.426,0.0,False
Jeff Green,DEN,2022,10.3,3.1,1.3,0.9,24.7,0.524,0.0,False
Josh Green,DAL,2022,4.8,2.4,1.2,0.7,15.5,0.508,0.0,False
Blake Griffin,BRK,2022,6.4,4.1,1.9,0.6,17.1,0.425,0.0,False
Quentin Grimes,NYK,2022,6.0,2.0,1.0,0.6,17.1,0.404,0.0,False
Kyle Guy,MIA,2022,3.9,0.9,0.9,0.7,9.8,0.4,0.0,False
Rui Hachimura,WAS,2022,11.3,3.8,1.1,0.8,22.5,0.491,0.0,False
Tyrese Haliburton,2TM,2022,15.3,4.0,8.2,2.6,35.0,0.473,0.0,False
Tyrese Haliburton,SAC,2022,14.3,3.9,7.4,2.3,34.5,0.457,0.0,False
Tyrese Haliburton,IND,2022,17.5,4.3,9.6,3.2,36.1,0.502,0.0,False
Tyler Hall,NYK,2022,0.0,0.0,0.0,0.0,2.0,,0.0,False
R.J. Hampton,ORL,2022,7.6,3.0,2.5,1.4,21.9,0.383,0.0,False
Tim Hardaway Jr.,DAL,2022,14.2,3.7,2.2,0.8,29.6,0.394,0.0,False
James Harden,2TM,2022,22.0,7.7,10.3,4.4,37.2,0.41,0.0,False
James Harden,BRK,2022,22.5,8.0,10.2,4.8,37.0,0.414,0.0,False
James Harden,PHI,2022,21.0,7.1,10.5,3.4,37.7,0.402,0.0,False
Maurice Harkless,SAC,2022,4.6,2.4,0.5,0.7,18.4,0.459,0.0,False
Jared Harper,NOP,2022,7.4,0.4,2.8,0.4,8.6,0.538,0.0,False
Montrezl Harrell,2TM,2022,13.1,6.1,2.0,1.0,23.1,0.645,0.0,False
Montrezl Harrell,WAS,2022,14.1,6.7,2.1,1.1,24.3,0.645,0.0,False
Montrezl Harrell,CHO,2022,11.4,4.9,2.0,0.9,21.0,0.645,0.0,False
Gary Harris,ORL,2022,11.1,2.0,1.8,1.0,28.4,0.434,0.0,False
Joe Harris,BRK,2022,11.3,4.0,1.0,1.1,30.2,0.452,0.0,False
Shaquille Harrison,BRK,2022,2.0,2.0,1.5,1.0,11.5,0.333,0.0,False
Tobias Harris,PHI,2022,17.2,6.8,3.5,1.6,34.8,0.482,0.0,False
Isaiah Hartenstein,LAC,2022,8.3,4.9,2.4,1.2,17.9,0.626,0.0,False
Josh Hart,2TM,2022,14.9,7.2,4.1,2.1,33.2,0.504,0.0,False
Josh Hart,NOP,2022,13.4,7.8,4.1,2.0,33.5,0.505,0.0,False
Josh Hart,POR,2022,19.9,5.4,4.3,2.5,32.1,0.503,0.0,False
Udonis Haslem,MIA,2022,2.5,1.9,0.3,0.4,6.4,0.452,0.0,False
Sam Hauser,BOS,2022,2.5,1.1,0.4,0.1,6.1,0.46,0.0,False
Jaxson Hayes,NOP,2022,9.3,4.5,0.6,0.8,20.0,0.616,0.0,False
Killian Hayes,DET,2022,6.9,3.2,4.2,1.7,25.0,0.383,0.0,False
Gordon Hayward,CHO,2022,15.9,4.6,3.6,1.7,31.9,0.459,0.0,False
Aaron Henry,PHI,2022,0.3,0.2,0.0,0.3,2.8,0.2,0.0,False
Juancho Hernangómez,3TM,2022,3.3,2.5,0.5,0.4,11.1,0.415,0.0,False
Juancho Hernangómez,BOS,2022,1.1,1.4,0.2,0.3,5.3,0.185,0.0,False
Juancho Hernangómez,SAS,2022,1.4,3.0,0.6,0.4,10.2,0.333,0.0,False
Juancho Hernangómez,UTA,2022,6.2,3.5,0.8,0.5,17.5,0.507,0.0,False
Willy Hernangómez,NOP,2022,9.1,6.8,1.3,1.0,16.8,0.52,0.0,False
Tyler Herro,MIA,2022,20.7,5.0,4.0,2.6,32.6,0.447,0.0,False
Buddy Hield,2TM,2022,15.6,4.4,2.8,1.9,30.9,0.406,0.0,False
Buddy Hield,SAC,2022,14.4,4.0,1.9,1.6,28.6,0.382,0.0,False
Buddy Hield,IND,2022,18.2,5.1,4.8,2.4,35.6,0.447,0.0,False
Haywood Highsmith,MIA,2022,2.3,1.4,0.3,0.2,8.6,0.348,0.0,False
George Hill,MIL,2022,6.2,2.9,2.2,0.8,23.2,0.429,0.0,False
Malcolm Hill,2TM,2022,3.8,1.8,0.4,0.2,11.2,0.462,0.0,False
Malcolm Hill,ATL,2022,5.7,2.0,0.3,0.0,15.3,0.625,0.0,False
Malcolm Hill,CHI,2022,3.4,1.8,0.4,0.2,10.4,0.432,0.0,False
Solomon Hill,ATL,2022,0.6,1.8,0.9,0.1,10.7,0.15,0.0,False
Nate Hinton,IND,2022,0.0,0.0,0.0,0.5,1.0,0.0,0.0,False
Jaylen Hoard,OKC,2022,14.7,12.0,2.4,1.1,34.3,0.489,0.0,False
Aaron Holiday,2TM,2022,6.3,1.9,2.4,1.1,16.2,0.447,0.0,False
Aaron Holiday,WAS,2022,6.1,1.6,1.9,1.0,16.2,0.467,0.0,False
Aaron Holiday,PHO,2022,6.8,2.5,3.4,1.3,16.3,0.411,0.0,False
Jrue Holiday,MIL,2022,18.3,4.5,6.8,2.7,32.9,0.501,0.0,False
Justin Holiday,2TM,2022,10.1,2.6,1.7,0.9,27.8,0.394,0.0,False
Justin Holiday,IND,2022,11.0,2.8,1.8,1.0,28.9,0.415,0.0,False
Justin Holiday,SAC,2022,8.3,2.2,1.5,0.8,25.6,0.348,0.0,False
Richaun Holmes,SAC,2022,10.4,7.0,1.1,1.2,23.9,0.66,0.0,False
Rodney Hood,2TM,2022,3.1,1.5,0.7,0.2,13.6,0.369,0.0,False
Rodney Hood,MIL,2022,3.3,1.7,0.8,0.2,14.9,0.351,0.0,False
Rodney Hood,LAC,2022,2.6,0.8,0.6,0.3,9.8,0.462,0.0,False
Scotty Hopson,OKC,2022,4.0,1.0,1.0,2.0,18.0,0.5,0.0,False
Al Horford,BOS,2022,10.2,7.7,3.4,0.9,29.1,0.467,0.0,False
Talen Horton-Tucker,LAL,2022,10.0,3.2,2.7,1.4,25.2,0.416,0.0,False
Danuel House Jr.,3TM,2022,5.9,2.6,1.0,0.8,17.3,0.404,0.0,False
Danuel House Jr.,HOU,2022,4.8,2.7,1.2,1.1,14.6,0.338,0.0,False
Danuel House Jr.,NYK,2022,0.0,0.0,0.0,0.0,3.0,0.0,0.0,False
Danuel House Jr.,UTA,2022,6.8,2.7,1.0,0.6,19.6,0.447,0.0,False
Dwight Howard,LAL,2022,6.2,5.9,0.6,0.8,16.2,0.612,0.0,False
Markus Howard,DEN,2022,4.1,0.4,0.2,0.2,5.7,0.386,0.0,False
Kevin Huerter,ATL,2022,12.1,3.4,2.7,1.2,29.6,0.454,0.0,False
Jay Huff,LAL,2022,0.0,1.0,0.3,0.3,5.0,0.0,0.0,False
Elijah Hughes,2TM,2022,3.5,1.6,0.6,0.5,12.1,0.326,0.0,False
Elijah Hughes,UTA,2022,3.1,1.2,0.4,0.5,8.0,0.417,0.0,False
Elijah Hughes,POR,2022,3.8,1.9,0.7,0.5,14.6,0.296,0.0,False
De'Andre Hunter,ATL,2022,13.4,3.3,1.3,1.3,29.8,0.442,0.0,False
Feron Hunt,NYK,2022,0.0,0.5,0.5,0.5,4.0,0.0,0.0,False
Chandler Hutchison,PHO,2022,0.7,0.8,0.3,0.7,3.7,0.5,0.0,False
Bones Hyland,DEN,2022,10.1,2.7,2.8,1.2,19.0,0.403,0.0,False
Serge Ibaka,2TM,2022,6.8,4.6,0.9,0.8,16.2,0.5,0.0,False
Serge Ibaka,LAC,2022,6.6,4.3,1.0,0.9,15.4,0.49,0.0,False
Serge Ibaka,MIL,2022,7.0,5.3,0.7,0.5,17.8,0.519,0.0,False
Andre Iguodala,GSW,2022,4.0,3.2,3.7,0.9,19.5,0.38,0.0,False
Joe Ingles,UTA,2022,7.2,2.9,3.5,1.0,24.9,0.404,0.0,False
Brandon Ingram,NOP,2022,22.7,5.8,5.6,2.7,34.0,0.461,0.0,False
Kyrie Irving,BRK,2022,27.4,4.4,5.8,2.5,37.6,0.469,0.0,False
Wes Iwundu,ATL,2022,7.3,4.3,0.0,0.3,27.3,0.444,0.0,False
Frank Jackson,DET,2022,10.6,1.6,1.0,0.7,22.0,0.402,0.0,False
Isaiah Jackson,IND,2022,8.3,4.1,0.3,1.1,15.0,0.563,0.0,False
Jaren Jackson Jr.,MEM,2022,16.3,5.8,1.1,1.7,27.3,0.415,0.0,False
Josh Jackson,2TM,2022,6.4,2.8,1.1,0.9,16.3,0.4,0.0,False
Josh Jackson,DET,2022,7.1,3.2,1.3,1.0,18.1,0.41,0.0,False
Josh Jackson,SAC,2022,4.3,1.5,0.4,0.8,10.3,0.347,0.0,False
Justin Jackson,2TM,2022,2.1,1.0,0.3,0.1,5.3,0.333,0.0,False
Justin Jackson,BOS,2022,2.0,0.0,0.0,0.0,2.0,0.0,0.0,False
Justin Jackson,PHO,2022,2.2,1.2,0.3,0.2,5.8,0.357,0.0,False
Reggie Jackson,LAC,2022,16.8,3.6,4.8,2.3,31.2,0.392,0.0,False
LeBron James,LAL,2022,30.3,8.2,6.2,3.5,37.2,0.524,0.0,False
DeJon Jarreau,IND,2022,0.0,0.0,0.0,0.0,1.0,,0.0,False
DaQuan Jeffries,MEM,2022,0.7,0.7,0.3,0.0,3.0,0.5,0.0,False
Ty Jerome,OKC,2022,7.1,1.6,2.3,0.8,16.7,0.378,0.0,False
Isaiah Joe,PHI,2022,3.6,1.0,0.6,0.3,11.1,0.35,0.0,False
Alize Johnson,3TM,2022,1.8,2.7,0.4,0.5,7.3,0.436,0.0,False
Alize Johnson,CHI,2022,1.8,2.3,0.5,0.5,7.6,0.522,0.0,False
Alize Johnson,WAS,2022,1.3,4.0,0.0,1.0,6.0,0.333,0.0,False
Alize Johnson,NOP,2022,2.3,3.3,0.3,0.3,7.0,0.3,0.0,False
B.J. Johnson,ORL,2022,6.5,3.8,0.0,0.0,16.3,0.44,0.0,False
Cameron Johnson,PHO,2022,12.5,4.1,1.5,0.7,26.2,0.46,0.0,False
David Johnson,TOR,2022,0.0,0.0,0.0,0.0,1.0,0.0,0.0,False
James Johnson,BRK,2022,5.5,3.5,2.1,0.8,19.2,0.469,0.0,False
Jalen Johnson,ATL,2022,2.4,1.2,0.1,0.4,5.5,0.537,0.0,False
Joe Johnson,BOS,2022,2.0,0.0,0.0,0.0,2.0,1.0,0.0,False
Keldon Johnson,SAS,2022,17.0,6.1,2.1,1.2,31.9,0.466,0.0,False
Keon Johnson,2TM,2022,7.2,2.2,2.1,1.2,18.8,0.353,0.0,False
Keon Johnson,LAC,2022,3.5,1.4,0.9,0.5,9.0,0.333,0.0,False
Keon Johnson,POR,2022,9.7,2.7,2.9,1.8,25.5,0.357,0.0,False
Stanley Johnson,LAL,2022,6.7,3.2,1.7,0.7,22.8,0.466,0.0,False
Tyler Johnson,2TM,2022,2.8,2.0,1.2,0.3,15.2,0.3,0.0,False
Tyler Johnson,PHI,2022,3.7,2.0,0.7,0.3,12.7,0.4,0.0,False
Tyler Johnson,SAS,2022,2.0,2.0,1.7,0.3,17.7,0.2,0.0,False
Nikola Jokić,DEN,2022,27.1,13.8,7.9,3.8,33.5,0.583,0.0,False
Carlik Jones,2TM,2022,0.8,0.6,1.0,0.6,4.6,0.111,0.0,False
Carlik Jones,DAL,2022,0.7,1.0,1.7,1.0,6.3,0.0,0.0,False
Carlik Jones,DEN,2022,1.0,0.0,0.0,0.0,2.0,0.5,0.0,False
Damian Jones,SAC,2022,8.1,4.4,1.2,1.1,18.2,0.658,0.0,False
Derrick Jones Jr.,CHI,2022,5.6,3.3,0.6,0.6,17.6,0.538,0.0,False
Herbert Jones,NOP,2022,9.5,3.8,2.1,1.3,29.9,0.476,0.0,False
Jemerrio Jones,LAL,2022,2.0,1.5,0.0,0.0,7.5,0.667,0.0,False
Kai Jones,CHO,2022,1.0,0.5,0.2,0.3,3.0,0.643,0.0,False
Mason Jones,LAL,2022,6.8,2.5,1.0,0.3,12.8,0.467,0.0,False
Tre Jones,SAS,2022,6.0,2.2,3.4,0.7,16.6,0.49,0.0,False
Tyus Jones,MEM,2022,8.7,2.4,4.4,0.6,21.2,0.451,0.0,False
DeAndre Jordan,2TM,2022,4.3,5.5,0.4,0.8,13.0,0.643,0.0,False
DeAndre Jordan,LAL,2022,4.1,5.4,0.4,0.7,12.8,0.674,0.0,False
DeAndre Jordan,PHI,2022,4.6,5.8,0.5,1.0,13.4,0.593,0.0,False
Cory Joseph,DET,2022,8.0,2.7,3.6,1.3,24.6,0.445,0.0,False
Georgios Kalaitzakis,2TM,2022,6.6,1.6,0.9,1.5,16.5,0.463,0.0,False
Georgios Kalaitzakis,MIL,2022,1.8,0.9,0.0,0.4,5.3,0.455,0.0,False
Georgios Kalaitzakis,OKC,2022,17.5,3.3,3.0,4.0,41.5,0.464,0.0,False
Frank Kaminsky,PHO,2022,10.6,4.6,1.4,0.6,20.1,0.545,0.0,False
Enes Freedom,BOS,2022,3.7,4.6,0.2,0.6,11.7,0.526,0.0,False
Luke Kennard,LAC,2022,11.9,3.3,2.1,0.9,27.4,0.449,0.0,False
Braxton Key,2TM,2022,7.2,4.5,1.0,1.0,17.9,0.458,0.0,False
Braxton Key,PHI,2022,1.0,1.0,0.5,1.0,3.0,0.5,0.0,False
Braxton Key,DET,2022,8.6,5.3,1.1,1.0,21.2,0.457,0.0,False
George King,DAL,2022,0.3,1.3,0.0,0.3,4.8,0.0,0.0,False
Louis King,SAC,2022,4.5,1.2,0.9,0.0,10.4,0.319,0.0,False
Corey Kispert,WAS,2022,8.2,2.7,1.1,0.6,23.4,0.455,0.0,False
Maxi Kleber,DAL,2022,7.0,5.9,1.2,0.8,24.6,0.398,0.0,False
Brandon Knight,DAL,2022,6.4,1.6,1.6,0.8,13.0,0.4,0.0,False
Nathan Knight,MIN,2022,3.7,2.3,0.6,0.5,7.2,0.511,0.0,False
Kevin Knox,2TM,2022,3.1,1.5,0.3,0.2,7.4,0.365,0.0,False
Kevin Knox,NYK,2022,3.6,1.7,0.2,0.4,8.5,0.375,0.0,False
Kevin Knox,ATL,2022,2.7,1.3,0.4,0.1,6.5,0.356,0.0,False
John Konchar,MEM,2022,4.8,4.6,1.5,0.4,17.9,0.515,0.0,False
Furkan Korkmaz,PHI,2022,7.6,2.6,1.9,0.7,21.1,0.387,0.0,False
Luke Kornet,3TM,2022,2.0,1.9,0.6,0.0,6.9,0.481,0.0,False
Luke Kornet,CLE,2022,2.0,1.5,0.5,0.0,7.5,0.2,0.0,False
Luke Kornet,MIL,2022,0.0,1.0,0.0,0.0,3.0,0.0,0.0,False
Luke Kornet,BOS,2022,2.2,2.1,0.7,0.0,7.1,0.571,0.0,False
Vit Krejci,OKC,2022,6.2,3.4,1.9,1.0,23.0,0.407,0.0,False
Arnoldas Kulboka,CHO,2022,0.0,0.0,0.0,0.0,2.5,0.0,0.0,False
Jonathan Kuminga,GSW,2022,9.3,3.3,0.9,1.1,16.9,0.513,0.0,False
Kyle Kuzma,WAS,2022,17.1,8.5,3.5,2.6,33.4,0.452,0.0,False
Anthony Lamb,SAS,2022,0.0,0.5,1.0,0.0,4.0,0.0,0.0,False
Jeremy Lamb,2TM,2022,7.3,2.8,1.4,0.7,16.7,0.383,0.0,False
Jeremy Lamb,IND,2022,7.1,2.4,1.3,0.6,15.7,0.373,0.0,False
Jeremy Lamb,SAC,2022,7.9,3.5,1.8,0.8,18.9,0.403,0.0,False
Jock Landale,SAS,2022,4.9,2.6,0.8,0.6,10.9,0.495,0.0,False
Romeo Langford,2TM,2022,4.5,2.3,0.4,0.3,16.1,0.435,0.0,False
Romeo Langford,BOS,2022,4.7,2.4,0.4,0.4,16.5,0.429,0.0,False
Romeo Langford,SAS,2022,2.8,1.0,0.5,0.0,10.8,0.571,0.0,False
Zach LaVine,CHI,2022,24.4,4.6,4.5,2.6,34.7,0.476,0.0,False
Jake Layman,MIN,2022,2.4,1.1,0.3,0.3,6.8,0.411,0.0,False
Damion Lee,GSW,2022,7.4,3.2,1.0,0.6,19.9,0.441,0.0,False
Saben Lee,DET,2022,5.6,2.4,2.9,1.0,16.3,0.39,0.0,False
Alex Len,SAC,2022,6.0,4.1,1.2,1.1,15.9,0.534,0.0,False
Caris LeVert,2TM,2022,17.0,3.7,4.3,1.9,30.7,0.444,0.0,False
Caris LeVert,IND,2022,18.7,3.8,4.4,1.9,31.1,0.447,0.0,False
Caris LeVert,CLE,2022,13.6,3.4,3.9,1.7,29.8,0.435,0.0,False
Kira Lewis Jr.,NOP,2022,5.9,1.6,2.0,1.1,14.2,0.404,0.0,False
Scottie Lewis,CHO,2022,0.5,0.0,0.5,0.0,3.5,,0.0,False
Damian Lillard,POR,2022,24.0,4.1,7.3,2.9,36.4,0.402,0.0,False
Nassir Little,POR,2022,9.8,5.6,1.3,1.0,25.9,0.46,0.0,False
Isaiah Livers,DET,2022,6.4,3.0,1.1,0.8,20.2,0.456,0.0,False
Kevon Looney,GSW,2022,6.0,7.3,2.0,0.8,21.1,0.571,0.0,False
Brook Lopez,MIL,2022,12.4,4.1,0.5,0.9,22.9,0.466,0.0,False
Robin Lopez,ORL,2022,7.1,3.5,1.5,1.2,17.0,0.553,0.0,False
Didi Louzada,2TM,2022,3.9,1.9,0.6,0.6,14.3,0.364,0.0,False
Didi Louzada,NOP,2022,0.0,1.0,0.5,0.0,3.5,0.0,0.0,False
Didi Louzada,POR,2022,5.0,2.1,0.6,0.7,17.4,0.4,0.0,False
Kevin Love,CLE,2022,13.6,7.2,2.2,1.3,22.5,0.43,0.0,False
Kyle Lowry,MIA,2022,13.4,4.5,7.5,2.7,33.9,0.44,0.0,False
Gabriel Lundberg,PHO,2022,3.3,1.8,2.8,0.8,11.0,0.263,0.0,False
Timothé Luwawu-Cabarrot,ATL,2022,4.4,1.6,0.8,0.4,13.2,0.398,0.0,False
Trey Lyles,2TM,2022,10.5,5.1,1.2,1.0,20.5,0.466,0.0,False
Trey Lyles,DET,2022,10.4,4.8,1.1,1.1,19.4,0.456,0.0,False
Trey Lyles,SAC,2022,10.6,5.6,1.3,0.8,22.8,0.489,0.0,False
Théo Maledon,OKC,2022,7.1,2.6,2.2,1.3,17.8,0.375,0.0,False
Sandro Mamukelashvili,MIL,2022,3.8,2.0,0.5,0.4,9.9,0.496,0.0,False
Terance Mann,LAC,2022,10.8,5.2,2.6,1.0,28.6,0.484,0.0,False
Tre Mann,OKC,2022,10.4,2.9,1.5,1.2,22.8,0.393,0.0,False
Boban Marjanović,DAL,2022,4.3,1.7,0.1,0.7,5.6,0.6,0.0,False
Lauri Markkanen,CLE,2022,14.8,5.7,1.3,0.9,30.8,0.445,0.0,False
Naji Marshall,NOP,2022,5.7,2.6,1.1,0.8,13.4,0.405,0.0,False
Caleb Martin,MIA,2022,9.2,3.8,1.1,0.9,22.9,0.507,0.0,False
Cody Martin,CHO,2022,7.7,4.0,2.5,0.9,26.3,0.482,0.0,False
Kelan Martin,2TM,2022,5.7,1.8,0.7,0.5,15.0,0.409,0.0,False
Kelan Martin,IND,2022,6.3,2.0,0.8,0.5,16.4,0.417,0.0,False
Kelan Martin,BOS,2022,0.0,0.7,0.0,0.0,2.0,0.0,0.0,False
KJ Martin,HOU,2022,8.8,3.8,1.3,0.8,21.0,0.533,0.0,False
Garrison Mathews,HOU,2022,10.0,2.9,1.0,0.6,26.3,0.399,0.0,False
Dakota Mathias,MEM,2022,1.0,0.3,0.2,0.0,2.7,0.333,0.0,False
Wesley Matthews,MIL,2022,5.1,1.9,0.7,0.4,20.4,0.395,0.0,False
Tyrese Maxey,PHI,2022,17.5,3.2,4.3,1.2,35.3,0.485,0.0,False
Skylar Mays,ATL,2022,2.9,0.9,0.6,0.4,7.9,0.5,0.0,False
Miles McBride,NYK,2022,2.2,1.1,1.0,0.1,9.3,0.296,0.0,False
Mac McClung,2TM,2022,4.0,1.5,0.5,1.5,12.5,0.5,0.0,False
Mac McClung,CHI,2022,2.0,0.0,0.0,1.0,3.0,1.0,0.0,False
Mac McClung,LAL,2022,6.0,3.0,1.0,2.0,22.0,0.4,0.0,False
CJ McCollum,2TM,2022,22.1,4.3,5.1,2.0,34.6,0.46,0.0,False
CJ McCollum,POR,2022,20.5,4.3,4.5,1.9,35.2,0.436,0.0,False
CJ McCollum,NOP,2022,24.3,4.5,5.8,2.2,33.8,0.493,0.0,False
T.J. McConnell,IND,2022,8.5,3.3,4.9,1.1,24.1,0.481,0.0,False
Jalen McDaniels,CHO,2022,6.2,3.1,1.1,0.7,16.3,0.484,0.0,False
Jaden McDaniels,MIN,2022,9.2,4.2,1.1,1.1,25.8,0.46,0.0,False
Doug McDermott,SAS,2022,11.3,2.3,1.3,0.8,24.0,0.462,0.0,False
JaVale McGee,PHO,2022,9.2,6.7,0.6,1.3,15.8,0.629,0.0,False
Cameron McGriff,POR,2022,4.7,5.0,1.0,0.0,15.3,0.357,0.0,False
Rodney McGruder,DET,2022,5.4,2.2,0.9,0.5,14.8,0.436,0.0,False
Alfonzo McKinnie,CHI,2022,3.5,1.9,0.3,0.4,12.1,0.393,0.0,False
JaQuori McLaughlin,DAL,2022,0.0,0.0,0.5,0.0,2.8,0.0,0.0,False
Jordan McLaughlin,MIN,2022,3.8,1.5,2.9,0.6,14.5,0.44,0.0,False
Ben McLemore,POR,2022,10.2,1.6,0.9,0.9,20.1,0.401,0.0,False
De'Anthony Melton,MEM,2022,10.8,4.5,2.7,1.5,22.7,0.404,0.0,False
Sam Merrill,MEM,2022,4.2,1.2,0.7,0.3,9.7,0.333,0.0,False
Chimezie Metu,SAC,2022,8.9,5.6,1.0,1.0,21.3,0.452,0.0,False
Khris Middleton,MIL,2022,20.1,5.4,5.4,2.9,32.4,0.443,0.0,False
C.J. Miles,BOS,2022,0.0,0.0,0.0,0.0,2.0,,0.0,False
Paul Millsap,2TM,2022,3.5,3.5,0.9,0.6,11.4,0.391,0.0,False
Paul Millsap,BRK,2022,3.4,3.7,1.0,0.5,11.3,0.376,0.0,False
Paul Millsap,PHI,2022,3.7,2.8,0.6,0.9,11.8,0.433,0.0,False
Patty Mills,BRK,2022,11.4,1.9,2.3,0.9,29.0,0.408,0.0,False
Shake Milton,PHI,2022,8.2,2.6,2.5,0.8,21.4,0.429,0.0,False
Davion Mitchell,SAC,2022,11.5,2.2,4.2,1.5,27.7,0.418,0.0,False
Donovan Mitchell,UTA,2022,25.9,4.2,5.3,3.0,33.8,0.448,0.0,False
Evan Mobley,CLE,2022,15.0,8.3,2.5,1.9,33.8,0.508,0.0,False
Malik Monk,LAL,2022,13.8,3.4,2.9,1.6,28.1,0.473,0.0,False
Greg Monroe,4TM,2022,5.4,4.6,1.6,0.9,13.9,0.561,0.0,False
Greg Monroe,MIN,2022,7.3,6.0,4.0,1.8,20.3,0.591,0.0,False
Greg Monroe,WAS,2022,4.0,5.0,0.5,1.0,9.0,0.5,0.0,False
Greg Monroe,MIL,2022,5.4,4.2,0.4,0.6,14.0,0.5,0.0,False
Greg Monroe,UTA,2022,4.0,3.0,1.0,0.0,8.7,0.8,0.0,False
Moses Moody,GSW,2022,4.4,1.5,0.4,0.3,11.7,0.437,0.0,False
Matt Mooney,NYK,2022,0.0,0.0,0.0,1.0,2.0,0.0,0.0,False
Xavier Moon,LAC,2022,5.8,1.4,2.4,0.6,13.7,0.49,0.0,False
Ja Morant,MEM,2022,27.4,5.7,6.7,3.4,33.1,0.493,0.0,False
Juwan Morgan,2TM,2022,2.5,2.0,0.5,0.0,15.5,0.667,0.0,False
Juwan Morgan,TOR,2022,5.0,4.0,1.0,0.0,27.0,0.667,0.0,False
Juwan Morgan,BOS,2022,0.0,0.0,0.0,0.0,4.0,,0.0,False
Jaylen Morris,SAS,2022,0.7,0.7,0.7,0.3,5.3,0.0,0.0,False
Markieff Morris,MIA,2022,7.6,2.6,1.4,1.2,17.5,0.474,0.0,False
Marcus Morris,LAC,2022,15.4,4.4,2.1,1.3,29.0,0.434,0.0,False
Monte Morris,DEN,2022,12.6,3.0,4.4,1.0,29.9,0.484,0.0,False
Emmanuel Mudiay,SAC,2022,1.5,0.0,2.0,0.5,5.5,0.0,0.0,False
Mychal Mulder,2TM,2022,4.1,1.4,0.3,0.5,14.1,0.312,0.0,False
Mychal Mulder,ORL,2022,3.7,1.4,0.2,0.5,13.0,0.299,0.0,False
Mychal Mulder,MIA,2022,7.0,1.5,1.0,0.0,22.0,0.4,0.0,False
Ade Murkey,SAC,2022,0.0,0.0,0.0,0.0,1.0,,0.0,False
Trey Murphy III,NOP,2022,5.4,2.4,0.6,0.3,13.9,0.394,0.0,False
Dejounte Murray,SAS,2022,21.1,8.3,9.2,2.6,34.8,0.462,0.0,False
Mike Muscala,OKC,2022,8.0,3.0,0.5,0.3,13.8,0.456,0.0,False
Svi Mykhailiuk,TOR,2022,4.6,1.6,0.8,0.6,12.8,0.389,0.0,False
Abdel Nader,PHO,2022,2.4,1.9,0.5,0.8,10.4,0.343,0.0,False
Larry Nance Jr.,2TM,2022,7.0,5.4,1.8,0.8,22.6,0.522,0.0,False
Larry Nance Jr.,POR,2022,6.9,5.6,2.0,0.7,23.2,0.515,0.0,False
Larry Nance Jr.,NOP,2022,7.3,4.3,0.9,1.1,20.2,0.551,0.0,False
RJ Nembhard Jr.,CLE,2022,1.1,0.5,0.9,0.2,4.5,0.333,0.0,False
Aaron Nesmith,BOS,2022,3.8,1.7,0.4,0.6,11.0,0.396,0.0,False
Raul Neto,WAS,2022,7.5,1.9,3.1,1.1,19.6,0.463,0.0,False
Malik Newman,CLE,2022,8.0,1.0,1.0,1.0,8.0,0.6,0.0,False
Georges Niang,PHI,2022,9.2,2.7,1.3,0.8,22.8,0.437,0.0,False
Daishen Nix,HOU,2022,3.2,1.4,1.7,1.1,10.9,0.403,0.0,False
Zeke Nnaji,DEN,2022,6.6,3.6,0.4,0.6,17.0,0.516,0.0,False
Nerlens Noel,NYK,2022,3.4,5.6,0.9,0.8,22.5,0.533,0.0,False
Jaylen Nowell,MIN,2022,8.5,2.0,2.1,0.6,15.7,0.475,0.0,False
Frank Ntilikina,DAL,2022,4.1,1.4,1.2,0.5,11.8,0.399,0.0,False
Jusuf Nurkić,POR,2022,15.0,11.1,2.8,2.6,28.2,0.535,0.0,False
David Nwaba,HOU,2022,5.1,3.3,0.8,0.5,13.2,0.483,0.0,False
Jordan Nwora,MIL,2022,7.9,3.6,1.0,0.9,19.1,0.403,0.0,False
Semi Ojeleye,2TM,2022,3.3,2.5,0.3,0.3,13.5,0.303,0.0,False
Semi Ojeleye,MIL,2022,2.9,2.9,0.3,0.3,15.4,0.257,0.0,False
Semi Ojeleye,LAC,2022,4.1,1.6,0.4,0.4,9.8,0.414,0.0,False
Chuma Okeke,ORL,2022,8.6,5.0,1.7,0.8,25.0,0.376,0.0,False
Josh Okogie,MIN,2022,2.7,1.4,0.5,0.5,10.5,0.404,0.0,False
Onyeka Okongwu,ATL,2022,8.2,5.9,1.1,0.9,20.7,0.69,0.0,False
Isaac Okoro,CLE,2022,8.8,3.0,1.8,0.9,29.6,0.48,0.0,False
KZ Okpala,MIA,2022,3.7,2.0,0.7,0.2,11.6,0.435,0.0,False
Victor Oladipo,MIA,2022,12.4,2.9,3.5,2.0,21.6,0.479,0.0,False
Cameron Oliver,ATL,2022,11.5,3.0,1.5,0.0,21.5,0.667,0.0,False
Kelly Olynyk,DET,2022,9.1,4.4,2.8,1.5,19.1,0.448,0.0,False
Eugene Omoruyi,DAL,2022,1.8,1.8,0.5,0.0,4.5,0.4,0.0,False
Royce O'Neale,UTA,2022,7.4,4.8,2.5,1.0,31.2,0.457,0.0,False
Miye Oni,UTA,2022,0.3,0.4,0.3,0.1,2.8,0.222,0.0,False
Cedi Osman,CLE,2022,10.7,2.2,2.0,1.0,22.2,0.432,0.0,False
Daniel Oturu,TOR,2022,3.0,1.7,0.0,0.0,9.0,0.5,0.0,False
Kelly Oubre Jr.,CHO,2022,15.0,4.0,1.1,0.9,26.3,0.44,0.0,False
Jaysean Paige,DET,2022,0.0,1.0,1.0,1.0,7.0,0.0,0.0,False
Trayvon Palmer,DET,2022,0.0,2.0,0.0,1.0,17.0,0.0,0.0,False
Kevin Pangos,CLE,2022,1.6,0.5,1.3,0.3,6.9,0.326,0.0,False
Jabari Parker,BOS,2022,4.4,2.3,0.5,0.7,9.3,0.474,0.0,False
Eric Paschall,UTA,2022,5.8,1.8,0.6,0.5,12.7,0.485,0.0,False
Chris Paul,PHO,2022,14.7,4.4,10.8,2.4,32.9,0.493,0.0,False
Cameron Payne,PHO,2022,10.8,3.0,4.9,1.8,22.0,0.409,0.0,False
Elfrid Payton,PHO,2022,3.0,1.8,2.0,0.9,11.0,0.383,0.0,False
Gary Payton II,GSW,2022,7.1,3.5,0.9,0.6,17.6,0.616,0.0,False
Norvel Pelle,UTA,2022,2.0,2.0,0.0,0.7,6.3,0.6,0.0,False
Reggie Perry,2TM,2022,9.2,4.7,1.2,1.1,18.7,0.506,0.0,False
Reggie Perry,POR,2022,10.0,5.1,1.3,1.2,19.7,0.5,0.0,False
Reggie Perry,IND,2022,2.0,1.0,0.0,0.0,10.0,1.0,0.0,False
Jamorko Pickett,DET,2022,3.8,2.5,0.5,0.4,13.5,0.36,0.0,False
Theo Pinson,DAL,2022,2.5,1.1,0.9,0.3,7.8,0.359,0.0,False
Mason Plumlee,CHO,2022,6.5,7.7,3.1,1.4,24.6,0.641,0.0,False
Jakob Poeltl,SAS,2022,13.5,9.3,2.8,1.6,29.0,0.618,0.0,False
Aleksej Pokusevski,OKC,2022,7.6,5.2,2.1,1.5,20.2,0.408,0.0,False
Yves Pons,MEM,2022,1.1,1.0,0.1,0.1,5.9,0.313,0.0,False
Jordan Poole,GSW,2022,18.5,3.4,4.0,2.5,30.0,0.448,0.0,False
Kevin Porter Jr.,HOU,2022,15.6,4.4,6.2,3.1,31.3,0.415,0.0,False
Michael Porter Jr.,DEN,2022,9.9,6.6,1.9,1.3,29.4,0.359,0.0,False
Otto Porter Jr.,GSW,2022,8.2,5.7,1.5,0.6,22.2,0.464,0.0,False
Bobby Portis,MIL,2022,14.6,9.1,1.2,1.3,28.2,0.479,0.0,False
Kristaps Porziņģis,2TM,2022,20.2,8.1,2.3,1.6,29.0,0.459,0.0,False
Kristaps Porziņģis,DAL,2022,19.2,7.7,2.0,1.6,29.5,0.451,0.0,False
Kristaps Porziņģis,WAS,2022,22.1,8.8,2.9,1.6,28.2,0.475,0.0,False
Micah Potter,DET,2022,4.0,3.0,0.0,0.3,10.3,0.455,0.0,False
Dwight Powell,DAL,2022,8.7,4.9,1.2,0.8,21.9,0.671,0.0,False
Myles Powell,PHI,2022,1.2,0.5,0.3,0.3,4.7,0.294,0.0,False
Norman Powell,2TM,2022,19.0,3.2,2.1,1.5,32.4,0.461,0.0,False
Norman Powell,POR,2022,18.7,3.3,2.1,1.6,33.3,0.456,0.0,False
Norman Powell,LAC,2022,21.4,2.8,2.8,1.4,25.0,0.508,0.0,False
Joshua Primo,SAS,2022,5.8,2.3,1.6,1.1,19.3,0.374,0.0,False
Taurean Prince,MIN,2022,7.3,2.5,1.0,0.8,17.1,0.454,0.0,False
Payton Pritchard,BOS,2022,6.2,1.9,2.0,0.6,14.1,0.429,0.0,False
Trevelin Queen,HOU,2022,4.3,1.6,0.4,0.7,7.4,0.455,0.0,False
Neemias Queta,SAC,2022,3.0,2.1,0.4,0.4,8.0,0.447,0.0,False
Immanuel Quickley,NYK,2022,11.3,3.2,3.5,1.3,23.1,0.392,0.0,False
Jahmi'us Ramsey,SAC,2022,3.2,0.7,0.4,0.3,7.1,0.414,0.0,False
Julius Randle,NYK,2022,20.1,9.9,5.1,3.4,35.3,0.411,0.0,False
Austin Reaves,LAL,2022,7.3,3.2,1.8,0.7,23.2,0.459,0.0,False
Cam Reddish,2TM,2022,10.1,2.1,1.0,1.2,20.7,0.404,0.0,False
Cam Reddish,ATL,2022,11.9,2.5,1.1,1.3,23.4,0.402,0.0,False
Cam Reddish,NYK,2022,6.1,1.4,0.7,0.9,14.3,0.415,0.0,False
Davon Reed,DEN,2022,4.4,2.3,1.1,0.3,13.9,0.503,0.0,False
Paul Reed,PHI,2022,3.1,2.4,0.4,0.3,7.9,0.563,0.0,False
Naz Reid,MIN,2022,8.3,3.9,0.9,1.1,15.8,0.489,0.0,False
Josh Richardson,2TM,2022,10.2,2.8,1.8,1.0,24.6,0.438,0.0,False
Josh Richardson,BOS,2022,9.7,2.8,1.5,0.9,24.7,0.443,0.0,False
Josh Richardson,SAS,2022,11.4,2.9,2.3,1.3,24.4,0.429,0.0,False
Nick Richards,CHO,2022,3.0,1.7,0.3,0.5,7.3,0.667,0.0,False
Austin Rivers,DEN,2022,6.0,1.7,1.3,0.8,22.1,0.417,0.0,False
Duncan Robinson,MIA,2022,10.9,2.6,1.6,0.8,25.9,0.399,0.0,False
Jeremiah Robinson-Earl,OKC,2022,7.5,5.6,1.0,0.8,22.2,0.414,0.0,False
Justin Robinson,3TM,2022,3.1,0.8,1.3,0.7,12.2,0.301,0.0,False
Justin Robinson,MIL,2022,2.8,0.8,1.2,0.6,11.6,0.316,0.0,False
Justin Robinson,SAC,2022,0.7,0.3,0.7,0.3,5.0,0.125,0.0,False
Justin Robinson,DET,2022,5.6,1.4,1.8,1.0,18.2,0.321,0.0,False
Mitchell Robinson,NYK,2022,8.5,8.6,0.5,0.8,25.7,0.761,0.0,False
Isaiah Roby,OKC,2022,10.1,4.8,1.6,1.0,21.1,0.514,0.0,False
Rajon Rondo,2TM,2022,4.8,2.8,4.4,1.7,17.9,0.386,0.0,False
Rajon Rondo,LAL,2022,3.1,2.7,3.7,1.9,16.1,0.324,0.0,False
Rajon Rondo,CLE,2022,6.2,2.8,4.9,1.6,19.4,0.429,0.0,False
Derrick Rose,NYK,2022,12.0,3.0,4.0,1.5,24.5,0.445,0.0,False
Terrence Ross,ORL,2022,10.0,2.6,1.8,1.2,23.0,0.397,0.0,False
Terry Rozier,CHO,2022,19.3,4.3,4.5,1.3,33.7,0.444,0.0,False
Ricky Rubio,CLE,2022,13.1,4.1,6.6,2.6,28.5,0.363,0.0,False
D'Angelo Russell,MIN,2022,18.1,3.3,7.1,2.5,32.0,0.411,0.0,False
Matt Ryan,BOS,2022,3.0,0.0,0.0,0.0,5.0,0.2,0.0,False
Domantas Sabonis,2TM,2022,18.9,12.1,5.2,3.1,34.5,0.573,0.0,False
Domantas Sabonis,IND,2022,18.9,12.1,5.0,3.0,34.7,0.58,0.0,False
Domantas Sabonis,SAC,2022,18.9,12.3,5.8,3.5,33.6,0.554,0.0,False
Olivier Sarr,OKC,2022,7.0,4.2,0.9,1.0,19.1,0.574,0.0,False
Tomáš Satoranský,3TM,2022,3.6,2.3,3.3,0.8,16.5,0.377,0.0,False
Tomáš Satoranský,NOP,2022,2.8,2.0,2.4,0.7,15.0,0.299,0.0,False
Tomáš Satoranský,SAS,2022,3.0,1.0,0.0,0.0,9.0,,0.0,False
Tomáš Satoranský,WAS,2022,4.9,2.8,4.9,1.0,18.9,0.476,0.0,False
Jordan Schakel,WAS,2022,1.3,2.0,0.0,0.3,7.5,0.091,0.0,False
Admiral Schofield,ORL,2022,3.8,2.3,0.7,0.6,12.3,0.419,0.0,False
Dennis Schröder,2TM,2022,13.5,3.3,4.6,2.2,28.7,0.431,0.0,False
Dennis Schröder,BOS,2022,14.4,3.3,4.2,2.1,29.2,0.44,0.0,False
Dennis Schröder,HOU,2022,10.9,3.3,5.9,2.6,26.9,0.393,0.0,False
Tre Scott,CLE,2022,3.0,1.0,0.0,0.0,5.5,0.5,0.0,False
Jay Scrubb,LAC,2022,2.7,0.9,0.4,0.4,6.7,0.391,0.0,False
Wayne Selden,NYK,2022,1.7,0.3,0.3,0.0,6.3,0.25,0.0,False
Alperen Şengün,HOU,2022,9.6,5.5,2.6,2.0,20.7,0.474,0.0,False
Collin Sexton,CLE,2022,16.0,3.3,2.1,2.8,28.7,0.45,0.0,False
Landry Shamet,PHO,2022,8.3,1.8,1.6,0.6,20.8,0.394,0.0,False
Day'Ron Sharpe,BRK,2022,6.2,5.0,0.5,0.9,12.2,0.577,0.0,False
Pascal Siakam,TOR,2022,22.8,8.5,5.3,2.7,37.9,0.494,0.0,False
Chris Silva,2TM,2022,2.6,3.6,0.7,0.8,9.1,0.533,0.0,False
Chris Silva,MIN,2022,0.0,1.0,0.0,0.0,3.0,,0.0,False
Chris Silva,MIA,2022,2.9,3.9,0.8,0.9,9.8,0.533,0.0,False
Anfernee Simons,POR,2022,17.3,2.6,3.9,2.0,29.5,0.443,0.0,False
Marko Simonovic,CHI,2022,1.9,1.1,0.0,0.2,3.9,0.267,0.0,False
Zavier Simpson,OKC,2022,11.0,5.3,7.5,2.5,43.5,0.365,0.0,False
Jericho Sims,NYK,2022,2.2,4.1,0.5,0.5,13.5,0.722,0.0,False
Deividas Sirvydis,DET,2022,1.0,2.0,0.3,0.0,9.0,0.1,0.0,False
Javonte Smart,2TM,2022,3.0,1.4,0.9,0.6,11.8,0.317,0.0,False
Javonte Smart,MIL,2022,2.4,1.5,1.1,0.7,12.3,0.256,0.0,False
Javonte Smart,MIA,2022,5.0,1.3,0.5,0.5,10.0,0.471,0.0,False
Marcus Smart,BOS,2022,12.1,3.8,5.9,2.2,32.3,0.418,0.0,False
Dennis Smith Jr.,POR,2022,5.6,2.4,3.6,1.4,17.2,0.418,0.0,False
Ish Smith,2TM,2022,6.3,2.2,3.8,1.2,17.3,0.43,0.0,False
Ish Smith,CHO,2022,4.5,1.5,2.6,1.0,13.8,0.395,0.0,False
Ish Smith,WAS,2022,8.6,3.0,5.2,1.5,22.0,0.457,0.0,False
Jalen Smith,2TM,2022,9.2,6.0,0.5,0.8,18.1,0.503,0.0,False
Jalen Smith,PHO,2022,6.0,4.8,0.2,0.8,13.2,0.46,0.0,False
Jalen Smith,IND,2022,13.4,7.6,0.8,0.9,24.7,0.531,0.0,False
Xavier Sneed,2TM,2022,0.6,0.7,0.1,0.0,4.3,0.2,0.0,False
Xavier Sneed,MEM,2022,0.0,1.0,0.0,0.0,4.0,0.0,0.0,False
Xavier Sneed,UTA,2022,0.7,0.6,0.1,0.0,4.4,0.25,0.0,False
Tony Snell,2TM,2022,3.5,1.9,0.5,0.4,15.5,0.404,0.0,False
Tony Snell,POR,2022,2.6,1.9,0.5,0.3,14.4,0.371,0.0,False
Tony Snell,NOP,2022,5.9,2.1,0.5,0.5,18.5,0.446,0.0,False
Jaden Springer,PHI,2022,1.0,1.0,0.0,0.5,3.0,1.0,0.0,False
Cassius Stanley,DET,2022,5.8,2.1,0.4,0.7,17.2,0.413,0.0,False
Nik Stauskas,2TM,2022,2.3,0.4,0.3,0.1,4.9,0.357,0.0,False
Nik Stauskas,MIA,2022,5.5,1.5,0.5,0.0,12.0,0.375,0.0,False
Nik Stauskas,BOS,2022,1.2,0.0,0.2,0.2,2.5,0.333,0.0,False
Lance Stephenson,2TM,2022,8.3,2.8,3.6,1.6,17.7,0.455,0.0,False
Lance Stephenson,ATL,2022,1.8,2.5,1.8,0.7,11.7,0.385,0.0,False
Lance Stephenson,IND,2022,9.3,2.8,3.9,1.7,18.6,0.458,0.0,False
Lamar Stevens,CLE,2022,6.1,2.6,0.7,0.7,16.1,0.489,0.0,False
Isaiah Stewart,DET,2022,8.3,8.7,1.2,1.2,25.6,0.51,0.0,False
Max Strus,MIA,2022,10.6,3.0,1.4,0.8,23.3,0.441,0.0,False
Jalen Suggs,ORL,2022,11.8,3.6,4.4,3.0,27.2,0.361,0.0,False
Craig Sword,WAS,2022,2.0,0.0,0.3,0.3,6.3,0.75,0.0,False
Keifer Sykes,IND,2022,5.6,1.4,1.9,1.0,17.7,0.363,0.0,False
Jae'Sean Tate,HOU,2022,11.8,5.4,2.8,1.8,26.4,0.498,0.0,False
Jayson Tatum,BOS,2022,26.9,8.0,4.4,2.9,35.9,0.453,0.0,False
Terry Taylor,IND,2022,9.6,5.2,1.2,0.7,21.6,0.614,0.0,False
Garrett Temple,NOP,2022,5.2,2.4,1.3,0.7,18.6,0.376,0.0,False
Emanuel Terry,PHO,2022,0.0,5.0,0.7,1.7,6.0,0.0,0.0,False
Tyrell Terry,MEM,2022,1.0,0.0,0.0,0.0,1.5,1.0,0.0,False
Jon Teske,MEM,2022,0.0,0.7,0.3,0.0,2.7,0.0,0.0,False
Daniel Theis,2TM,2022,8.2,4.9,0.9,1.0,20.8,0.519,0.0,False
Daniel Theis,HOU,2022,8.4,5.0,0.8,1.2,22.5,0.469,0.0,False
Daniel Theis,BOS,2022,7.9,4.7,1.0,0.7,18.7,0.598,0.0,False
Brodric Thomas,BOS,2022,1.8,0.8,0.9,0.5,5.0,0.444,0.0,False
Cam Thomas,BRK,2022,8.5,2.4,1.2,0.8,17.6,0.433,0.0,False
Isaiah Thomas,3TM,2022,8.4,1.3,1.5,0.7,15.1,0.401,0.0,False
Isaiah Thomas,LAL,2022,9.3,2.0,1.5,1.3,25.3,0.308,0.0,False
Isaiah Thomas,DAL,2022,6.0,0.0,4.0,0.0,13.0,0.375,0.0,False
Isaiah Thomas,CHO,2022,8.3,1.2,1.4,0.6,12.9,0.433,0.0,False
Matt Thomas,CHI,2022,4.0,1.3,0.5,0.2,11.5,0.41,0.0,False
Klay Thompson,GSW,2022,20.4,3.9,2.8,1.3,29.4,0.429,0.0,False
Tristan Thompson,3TM,2022,6.0,5.1,0.6,0.8,15.7,0.528,0.0,False
Tristan Thompson,SAC,2022,6.2,5.4,0.6,1.0,15.2,0.503,0.0,False
Tristan Thompson,IND,2022,7.3,4.5,0.5,1.0,16.5,0.542,0.0,False
Tristan Thompson,CHI,2022,5.7,4.7,0.6,0.5,16.3,0.565,0.0,False
JT Thor,CHO,2022,2.0,1.3,0.6,0.3,7.9,0.436,0.0,False
Matisse Thybulle,PHI,2022,5.7,2.3,1.1,0.6,25.5,0.5,0.0,False
Killian Tillie,MEM,2022,3.3,1.7,0.6,0.4,12.8,0.339,0.0,False
Xavier Tillman Sr.,MEM,2022,4.8,3.0,1.2,0.6,13.2,0.454,0.0,False
Isaiah Todd,WAS,2022,1.7,1.0,0.3,0.3,6.2,0.269,0.0,False
Obi Toppin,NYK,2022,9.0,3.7,1.1,0.8,17.1,0.531,0.0,False
Juan Toscano-Anderson,GSW,2022,4.1,2.4,1.7,0.9,13.6,0.489,0.0,False
Karl-Anthony Towns,MIN,2022,24.6,9.8,3.6,3.1,33.5,0.529,0.0,False
Gary Trent Jr.,TOR,2022,18.3,2.7,2.0,1.0,35.0,0.414,0.0,False
P.J. Tucker,MIA,2022,7.6,5.5,2.1,0.9,27.9,0.484,0.0,False
Rayjon Tucker,2TM,2022,4.2,1.6,2.0,0.2,14.2,0.667,0.0,False
Rayjon Tucker,DEN,2022,2.0,1.3,1.3,0.0,9.7,0.5,0.0,False
Rayjon Tucker,MIL,2022,7.5,2.0,3.0,0.5,21.0,0.714,0.0,False
Myles Turner,IND,2022,12.9,7.1,1.0,1.3,29.4,0.509,0.0,False
Jonas Valančiūnas,NOP,2022,17.8,11.4,2.6,2.4,30.3,0.544,0.0,False
Denzel Valentine,2TM,2022,2.9,1.8,0.5,0.5,9.3,0.379,0.0,False
Denzel Valentine,CLE,2022,2.9,1.7,0.5,0.5,9.3,0.371,0.0,False
Denzel Valentine,UTA,2022,2.5,2.0,0.0,1.0,9.0,0.5,0.0,False
Jarred Vanderbilt,MIN,2022,6.9,8.4,1.3,1.0,25.4,0.587,0.0,False
Fred VanVleet,TOR,2022,20.3,4.4,6.7,2.6,37.9,0.403,0.0,False
Devin Vassell,SAS,2022,12.3,4.3,1.9,0.8,27.3,0.427,0.0,False
Gabe Vincent,MIA,2022,8.7,1.9,3.1,1.4,23.4,0.417,0.0,False
Nikola Vučević,CHI,2022,17.6,11.0,3.2,1.9,33.1,0.473,0.0,False
Dean Wade,CLE,2022,5.3,2.9,1.0,0.3,19.2,0.456,0.0,False
Franz Wagner,ORL,2022,15.2,4.5,2.9,1.5,30.7,0.468,0.0,False
Moritz Wagner,ORL,2022,9.0,3.7,1.4,0.9,15.2,0.497,0.0,False
Ish Wainright,PHO,2022,2.4,1.2,0.3,0.3,8.0,0.394,0.0,False
Kemba Walker,NYK,2022,11.6,3.0,3.5,1.3,25.6,0.403,0.0,False
Lonnie Walker IV,SAS,2022,12.1,2.6,2.2,1.0,23.0,0.407,0.0,False
M.J. Walker,PHO,2022,0.0,0.5,0.5,0.0,4.0,0.0,0.0,False
Tyrone Wallace,NOP,2022,2.8,1.3,0.2,0.3,12.5,0.35,0.0,False
Derrick Walton,DET,2022,6.3,3.3,7.0,3.7,36.0,0.231,0.0,False
Brad Wanamaker,2TM,2022,3.6,1.7,2.4,1.0,13.9,0.364,0.0,False
Brad Wanamaker,IND,2022,3.5,1.6,2.2,1.0,13.3,0.361,0.0,False
Brad Wanamaker,WAS,2022,7.0,4.0,7.0,0.0,27.0,0.4,0.0,False
Duane Washington Jr.,IND,2022,9.9,1.7,1.8,1.2,20.2,0.405,0.0,False
P.J. Washington,CHO,2022,10.3,5.2,2.3,1.3,27.2,0.47,0.0,False
Yuta Watanabe,TOR,2022,4.3,2.4,0.6,0.5,11.7,0.406,0.0,False
Lindy Waters III,OKC,2022,8.0,2.9,1.0,0.4,18.6,0.406,0.0,False
Tremont Waters,2TM,2022,3.3,1.3,2.3,1.3,16.7,0.286,0.0,False
Tremont Waters,TOR,2022,4.0,2.0,3.5,2.0,21.0,0.25,0.0,False
Tremont Waters,WAS,2022,2.0,0.0,0.0,0.0,8.0,0.5,0.0,False
Trendon Watford,POR,2022,7.6,4.1,1.7,0.9,18.1,0.532,0.0,False
Paul Watson,OKC,2022,3.4,3.0,0.9,0.4,17.3,0.343,0.0,False
Quinndary Weatherspoon,GSW,2022,2.7,1.3,0.5,0.3,6.6,0.571,0.0,False
Russell Westbrook,LAL,2022,18.5,7.4,7.1,3.8,34.3,0.444,0.0,False
Coby White,CHI,2022,12.7,3.0,2.9,1.1,27.5,0.433,0.0,False
Derrick White,2TM,2022,13.2,3.5,4.9,1.6,29.3,0.421,0.0,False
Derrick White,SAS,2022,14.4,3.5,5.6,1.8,30.3,0.426,0.0,False
Derrick White,BOS,2022,11.0,3.4,3.5,1.2,27.4,0.409,0.0,False
Hassan Whiteside,UTA,2022,8.2,7.6,0.4,0.8,17.9,0.652,0.0,False
Joe Wieskamp,SAS,2022,2.1,0.5,0.3,0.1,7.1,0.357,0.0,False
Aaron Wiggins,OKC,2022,8.3,3.6,1.4,1.1,24.2,0.463,0.0,False
Andrew Wiggins,GSW,2022,17.2,4.5,2.2,1.5,31.9,0.466,0.0,False
Lindell Wigginton,MIL,2022,4.2,1.3,1.2,0.6,10.5,0.426,0.0,False
Brandon Williams,POR,2022,12.9,3.1,3.9,2.4,26.7,0.372,0.0,False
Grant Williams,BOS,2022,7.8,3.6,1.0,0.8,24.4,0.475,0.0,False
Kenrich Williams,OKC,2022,7.4,4.5,2.2,0.9,21.9,0.461,0.0,False
Lou Williams,ATL,2022,6.3,1.6,1.9,0.8,14.3,0.391,0.0,False
Patrick Williams,CHI,2022,9.0,4.1,0.9,0.9,24.8,0.529,0.0,False
Robert Williams,BOS,2022,10.0,9.6,2.0,1.0,29.6,0.736,0.0,False
Ziaire Williams,MEM,2022,8.1,2.1,1.0,0.7,21.7,0.45,0.0,False
D.J. Wilson,TOR,2022,7.5,4.0,1.3,0.5,13.5,0.733,0.0,False
Dylan Windler,CLE,2022,2.2,1.8,0.7,0.3,9.2,0.378,0.0,False
Justise Winslow,2TM,2022,5.7,4.2,1.8,1.0,16.1,0.428,0.0,False
Justise Winslow,LAC,2022,4.2,3.6,1.4,1.0,12.9,0.447,0.0,False
Justise Winslow,POR,2022,10.7,6.3,2.9,1.1,26.8,0.405,0.0,False
Cassius Winston,WAS,2022,2.0,0.1,1.0,0.4,5.6,0.364,0.0,False
Robert Woodard II,SAC,2022,0.6,0.9,0.3,0.1,3.5,0.125,0.0,False
Christian Wood,HOU,2022,17.9,10.1,2.3,1.9,30.8,0.501,0.0,False
Delon Wright,ATL,2022,4.4,2.9,2.4,0.6,18.9,0.454,0.0,False
McKinley Wright IV,MIN,2022,1.0,0.0,0.6,0.2,3.8,0.667,0.0,False
Moses Wright,2TM,2022,1.3,0.8,0.5,0.0,3.5,0.25,0.0,False
Moses Wright,LAC,2022,0.0,0.0,1.0,0.0,1.0,,0.0,False
Moses Wright,DAL,2022,1.7,1.0,0.3,0.0,4.3,0.25,0.0,False
Gabe York,IND,2022,4.0,1.0,2.0,0.5,10.5,0.286,0.0,False
Thaddeus Young,2TM,2022,6.2,4.0,2.0,1.0,16.3,0.518,0.0,False
Thaddeus Young,SAS,2022,6.1,3.6,2.3,1.2,14.2,0.578,0.0,False
Thaddeus Young,TOR,2022,6.3,4.4,1.7,0.8,18.3,0.465,0.0,False
Trae Young,ATL,2022,28.4,3.7,9.7,4.0,34.9,0.46,0.0,False
Omer Yurtseven,MIA,2022,5.3,5.3,0.9,0.7,12.6,0.526,0.0,False
Cody Zeller,POR,2022,5.2,4.6,0.8,0.7,13.1,0.567,0.0,False
Ivica Zubac,LAC,2022,10.3,8.5,1.6,1.5,24.4,0.626,0.0,False
Precious Achiuwa,MIA,2021,5.0,3.4,0.5,0.7,12.1,0.544,0.0,False
Jaylen Adams,MIL,2021,0.3,0.4,0.3,0.0,2.6,0.125,0.0,False
Steven Adams,NOP,2021,7.6,8.9,1.9,1.3,27.7,0.614,0.0,False
Bam Adebayo,MIA,2021,18.7,9.0,5.4,2.6,33.5,0.57,0.0,False
LaMarcus Aldridge,2TM,2021,13.5,4.5,1.9,1.0,25.9,0.473,0.0,False
LaMarcus Aldridge,SAS,2021,13.7,4.5,1.7,1.0,25.9,0.464,0.0,False
LaMarcus Aldridge,BRK,2021,12.8,4.8,2.6,1.4,26.0,0.521,0.0,False
Nickeil Alexander-Walker,NOP,2021,11.0,3.1,2.2,1.5,21.9,0.419,0.0,False
Ty-Shon Alexander,PHO,2021,0.6,0.7,0.4,0.2,3.1,0.25,0.0,False
Grayson Allen,MEM,2021,10.6,3.2,2.2,1.0,25.2,0.418,0.0,False
Jarrett Allen,2TM,2021,12.8,10.0,1.7,1.6,29.6,0.618,0.0,False
Jarrett Allen,BRK,2021,11.2,10.4,1.7,1.8,26.7,0.677,0.0,False
Jarrett Allen,CLE,2021,13.2,9.9,1.7,1.5,30.3,0.609,0.0,False
Al-Farouq Aminu,2TM,2021,4.4,4.8,1.3,1.2,18.9,0.384,0.0,False
Al-Farouq Aminu,ORL,2021,5.5,5.4,1.7,1.5,21.6,0.404,0.0,False
Al-Farouq Aminu,CHI,2021,1.5,3.2,0.3,0.5,11.2,0.2,0.0,False
Kyle Anderson,MEM,2021,12.4,5.7,3.6,1.2,27.3,0.468,0.0,False
Giannis Antetokounmpo,MIL,2021,28.1,11.0,5.9,3.4,33.0,0.569,0.0,False
Kostas Antetokounmpo,LAL,2021,0.8,1.3,0.1,0.7,3.7,0.3,0.0,False
Thanasis Antetokounmpo,MIL,2021,2.9,2.2,0.8,0.8,9.7,0.489,0.0,False
Carmelo Anthony,POR,2021,13.4,3.1,1.5,0.9,24.5,0.421,0.0,False
Cole Anthony,ORL,2021,12.9,4.7,4.1,2.3,27.1,0.397,0.0,False
OG Anunoby,TOR,2021,15.9,5.5,2.2,1.7,33.3,0.48,0.0,False
Ryan Arcidiacono,CHI,2021,3.1,1.5,1.3,0.2,10.2,0.419,0.0,False
Trevor Ariza,MIA,2021,9.4,4.8,1.8,0.7,28.0,0.411,0.0,False
D.J. Augustin,2TM,2021,7.7,1.6,3.3,1.1,19.8,0.394,0.0,False
D.J. Augustin,MIL,2021,6.1,1.4,3.0,0.9,19.3,0.37,0.0,False
D.J. Augustin,HOU,2021,10.6,2.2,3.9,1.6,20.8,0.424,0.0,False
Deni Avdija,WAS,2021,6.3,4.9,1.2,0.6,23.3,0.417,0.0,False
Deandre Ayton,PHO,2021,14.4,10.5,1.4,1.5,30.7,0.626,0.0,False
Udoka Azubuike,UTA,2021,1.1,0.9,0.0,0.2,3.8,0.444,0.0,False
Dwayne Bacon,ORL,2021,10.9,3.1,1.3,0.6,25.7,0.402,0.0,False
Marvin Bagley III,SAC,2021,14.1,7.4,1.0,1.4,25.9,0.504,0.0,False
LaMelo Ball,CHO,2021,15.7,5.9,6.1,2.8,28.8,0.436,0.0,False
Lonzo Ball,NOP,2021,14.6,4.8,5.7,2.2,31.8,0.414,0.0,False
Mo Bamba,ORL,2021,8.0,5.8,0.8,0.8,15.8,0.472,0.0,False
Desmond Bane,MEM,2021,9.2,3.1,1.7,0.9,22.3,0.469,0.0,False
Harrison Barnes,SAC,2021,16.1,6.6,3.5,1.6,36.2,0.497,0.0,False
RJ Barrett,NYK,2021,17.6,5.8,3.0,1.9,34.9,0.441,0.0,False
Will Barton,DEN,2021,12.7,4.0,3.2,1.7,31.0,0.426,0.0,False
Keita Bates-Diop,SAS,2021,2.6,1.6,0.4,0.2,8.2,0.448,0.0,False
Nicolas Batum,LAC,2021,8.1,4.7,2.2,0.8,27.4,0.464,0.0,False
Aron Baynes,TOR,2021,6.1,5.2,0.9,0.9,18.5,0.441,0.0,False
Kent Bazemore,GSW,2021,7.2,3.4,1.6,1.2,19.9,0.449,0.0,False
Darius Bazley,OKC,2021,13.7,7.2,1.8,2.2,31.2,0.396,0.0,False
Bradley Beal,WAS,2021,31.3,4.7,4.4,3.1,35.8,0.485,0.0,False
Malik Beasley,MIN,2021,19.6,4.4,2.4,1.6,32.8,0.44,0.0,False
Jordan Bell,2TM,2021,2.5,4.0,1.2,0.7,13.7,0.318,0.0,False
Jordan Bell,WAS,2021,2.8,3.8,1.0,0.6,13.4,0.35,0.0,False
Jordan Bell,GSW,2021,1.0,5.0,2.0,1.0,15.0,0.0,0.0,False
DeAndre' Bembry,TOR,2021,5.7,2.9,2.1,1.4,19.1,0.513,0.0,False
Dāvis Bertāns,WAS,2021,11.5,2.9,0.9,0.6,25.7,0.404,0.0,False
Patrick Beverley,LAC,2021,7.5,3.2,2.1,0.9,22.5,0.423,0.0,False
Saddiq Bey,DET,2021,12.2,4.5,1.4,0.9,27.3,0.404,0.0,False
Tyler Bey,DAL,2021,1.0,1.1,0.2,0.2,3.9,0.318,0.0,False
Khem Birch,2TM,2021,7.2,5.8,1.3,0.7,22.8,0.497,0.0,False
Khem Birch,ORL,2021,5.3,5.1,1.1,0.5,19.8,0.45,0.0,False
Khem Birch,TOR,2021,11.9,7.6,1.9,1.1,30.4,0.556,0.0,False
Goga Bitadze,IND,2021,5.1,3.3,0.8,0.4,12.5,0.428,0.0,False
Bismack Biyombo,CHO,2021,5.0,5.3,1.2,1.1,20.4,0.587,0.0,False
Nemanja Bjelica,2TM,2021,6.5,3.4,1.9,0.9,16.1,0.454,0.0,False
Nemanja Bjelica,SAC,2021,7.2,3.8,1.9,1.1,16.9,0.46,0.0,False
Nemanja Bjelica,MIA,2021,5.0,2.5,1.8,0.5,14.2,0.435,0.0,False
Eric Bledsoe,NOP,2021,12.2,3.4,3.8,1.6,29.7,0.421,0.0,False
Keljin Blevins,POR,2021,0.7,0.6,0.2,0.3,4.4,0.25,0.0,False
Bogdan Bogdanović,ATL,2021,16.4,3.6,3.3,1.2,29.7,0.473,0.0,False
Bojan Bogdanović,UTA,2021,17.0,3.9,1.9,1.8,30.8,0.439,0.0,False
Bol Bol,DEN,2021,2.2,0.8,0.2,0.4,5.0,0.431,0.0,False
Marques Bolden,CLE,2021,1.2,1.0,0.0,0.3,4.8,0.333,0.0,False
Jordan Bone,ORL,2021,4.0,1.7,1.3,0.2,14.0,0.426,0.0,False
Isaac Bonga,WAS,2021,2.0,1.7,0.6,0.6,10.8,0.37,0.0,False
Devin Booker,PHO,2021,25.6,4.2,4.3,3.1,33.9,0.484,0.0,False
Chris Boucher,TOR,2021,13.6,6.7,1.1,0.8,24.2,0.514,0.0,False
Brian Bowen,IND,2021,0.5,0.5,0.0,0.0,2.5,0.25,0.0,False
Avery Bradley,2TM,2021,6.4,2.1,1.7,1.0,22.3,0.374,0.0,False
Avery Bradley,MIA,2021,8.5,1.8,1.4,0.9,21.1,0.47,0.0,False
Avery Bradley,HOU,2021,5.2,2.3,1.9,1.1,23.0,0.314,0.0,False
Tony Bradley,2TM,2021,7.1,5.7,0.9,0.8,16.3,0.665,0.0,False
Tony Bradley,PHI,2021,5.5,5.2,0.9,0.3,14.4,0.68,0.0,False
Tony Bradley,OKC,2021,8.7,6.1,0.9,1.2,18.0,0.656,0.0,False
Jarrell Brantley,UTA,2021,2.3,1.0,0.5,0.3,4.9,0.481,0.0,False
Ignas Brazdeikis,3TM,2021,7.0,3.5,1.3,0.9,19.2,0.422,0.0,False
Ignas Brazdeikis,NYK,2021,0.5,0.5,0.3,0.3,1.8,0.0,0.0,False
Ignas Brazdeikis,PHI,2021,0.0,2.0,0.0,0.0,8.0,0.0,0.0,False
Ignas Brazdeikis,ORL,2021,11.1,5.1,2.0,1.4,29.3,0.443,0.0,False
Mikal Bridges,PHO,2021,13.5,4.3,2.1,0.8,32.6,0.543,0.0,False
Miles Bridges,CHO,2021,12.7,6.0,2.2,1.6,29.3,0.503,0.0,False
Amida Brimah,IND,2021,2.6,1.6,0.2,0.8,5.8,0.625,0.0,False
Oshae Brissett,IND,2021,10.9,5.5,0.9,0.5,24.7,0.483,0.0,False
Malcolm Brogdon,IND,2021,21.2,5.3,5.9,2.1,34.5,0.453,0.0,False
Armoni Brooks,HOU,2021,11.2,3.4,1.5,1.1,26.0,0.406,0.0,False
Dillon Brooks,MEM,2021,17.2,2.9,2.3,1.8,29.8,0.419,0.0,False
Bruce Brown,BRK,2021,8.8,5.4,1.6,0.8,22.3,0.556,0.0,False
Charlie Brown Jr.,OKC,2021,4.4,1.9,1.0,0.7,16.9,0.302,0.0,False
Jaylen Brown,BOS,2021,24.7,6.0,3.4,2.7,34.5,0.484,0.0,False
Moses Brown,OKC,2021,8.6,8.9,0.2,1.0,21.4,0.545,0.0,False
Sterling Brown,HOU,2021,8.2,4.4,1.4,0.8,24.1,0.448,0.0,False
Troy Brown Jr.,2TM,2021,4.7,3.1,0.9,0.6,15.4,0.431,0.0,False
Troy Brown Jr.,WAS,2021,4.3,2.9,0.9,0.8,13.7,0.371,0.0,False
Troy Brown Jr.,CHI,2021,5.5,3.4,0.8,0.4,18.2,0.527,0.0,False
Jalen Brunson,DAL,2021,12.6,3.4,3.5,1.2,25.0,0.523,0.0,False
Elijah Bryant,MIL,2021,16.0,6.0,3.0,4.0,32.0,0.462,0.0,False
Thomas Bryant,WAS,2021,14.3,6.1,1.5,1.1,27.1,0.648,0.0,False
Reggie Bullock,NYK,2021,10.9,3.4,1.5,0.7,30.0,0.442,0.0,False
Trey Burke,DAL,2021,6.6,0.9,1.3,0.5,14.7,0.428,0.0,False
Alec Burks,NYK,2021,12.7,4.6,2.2,1.0,25.6,0.42,0.0,False
Jimmy Butler,MIA,2021,21.5,6.9,7.1,2.1,33.6,0.497,0.0,False
Bruno Caboclo,HOU,2021,2.8,2.3,0.2,0.7,6.0,0.471,0.0,False
Devontae Cacok,LAL,2021,2.0,1.6,0.1,0.3,4.9,0.586,0.0,False
Kentavious Caldwell-Pope,LAL,2021,9.7,2.7,1.9,1.0,28.4,0.431,0.0,False
Facundo Campazzo,DEN,2021,6.1,2.1,3.6,1.1,21.9,0.381,0.0,False
Vlatko Čančar,DEN,2021,2.1,1.2,0.3,0.3,6.9,0.458,0.0,False
Devin Cannady,ORL,2021,4.3,0.6,0.1,0.3,9.3,0.393,0.0,False
Clint Capela,ATL,2021,15.2,14.3,0.8,1.2,30.1,0.594,0.0,False
Vernon Carey Jr.,CHO,2021,2.4,1.4,0.1,0.3,6.1,0.5,0.0,False
Jevon Carter,PHO,2021,4.1,1.5,1.2,0.3,12.0,0.422,0.0,False
Michael Carter-Williams,ORL,2021,8.8,4.5,4.2,2.2,25.8,0.389,0.0,False
Wendell Carter Jr.,2TM,2021,11.2,8.2,1.9,1.4,25.5,0.503,0.0,False
Wendell Carter Jr.,CHI,2021,10.9,7.8,2.2,1.5,24.8,0.512,0.0,False
Wendell Carter Jr.,ORL,2021,11.7,8.8,1.6,1.3,26.5,0.493,0.0,False
Alex Caruso,LAL,2021,6.4,2.9,2.8,1.3,21.0,0.436,0.0,False
Willie Cauley-Stein,DAL,2021,5.3,4.5,0.7,0.5,17.1,0.632,0.0,False
Chris Chiozza,BRK,2021,4.0,1.1,3.0,0.7,10.5,0.352,0.0,False
Marquese Chriss,GSW,2021,6.5,6.5,1.0,1.0,13.5,0.357,0.0,False
Brandon Clarke,MEM,2021,10.3,5.6,1.6,0.6,24.0,0.517,0.0,False
Gary Clark,3TM,2021,3.1,2.9,0.8,0.4,16.8,0.303,0.0,False
Gary Clark,ORL,2021,3.4,3.2,0.9,0.5,18.2,0.305,0.0,False
Gary Clark,DEN,2021,0.0,0.5,0.0,0.0,2.0,,0.0,False
Gary Clark,PHI,2021,0.0,1.0,0.5,0.0,6.5,0.0,0.0,False
Jordan Clarkson,UTA,2021,18.4,4.0,2.5,1.7,26.7,0.425,0.0,False
Nic Claxton,BRK,2021,6.6,5.2,0.9,0.6,18.6,0.621,0.0,False
Amir Coffey,LAC,2021,3.2,1.0,0.5,0.3,9.0,0.437,0.0,False
John Collins,ATL,2021,17.6,7.4,1.2,1.3,29.3,0.556,0.0,False
Mike Conley,UTA,2021,16.2,3.5,6.0,1.9,29.4,0.444,0.0,False
Pat Connaughton,MIL,2021,6.8,4.8,1.2,0.5,22.8,0.434,0.0,False
Quinn Cook,2TM,2021,3.3,0.7,0.8,0.3,6.8,0.426,0.0,False
Quinn Cook,LAL,2021,2.1,0.3,0.3,0.2,3.9,0.462,0.0,False
Quinn Cook,CLE,2021,6.1,1.7,1.9,0.6,13.6,0.405,0.0,False
Tyler Cook,2TM,2021,4.9,3.0,0.5,0.7,13.7,0.67,0.0,False
Tyler Cook,BRK,2021,0.5,0.5,0.5,0.3,4.3,0.333,0.0,False
Tyler Cook,DET,2021,5.5,3.3,0.5,0.7,15.0,0.68,0.0,False
DeMarcus Cousins,2TM,2021,8.9,6.4,1.9,1.6,17.4,0.426,0.0,False
DeMarcus Cousins,HOU,2021,9.6,7.6,2.4,1.6,20.2,0.376,0.0,False
DeMarcus Cousins,LAC,2021,7.8,4.5,1.0,1.6,12.9,0.537,0.0,False
Robert Covington,POR,2021,8.5,6.7,1.7,0.9,32.0,0.401,0.0,False
Torrey Craig,2TM,2021,5.5,3.9,1.0,0.5,16.1,0.48,0.0,False
Torrey Craig,MIL,2021,2.5,2.4,0.9,0.3,11.2,0.391,0.0,False
Torrey Craig,PHO,2021,7.2,4.8,1.0,0.6,18.8,0.503,0.0,False
Jae Crowder,PHO,2021,10.1,4.7,2.1,0.9,27.5,0.404,0.0,False
Jarrett Culver,MIN,2021,5.3,3.1,0.7,0.8,14.7,0.411,0.0,False
Seth Curry,PHI,2021,12.5,2.4,2.7,1.1,28.7,0.467,0.0,False
Stephen Curry,GSW,2021,32.0,5.5,5.8,3.4,34.2,0.482,0.0,False
Nate Darling,CHO,2021,1.3,0.1,0.1,0.1,3.7,0.286,0.0,False
Anthony Davis,LAL,2021,21.8,7.9,3.1,2.1,32.3,0.491,0.0,False
Ed Davis,MIN,2021,2.1,5.0,0.9,0.3,13.0,0.432,0.0,False
Terence Davis,2TM,2021,8.7,2.5,1.4,1.0,17.6,0.428,0.0,False
Terence Davis,TOR,2021,6.9,1.9,1.1,0.9,14.5,0.414,0.0,False
Terence Davis,SAC,2021,11.1,3.3,1.7,1.3,21.5,0.439,0.0,False
Gabriel Deck,OKC,2021,8.4,4.0,2.4,0.6,21.2,0.478,0.0,False
Dewayne Dedmon,MIA,2021,7.1,5.4,0.8,0.8,13.1,0.708,0.0,False
Matthew Dellavedova,CLE,2021,2.8,1.8,4.5,0.5,17.2,0.25,0.0,False
DeMar DeRozan,SAS,2021,21.6,4.2,6.9,2.0,33.7,0.495,0.0,False
Mamadi Diakite,MIL,2021,3.1,2.4,0.6,0.2,10.1,0.4,0.0,False
Hamidou Diallo,2TM,2021,11.6,5.2,1.9,1.5,23.6,0.477,0.0,False
Hamidou Diallo,OKC,2021,11.9,5.2,2.4,1.5,23.8,0.481,0.0,False
Hamidou Diallo,DET,2021,11.2,5.4,1.2,1.4,23.3,0.468,0.0,False
Gorgui Dieng,2TM,2021,6.8,3.7,1.3,0.8,14.5,0.521,0.0,False
Gorgui Dieng,MEM,2021,7.9,4.5,1.3,1.0,16.9,0.519,0.0,False
Gorgui Dieng,SAS,2021,5.3,2.6,1.2,0.6,11.3,0.527,0.0,False
Spencer Dinwiddie,BRK,2021,6.7,4.3,3.0,1.7,21.3,0.375,0.0,False
Donte DiVincenzo,MIL,2021,10.4,5.8,3.1,1.4,27.5,0.42,0.0,False
Luka Dončić,DAL,2021,27.7,8.0,8.6,4.3,34.3,0.479,0.0,False
Luguentz Dort,OKC,2021,14.0,3.6,1.7,1.5,29.7,0.387,0.0,False
Damyean Dotson,CLE,2021,6.7,2.0,2.0,0.9,19.7,0.406,0.0,False
Devon Dotson,CHI,2021,2.1,0.5,0.6,0.0,4.5,0.524,0.0,False
Sekou Doumbouya,DET,2021,5.1,2.6,0.8,0.8,15.5,0.379,0.0,False
PJ Dozier,DEN,2021,7.7,3.6,1.8,0.9,21.8,0.417,0.0,False
Goran Dragić,MIA,2021,13.4,3.4,4.4,2.4,26.7,0.432,0.0,False
Andre Drummond,2TM,2021,14.9,12.0,2.0,2.7,27.0,0.493,0.0,False
Andre Drummond,CLE,2021,17.5,13.5,2.6,3.2,28.9,0.474,0.0,False
Andre Drummond,LAL,2021,11.9,10.2,1.4,2.0,24.8,0.531,0.0,False
Jared Dudley,LAL,2021,0.5,1.8,0.4,0.2,6.8,0.222,0.0,False
Kris Dunn,ATL,2021,1.3,1.5,0.5,0.8,11.3,0.083,0.0,False
Kevin Durant,BRK,2021,26.9,7.1,5.6,3.4,33.1,0.537,0.0,False
Anthony Edwards,MIN,2021,19.3,4.7,2.9,2.2,32.1,0.417,0.0,False
Carsen Edwards,BOS,2021,4.0,0.8,0.5,0.2,8.9,0.423,0.0,False
CJ Elleby,POR,2021,2.3,1.1,0.3,0.2,6.4,0.379,0.0,False
Henry Ellenson,TOR,2021,7.5,6.0,2.5,0.0,19.0,0.357,0.0,False
Wayne Ellington,DET,2021,9.6,1.8,1.5,0.7,22.0,0.441,0.0,False
Joel Embiid,PHI,2021,28.5,10.6,2.8,3.1,31.1,0.513,0.0,False
James Ennis III,ORL,2021,8.4,4.0,1.5,0.9,24.0,0.473,0.0,False
Drew Eubanks,SAS,2021,5.8,4.5,0.8,0.8,14.0,0.566,0.0,False
Dante Exum,CLE,2021,3.8,2.8,2.2,1.2,19.3,0.385,0.0,False
Tacko Fall,BOS,2021,2.5,2.7,0.2,0.3,7.2,0.724,0.0,False
Derrick Favors,UTA,2021,5.4,5.5,0.6,0.5,15.3,0.638,0.0,False
Cristiano Felício,CHI,2021,1.3,1.4,0.5,0.2,4.7,0.538,0.0,False
Terrance Ferguson,PHI,2021,0.2,0.1,0.2,0.3,3.8,0.143,0.0,False
Bruno Fernando,ATL,2021,1.5,2.4,0.3,0.6,6.8,0.409,0.0,False
Yogi Ferrell,2TM,2021,5.6,1.9,2.2,0.3,13.6,0.351,0.0,False
Yogi Ferrell,CLE,2021,9.5,3.5,2.5,1.5,20.0,0.381,0.0,False
Yogi Ferrell,LAC,2021,4.6,1.5,2.1,0.0,12.0,0.333,0.0,False
Dorian Finney-Smith,DAL,2021,9.8,5.4,1.7,0.8,32.0,0.472,0.0,False
Malik Fitts,LAC,2021,1.0,1.0,0.0,0.0,3.7,0.333,0.0,False
Malachi Flynn,TOR,2021,7.5,2.5,2.9,0.9,19.7,0.374,0.0,False
Bryn Forbes,MIL,2021,10.0,1.6,0.6,0.6,19.3,0.473,0.0,False
Trent Forrest,UTA,2021,2.9,1.5,1.5,0.7,10.1,0.451,0.0,False
Evan Fournier,2TM,2021,17.1,3.0,3.4,1.7,30.0,0.457,0.0,False
Evan Fournier,ORL,2021,19.7,2.9,3.7,2.1,30.3,0.461,0.0,False
Evan Fournier,BOS,2021,13.0,3.3,3.1,1.2,29.5,0.448,0.0,False
De'Aaron Fox,SAC,2021,25.2,3.5,7.2,3.0,35.1,0.477,0.0,False
Robert Franks,ORL,2021,6.1,2.0,0.7,0.3,14.4,0.464,0.0,False
Tim Frazier,MEM,2021,1.6,1.6,3.2,0.8,12.4,0.15,0.0,False
Markelle Fultz,ORL,2021,12.9,3.1,5.4,2.3,26.9,0.394,0.0,False
Wenyen Gabriel,NOP,2021,3.4,2.6,0.5,0.7,11.5,0.4,0.0,False
Daniel Gafford,2TM,2021,7.0,4.3,0.5,0.8,14.6,0.684,0.0,False
Daniel Gafford,CHI,2021,4.7,3.3,0.5,0.7,12.4,0.69,0.0,False
Daniel Gafford,WAS,2021,10.1,5.6,0.5,0.8,17.7,0.681,0.0,False
Danilo Gallinari,ATL,2021,13.3,4.1,1.5,0.8,24.0,0.434,0.0,False
Langston Galloway,PHO,2021,4.8,1.1,0.7,0.3,11.0,0.449,0.0,False
Darius Garland,CLE,2021,17.4,2.4,6.1,3.0,33.1,0.451,0.0,False
Marc Gasol,LAL,2021,5.0,4.1,2.1,1.0,19.1,0.454,0.0,False
Rudy Gay,SAS,2021,11.4,4.8,1.4,1.0,21.6,0.42,0.0,False
Paul George,LAC,2021,23.3,6.6,5.2,3.3,33.7,0.467,0.0,False
Taj Gibson,NYK,2021,5.4,5.6,0.8,0.5,20.8,0.627,0.0,False
Harry Giles,POR,2021,2.8,3.5,0.8,0.5,9.2,0.433,0.0,False
Shai Gilgeous-Alexander,OKC,2021,23.7,4.7,5.9,3.0,33.7,0.508,0.0,False
Anthony Gill,WAS,2021,3.1,2.0,0.4,0.3,8.4,0.5,0.0,False
Freddie Gillespie,TOR,2021,5.6,4.9,0.5,0.6,19.6,0.524,0.0,False
Rudy Gobert,UTA,2021,14.3,13.5,1.3,1.7,30.8,0.675,0.0,False
Brandon Goodwin,ATL,2021,4.9,1.5,2.0,0.8,13.2,0.377,0.0,False
Aaron Gordon,2TM,2021,12.4,5.7,3.2,1.9,27.7,0.463,0.0,False
Aaron Gordon,ORL,2021,14.6,6.6,4.2,2.7,29.4,0.437,0.0,False
Aaron Gordon,DEN,2021,10.2,4.7,2.2,1.2,25.9,0.5,0.0,False
Eric Gordon,HOU,2021,17.8,2.1,2.6,1.9,29.2,0.433,0.0,False
Devonte' Graham,CHO,2021,14.8,2.7,5.4,1.5,30.2,0.377,0.0,False
Jerami Grant,DET,2021,22.3,4.6,2.8,2.0,33.9,0.429,0.0,False
Danny Green,PHI,2021,9.5,3.8,1.7,1.0,28.0,0.412,0.0,False
Draymond Green,GSW,2021,7.0,7.1,8.9,3.0,31.5,0.447,0.0,False
JaMychal Green,DEN,2021,8.1,4.8,0.9,0.9,19.3,0.463,0.0,False
Javonte Green,2TM,2021,3.6,1.7,0.4,0.5,11.5,0.52,0.0,False
Javonte Green,BOS,2021,4.2,2.1,0.4,0.5,13.8,0.549,0.0,False
Javonte Green,CHI,2021,2.6,1.2,0.4,0.4,8.0,0.452,0.0,False
Jeff Green,BRK,2021,11.0,3.9,1.6,0.8,27.0,0.492,0.0,False
Josh Green,DAL,2021,2.6,2.0,0.7,0.4,11.4,0.452,0.0,False
Blake Griffin,2TM,2021,11.0,4.9,3.0,1.3,25.8,0.423,0.0,False
Blake Griffin,DET,2021,12.3,5.2,3.9,1.6,31.3,0.365,0.0,False
Blake Griffin,BRK,2021,10.0,4.7,2.4,1.2,21.5,0.492,0.0,False
Kyle Guy,SAC,2021,2.8,1.1,1.0,0.4,7.6,0.33,0.0,False
Rui Hachimura,WAS,2021,13.8,5.5,1.4,1.2,31.5,0.478,0.0,False
Ashton Hagans,MIN,2021,0.0,0.0,0.0,0.5,2.0,,0.0,False
Tyrese Haliburton,SAC,2021,13.0,3.0,5.3,1.6,30.1,0.472,0.0,False
Donta Hall,ORL,2021,5.6,4.8,0.8,0.6,13.8,0.714,0.0,False
Josh Hall,OKC,2021,4.1,2.8,1.3,1.2,16.0,0.303,0.0,False
R.J. Hampton,2TM,2021,6.9,3.5,1.7,1.0,17.4,0.435,0.0,False
R.J. Hampton,DEN,2021,2.6,2.0,0.6,0.4,9.3,0.417,0.0,False
R.J. Hampton,ORL,2021,11.2,5.0,2.8,1.6,25.2,0.439,0.0,False
Tim Hardaway Jr.,DAL,2021,16.6,3.3,1.8,0.9,28.4,0.447,0.0,False
James Harden,2TM,2021,24.6,7.9,10.8,4.0,36.6,0.466,0.0,False
James Harden,HOU,2021,24.8,5.1,10.4,4.3,36.3,0.444,0.0,False
James Harden,BRK,2021,24.6,8.5,10.9,4.0,36.6,0.471,0.0,False
Maurice Harkless,2TM,2021,5.2,2.4,1.2,0.6,20.9,0.418,0.0,False
Maurice Harkless,MIA,2021,1.4,1.2,0.6,0.3,11.3,0.385,0.0,False
Maurice Harkless,SAC,2021,6.9,2.9,1.4,0.7,24.9,0.421,0.0,False
Jared Harper,NYK,2021,0.4,0.3,0.1,0.4,2.0,0.0,0.0,False
Montrezl Harrell,LAL,2021,13.5,6.2,1.1,1.1,22.9,0.622,0.0,False
Gary Harris,2TM,2021,9.9,2.0,2.0,0.9,27.7,0.4,0.0,False
Gary Harris,DEN,2021,9.7,2.5,1.7,0.7,30.6,0.442,0.0,False
Gary Harris,ORL,2021,10.2,1.6,2.3,1.2,25.0,0.365,0.0,False
Jalen Harris,TOR,2021,7.4,1.4,1.3,1.1,13.2,0.5,0.0,False
Joe Harris,BRK,2021,14.1,3.6,1.9,0.9,31.0,0.505,0.0,False
Shaquille Harrison,2TM,2021,2.1,1.4,0.7,0.3,9.8,0.333,0.0,False
Shaquille Harrison,UTA,2021,1.0,0.5,0.5,0.3,3.3,0.3,0.0,False
Shaquille Harrison,DEN,2021,3.3,2.3,0.9,0.4,16.3,0.345,0.0,False
Tobias Harris,PHI,2021,19.5,6.8,3.5,1.7,32.5,0.512,0.0,False
Isaiah Hartenstein,2TM,2021,5.1,3.9,1.2,1.0,12.2,0.55,0.0,False
Isaiah Hartenstein,DEN,2021,3.5,2.8,0.5,0.7,9.1,0.513,0.0,False
Isaiah Hartenstein,CLE,2021,8.3,6.0,2.5,1.4,17.9,0.582,0.0,False
Josh Hart,NOP,2021,9.2,8.0,2.3,1.0,28.7,0.439,0.0,False
Udonis Haslem,MIA,2021,4.0,1.0,0.0,0.0,3.0,1.0,0.0,False
Jaxson Hayes,NOP,2021,7.5,4.3,0.6,0.7,16.1,0.625,0.0,False
Killian Hayes,DET,2021,6.8,2.7,5.3,3.2,25.8,0.353,0.0,False
Gordon Hayward,CHO,2021,19.6,5.9,4.1,2.1,34.0,0.473,0.0,False
Juancho Hernangómez,MIN,2021,7.2,3.9,0.7,0.5,17.3,0.435,0.0,False
Willy Hernangómez,NOP,2021,7.8,7.1,1.1,0.7,18.0,0.563,0.0,False
Tyler Herro,MIA,2021,15.1,5.0,3.4,1.9,30.3,0.439,0.0,False
Buddy Hield,SAC,2021,16.6,4.7,3.6,1.8,34.3,0.406,0.0,False
George Hill,2TM,2021,8.7,2.0,2.4,1.0,22.4,0.482,0.0,False
George Hill,OKC,2021,11.8,2.1,3.1,0.9,26.4,0.508,0.0,False
George Hill,PHI,2021,6.0,2.0,1.9,1.2,18.9,0.442,0.0,False
Solomon Hill,ATL,2021,4.5,3.0,1.1,0.6,21.3,0.359,0.0,False
Nate Hinton,DAL,2021,2.0,0.4,0.4,0.2,4.4,0.357,0.0,False
Jaylen Hoard,OKC,2021,6.1,3.4,1.3,0.9,16.8,0.5,0.0,False
Aaron Holiday,IND,2021,7.2,1.3,1.9,1.0,17.8,0.39,0.0,False
Jrue Holiday,MIL,2021,17.7,4.5,6.1,2.2,32.3,0.503,0.0,False
Justin Holiday,IND,2021,10.5,3.6,1.7,0.8,30.3,0.413,0.0,False
Rondae Hollis-Jefferson,POR,2021,2.5,2.4,1.2,0.2,9.7,0.5,0.0,False
Richaun Holmes,SAC,2021,14.2,8.3,1.7,1.2,29.2,0.637,0.0,False
Rodney Hood,2TM,2021,4.5,1.9,1.0,0.7,17.1,0.362,0.0,False
Rodney Hood,POR,2021,4.7,1.9,1.2,0.8,19.1,0.363,0.0,False
Rodney Hood,TOR,2021,3.9,1.8,0.4,0.3,12.7,0.356,0.0,False
Al Horford,OKC,2021,14.2,6.7,3.4,1.0,27.9,0.45,0.0,False
Talen Horton-Tucker,LAL,2021,9.0,2.6,2.8,1.6,20.1,0.458,0.0,False
Danuel House Jr.,HOU,2021,8.8,3.7,1.9,1.0,25.9,0.404,0.0,False
Dwight Howard,PHI,2021,7.0,8.4,0.9,1.6,17.3,0.587,0.0,False
Markus Howard,DEN,2021,2.8,0.6,0.5,0.5,5.5,0.377,0.0,False
Kevin Huerter,ATL,2021,11.9,3.3,3.5,1.1,30.8,0.432,0.0,False
Elijah Hughes,UTA,2021,1.7,0.5,0.3,0.3,3.6,0.333,0.0,False
De'Andre Hunter,ATL,2021,15.0,4.8,1.9,1.3,29.5,0.484,0.0,False
Chandler Hutchison,2TM,2021,4.3,3.1,0.7,0.8,13.8,0.379,0.0,False
Chandler Hutchison,CHI,2021,1.9,2.9,0.6,0.7,9.1,0.278,0.0,False
Chandler Hutchison,WAS,2021,5.2,3.2,0.7,0.8,15.7,0.4,0.0,False
Serge Ibaka,LAC,2021,11.1,6.7,1.8,1.1,23.3,0.51,0.0,False
Andre Iguodala,MIA,2021,4.4,3.5,2.3,1.1,21.3,0.383,0.0,False
Ersan İlyasova,UTA,2021,3.8,1.7,0.2,0.5,8.7,0.389,0.0,False
Joe Ingles,UTA,2021,12.1,3.6,4.7,1.7,27.9,0.489,0.0,False
Brandon Ingram,NOP,2021,23.8,4.9,4.9,2.5,34.3,0.466,0.0,False
Kyrie Irving,BRK,2021,26.9,4.8,6.0,2.4,34.9,0.506,0.0,False
Wes Iwundu,2TM,2021,2.4,2.2,0.4,0.5,13.1,0.333,0.0,False
Wes Iwundu,DAL,2021,2.1,1.9,0.4,0.3,12.5,0.327,0.0,False
Wes Iwundu,NOP,2021,2.8,2.6,0.4,0.7,13.9,0.34,0.0,False
Frank Jackson,DET,2021,9.8,2.2,0.9,0.9,18.5,0.457,0.0,False
Jaren Jackson Jr.,MEM,2021,14.4,5.6,1.1,1.4,23.5,0.424,0.0,False
Josh Jackson,DET,2021,13.4,4.1,2.3,2.3,25.2,0.419,0.0,False
Justin Jackson,2TM,2021,7.2,2.3,1.5,0.9,17.0,0.403,0.0,False
Justin Jackson,OKC,2021,7.2,2.2,1.5,0.9,16.5,0.406,0.0,False
Justin Jackson,MIL,2021,9.0,6.0,1.0,1.0,33.0,0.333,0.0,False
Reggie Jackson,LAC,2021,10.7,2.9,3.1,1.1,23.0,0.45,0.0,False
Justin James,SAC,2021,3.9,0.8,0.6,0.4,8.6,0.468,0.0,False
LeBron James,LAL,2021,25.0,7.7,7.8,3.7,33.4,0.513,0.0,False
Mike James,BRK,2021,7.7,2.5,4.2,1.5,18.2,0.37,0.0,False
DaQuan Jeffries,2TM,2021,4.1,2.3,0.7,0.5,15.9,0.417,0.0,False
DaQuan Jeffries,SAC,2021,3.5,1.6,0.3,0.4,12.9,0.421,0.0,False
DaQuan Jeffries,HOU,2021,4.9,3.2,1.2,0.5,20.1,0.413,0.0,False
Ty Jerome,OKC,2021,10.7,2.8,3.6,1.4,23.9,0.446,0.0,False
Isaiah Joe,PHI,2021,3.7,0.9,0.5,0.3,9.3,0.361,0.0,False
Alize Johnson,BRK,2021,5.2,5.0,0.8,0.5,10.5,0.588,0.0,False
Cameron Johnson,PHO,2021,9.6,3.3,1.4,0.7,24.0,0.42,0.0,False
James Johnson,2TM,2021,7.2,3.5,1.9,1.1,20.5,0.446,0.0,False
James Johnson,DAL,2021,5.7,3.0,1.7,0.9,17.4,0.462,0.0,False
James Johnson,NOP,2021,9.2,4.1,2.2,1.3,24.5,0.434,0.0,False
Keldon Johnson,SAS,2021,12.8,6.0,1.8,1.1,28.5,0.479,0.0,False
Stanley Johnson,TOR,2021,4.4,2.5,1.5,0.9,16.5,0.382,0.0,False
Tyler Johnson,BRK,2021,5.4,2.0,1.2,0.4,17.5,0.393,0.0,False
Nikola Jokić,DEN,2021,26.4,10.8,8.3,3.1,34.6,0.566,0.0,False
Damian Jones,3TM,2021,4.7,3.1,0.7,0.7,14.0,0.68,0.0,False
Damian Jones,PHO,2021,1.6,1.3,0.3,0.4,6.7,0.5,0.0,False
Damian Jones,LAL,2021,5.4,3.3,0.1,0.6,14.0,0.941,0.0,False
Damian Jones,SAC,2021,6.9,4.5,1.4,0.9,20.1,0.657,0.0,False
Derrick Jones Jr.,POR,2021,6.8,3.5,0.8,0.6,22.7,0.484,0.0,False
Mason Jones,2TM,2021,5.3,1.7,1.3,0.9,10.4,0.423,0.0,False
Mason Jones,HOU,2021,5.8,2.0,1.5,1.1,11.8,0.412,0.0,False
Mason Jones,PHI,2021,2.7,0.7,0.5,0.2,4.5,0.556,0.0,False
Tre Jones,SAS,2021,2.5,0.6,1.1,0.4,7.3,0.474,0.0,False
Tyus Jones,MEM,2021,6.3,2.0,3.7,0.7,17.5,0.431,0.0,False
DeAndre Jordan,BRK,2021,7.5,7.5,1.6,1.5,21.9,0.763,0.0,False
Cory Joseph,2TM,2021,8.2,2.5,3.4,1.3,23.0,0.469,0.0,False
Cory Joseph,SAC,2021,6.6,2.3,2.5,1.0,21.5,0.444,0.0,False
Cory Joseph,DET,2021,12.0,3.2,5.5,1.8,26.4,0.506,0.0,False
Mfiondu Kabengele,2TM,2021,2.4,1.5,0.4,0.4,7.2,0.371,0.0,False
Mfiondu Kabengele,LAC,2021,1.2,0.6,0.2,0.3,4.1,0.281,0.0,False
Mfiondu Kabengele,CLE,2021,4.3,2.9,0.8,0.6,11.6,0.421,0.0,False
Frank Kaminsky,PHO,2021,6.6,4.0,1.7,0.5,15.2,0.471,0.0,False
Enes Freedom,POR,2021,11.2,11.0,1.2,1.1,24.4,0.604,0.0,False
Luke Kennard,LAC,2021,8.3,2.6,1.7,0.8,19.6,0.476,0.0,False
Louis King,SAC,2021,7.3,3.0,1.5,0.7,14.2,0.5,0.0,False
Maxi Kleber,DAL,2021,7.1,5.2,1.4,0.6,26.8,0.422,0.0,False
Nathan Knight,ATL,2021,3.8,2.2,0.2,0.5,8.5,0.37,0.0,False
Kevin Knox,NYK,2021,3.9,1.5,0.5,0.4,11.0,0.392,0.0,False
John Konchar,MEM,2021,4.3,3.0,1.1,0.4,13.4,0.5,0.0,False
Furkan Korkmaz,PHI,2021,9.1,2.1,1.5,0.8,19.3,0.401,0.0,False
Luke Kornet,2TM,2021,3.4,2.2,0.8,0.2,11.2,0.436,0.0,False
Luke Kornet,CHI,2021,2.0,1.2,0.3,0.1,7.2,0.333,0.0,False
Luke Kornet,BOS,2021,4.4,2.9,1.1,0.3,14.1,0.473,0.0,False
Rodions Kurucs,3TM,2021,1.5,1.1,0.5,0.6,6.0,0.344,0.0,False
Rodions Kurucs,BRK,2021,0.6,0.6,0.4,0.0,3.2,0.333,0.0,False
Rodions Kurucs,HOU,2021,1.2,1.0,0.4,0.8,6.8,0.238,0.0,False
Rodions Kurucs,MIL,2021,3.0,1.8,0.8,0.8,6.8,0.625,0.0,False
Kyle Kuzma,LAL,2021,12.9,6.1,1.9,1.7,28.7,0.443,0.0,False
Anthony Lamb,HOU,2021,5.5,2.9,1.0,0.8,17.3,0.39,0.0,False
Jeremy Lamb,IND,2021,10.1,3.6,1.5,0.6,21.3,0.435,0.0,False
Romeo Langford,BOS,2021,3.1,1.9,0.7,0.6,15.7,0.356,0.0,False
Zach LaVine,CHI,2021,27.4,5.0,4.9,3.5,35.1,0.507,0.0,False
Jake Layman,MIN,2021,5.1,1.5,0.6,0.6,13.9,0.495,0.0,False
T.J. Leaf,POR,2021,1.7,0.7,0.1,0.3,5.0,0.5,0.0,False
Jalen Lecque,IND,2021,1.3,1.3,0.5,0.0,3.0,0.111,0.0,False
Damion Lee,GSW,2021,6.5,3.2,1.3,0.5,18.9,0.467,0.0,False
Saben Lee,DET,2021,5.6,2.0,3.6,1.1,16.3,0.471,0.0,False
Alex Len,2TM,2021,6.6,4.1,0.8,0.9,15.3,0.615,0.0,False
Alex Len,TOR,2021,2.3,1.6,0.4,1.1,10.9,0.5,0.0,False
Alex Len,WAS,2021,7.1,4.4,0.8,0.8,15.8,0.619,0.0,False
Kawhi Leonard,LAC,2021,24.8,6.5,5.2,2.0,34.1,0.512,0.0,False
Meyers Leonard,MIA,2021,3.3,2.3,0.7,0.7,9.7,0.429,0.0,False
Caris LeVert,2TM,2021,20.2,4.6,5.2,2.2,31.6,0.441,0.0,False
Caris LeVert,BRK,2021,18.5,4.3,6.0,2.2,27.8,0.435,0.0,False
Caris LeVert,IND,2021,20.7,4.6,4.9,2.2,32.9,0.443,0.0,False
Kira Lewis Jr.,NOP,2021,6.4,1.3,2.3,0.6,16.7,0.386,0.0,False
Damian Lillard,POR,2021,28.8,4.2,7.5,3.0,35.8,0.451,0.0,False
Nassir Little,POR,2021,4.6,2.7,0.5,0.4,13.3,0.467,0.0,False
Kevon Looney,GSW,2021,4.1,5.3,2.0,0.6,19.0,0.548,0.0,False
Brook Lopez,MIL,2021,12.3,5.0,0.7,0.9,27.2,0.503,0.0,False
Robin Lopez,WAS,2021,9.0,3.8,0.8,1.1,19.1,0.633,0.0,False
Didi Louzada,NOP,2021,2.7,1.0,1.0,1.0,18.7,0.231,0.0,False
Kevin Love,CLE,2021,12.2,7.4,2.5,1.5,24.9,0.409,0.0,False
Kyle Lowry,TOR,2021,17.2,5.4,7.3,2.7,34.8,0.436,0.0,False
Timothé Luwawu-Cabarrot,BRK,2021,6.4,2.2,1.2,0.7,18.1,0.365,0.0,False
Trey Lyles,SAS,2021,5.0,3.7,0.6,0.3,15.6,0.478,0.0,False
Will Magnay,NOP,2021,0.0,0.0,0.0,1.0,3.0,0.0,0.0,False
Thon Maker,CLE,2021,3.8,2.3,0.5,0.4,9.5,0.556,0.0,False
Théo Maledon,OKC,2021,10.1,3.2,3.5,2.2,27.4,0.368,0.0,False
Karim Mané,ORL,2021,1.1,1.4,0.4,0.3,8.8,0.231,0.0,False
Nico Mannion,GSW,2021,4.1,1.5,2.3,1.0,12.1,0.342,0.0,False
Terance Mann,LAC,2021,7.0,3.6,1.6,0.6,18.9,0.509,0.0,False
Boban Marjanović,DAL,2021,4.7,3.9,0.3,0.4,8.2,0.508,0.0,False
Lauri Markkanen,CHI,2021,13.6,5.3,0.9,1.0,25.8,0.48,0.0,False
Naji Marshall,NOP,2021,7.7,4.6,2.8,1.2,21.9,0.392,0.0,False
Caleb Martin,CHO,2021,5.0,2.7,1.3,0.6,15.4,0.375,0.0,False
Cody Martin,CHO,2021,4.0,3.1,1.7,0.8,16.3,0.441,0.0,False
Jeremiah Martin,CLE,2021,2.4,0.8,0.4,0.7,8.3,0.273,0.0,False
Kelan Martin,IND,2021,4.5,2.2,0.5,0.5,9.2,0.449,0.0,False
KJ Martin,HOU,2021,9.3,5.4,1.1,0.8,23.7,0.509,0.0,False
Frank Mason III,ORL,2021,6.3,3.0,3.0,1.3,19.8,0.375,0.0,False
Garrison Mathews,WAS,2021,5.5,1.4,0.4,0.2,16.2,0.409,0.0,False
Dakota Mathias,PHI,2021,6.0,0.9,1.6,0.1,15.4,0.396,0.0,False
Wesley Matthews,LAL,2021,4.8,1.6,0.9,0.4,19.5,0.353,0.0,False
Tyrese Maxey,PHI,2021,8.0,1.7,2.0,0.7,15.3,0.462,0.0,False
Skylar Mays,ATL,2021,3.8,1.1,0.9,0.3,8.2,0.449,0.0,False
Patrick McCaw,TOR,2021,1.0,0.6,0.8,0.0,6.6,1.0,0.0,False
CJ McCollum,POR,2021,23.1,3.9,4.7,1.4,34.0,0.458,0.0,False
T.J. McConnell,IND,2021,8.6,3.7,6.6,2.0,26.0,0.559,0.0,False
Jalen McDaniels,CHO,2021,7.4,3.6,1.1,1.0,19.2,0.468,0.0,False
Jaden McDaniels,MIN,2021,6.8,3.7,1.1,0.7,24.0,0.447,0.0,False
Doug McDermott,IND,2021,13.6,3.3,1.3,0.8,24.5,0.532,0.0,False
Sean McDermott,MEM,2021,2.2,1.1,0.2,0.2,8.8,0.394,0.0,False
JaVale McGee,2TM,2021,7.3,5.2,0.8,1.3,14.7,0.511,0.0,False
JaVale McGee,CLE,2021,8.0,5.2,1.0,1.4,15.2,0.521,0.0,False
JaVale McGee,DEN,2021,5.5,5.3,0.5,1.2,13.5,0.478,0.0,False
Rodney McGruder,DET,2021,5.7,1.4,1.0,0.4,12.1,0.529,0.0,False
Alfonzo McKinnie,LAL,2021,3.1,1.4,0.2,0.1,6.6,0.516,0.0,False
Jordan McLaughlin,MIN,2021,5.0,2.1,3.8,1.0,18.4,0.413,0.0,False
Ben McLemore,2TM,2021,7.7,1.9,0.7,0.8,17.1,0.37,0.0,False
Ben McLemore,HOU,2021,7.4,2.1,0.9,0.9,16.8,0.357,0.0,False
Ben McLemore,LAL,2021,8.0,1.6,0.5,0.7,17.5,0.39,0.0,False
Nicolò Melli,2TM,2021,3.0,2.7,1.0,0.3,12.6,0.326,0.0,False
Nicolò Melli,NOP,2021,2.0,2.6,1.1,0.3,11.0,0.254,0.0,False
Nicolò Melli,DAL,2021,4.0,2.8,0.8,0.2,14.1,0.378,0.0,False
De'Anthony Melton,MEM,2021,9.1,3.1,2.5,1.3,20.1,0.438,0.0,False
Sam Merrill,MIL,2021,3.0,1.0,0.7,0.3,7.8,0.444,0.0,False
Chimezie Metu,SAC,2021,6.3,3.1,0.8,0.8,13.6,0.508,0.0,False
Khris Middleton,MIL,2021,20.4,6.0,5.4,2.6,33.4,0.476,0.0,False
Darius Miller,OKC,2021,4.1,1.3,1.2,0.4,10.9,0.458,0.0,False
Paul Millsap,DEN,2021,9.0,4.7,1.8,0.9,20.8,0.476,0.0,False
Patty Mills,SAS,2021,10.8,1.7,2.4,1.0,24.8,0.412,0.0,False
Shake Milton,PHI,2021,13.0,2.3,3.1,1.6,23.2,0.45,0.0,False
Donovan Mitchell,UTA,2021,26.4,4.4,5.2,2.8,33.4,0.438,0.0,False
Adam Mokoka,CHI,2021,1.1,0.4,0.4,0.4,4.0,0.368,0.0,False
Malik Monk,CHO,2021,11.7,2.4,2.1,1.3,20.9,0.434,0.0,False
E'Twaun Moore,PHO,2021,4.9,1.7,1.5,0.9,14.4,0.455,0.0,False
Ja Morant,MEM,2021,19.1,4.0,7.4,3.2,32.6,0.449,0.0,False
Juwan Morgan,UTA,2021,1.2,1.0,0.3,0.1,5.1,0.467,0.0,False
Markieff Morris,LAL,2021,6.7,4.4,1.2,0.9,19.7,0.405,0.0,False
Marcus Morris,LAC,2021,13.4,4.1,1.0,1.0,26.4,0.473,0.0,False
Monte Morris,DEN,2021,10.2,2.0,3.2,0.7,25.4,0.481,0.0,False
Mychal Mulder,GSW,2021,5.6,1.0,0.4,0.3,12.8,0.449,0.0,False
Dejounte Murray,SAS,2021,15.7,7.1,5.4,1.7,31.9,0.453,0.0,False
Jamal Murray,DEN,2021,21.2,4.0,4.8,2.3,35.5,0.477,0.0,False
Mike Muscala,OKC,2021,9.7,3.8,0.8,0.6,18.4,0.446,0.0,False
Svi Mykhailiuk,2TM,2021,8.5,2.5,1.7,1.3,20.1,0.411,0.0,False
Svi Mykhailiuk,DET,2021,6.9,2.1,1.6,1.1,17.6,0.377,0.0,False
Svi Mykhailiuk,OKC,2021,10.3,3.0,1.8,1.6,23.0,0.438,0.0,False
Abdel Nader,PHO,2021,6.7,2.6,0.8,0.8,14.8,0.491,0.0,False
Larry Nance Jr.,CLE,2021,9.3,6.7,3.1,1.6,31.2,0.471,0.0,False
Aaron Nesmith,BOS,2021,4.7,2.8,0.5,0.5,14.5,0.438,0.0,False
Raul Neto,WAS,2021,8.7,2.4,2.3,0.8,21.9,0.468,0.0,False
Georges Niang,UTA,2021,6.9,2.4,0.8,0.7,16.0,0.437,0.0,False
Zeke Nnaji,DEN,2021,3.2,1.5,0.2,0.2,9.5,0.481,0.0,False
Nerlens Noel,NYK,2021,5.1,6.4,0.7,1.0,24.2,0.614,0.0,False
Jaylen Nowell,MIN,2021,9.0,2.3,1.5,0.7,18.1,0.424,0.0,False
Frank Ntilikina,NYK,2021,2.7,0.9,0.6,0.3,9.8,0.367,0.0,False
James Nunnally,NOP,2021,1.7,1.0,0.3,0.2,5.3,0.385,0.0,False
Kendrick Nunn,MIA,2021,14.6,3.2,2.6,1.4,29.5,0.485,0.0,False
Jusuf Nurkić,POR,2021,11.5,9.0,3.4,2.0,23.8,0.514,0.0,False
David Nwaba,HOU,2021,9.2,3.9,1.0,0.6,22.6,0.486,0.0,False
Jordan Nwora,MIL,2021,5.7,2.0,0.2,0.8,9.1,0.459,0.0,False
Semi Ojeleye,BOS,2021,4.6,2.6,0.7,0.4,17.0,0.403,0.0,False
Jahlil Okafor,DET,2021,5.4,2.4,0.5,0.8,12.9,0.618,0.0,False
Chuma Okeke,ORL,2021,7.8,4.0,2.2,0.8,25.2,0.417,0.0,False
Josh Okogie,MIN,2021,5.4,2.6,1.1,0.7,20.3,0.402,0.0,False
Onyeka Okongwu,ATL,2021,4.6,3.3,0.4,0.6,12.0,0.644,0.0,False
Isaac Okoro,CLE,2021,9.6,3.1,1.9,1.3,32.4,0.42,0.0,False
KZ Okpala,MIA,2021,2.5,1.8,0.5,0.4,12.1,0.375,0.0,False
Victor Oladipo,3TM,2021,19.8,4.8,4.6,2.5,32.7,0.408,0.0,False
Victor Oladipo,IND,2021,20.0,5.7,4.2,2.0,33.3,0.421,0.0,False
Victor Oladipo,HOU,2021,21.2,4.8,5.0,2.6,33.5,0.407,0.0,False
Victor Oladipo,MIA,2021,12.0,3.5,3.5,3.5,27.8,0.372,0.0,False
Cameron Oliver,HOU,2021,10.8,5.3,1.3,0.8,21.8,0.576,0.0,False
Kelly Olynyk,2TM,2021,13.5,7.0,2.9,1.8,28.5,0.484,0.0,False
Kelly Olynyk,MIA,2021,10.0,6.1,2.1,1.3,26.9,0.431,0.0,False
Kelly Olynyk,HOU,2021,19.0,8.4,4.1,2.6,31.1,0.545,0.0,False
Royce O'Neale,UTA,2021,7.0,6.8,2.5,1.2,31.6,0.444,0.0,False
Miye Oni,UTA,2021,1.9,1.6,0.5,0.3,9.6,0.354,0.0,False
Cedi Osman,CLE,2021,10.4,3.4,2.9,1.4,25.6,0.374,0.0,False
Daniel Oturu,LAC,2021,1.8,1.6,0.3,0.3,5.4,0.423,0.0,False
Kelly Oubre Jr.,GSW,2021,15.4,6.0,1.3,1.3,30.7,0.439,0.0,False
Jabari Parker,2TM,2021,5.5,3.2,0.8,0.8,12.7,0.545,0.0,False
Jabari Parker,SAC,2021,2.7,2.0,0.3,1.0,9.0,0.571,0.0,False
Jabari Parker,BOS,2021,6.4,3.6,1.0,0.7,13.8,0.542,0.0,False
Eric Paschall,GSW,2021,9.5,3.2,1.3,1.1,17.4,0.497,0.0,False
Anžejs Pasečņiks,WAS,2021,0.0,1.0,1.0,5.0,6.0,0.0,0.0,False
Patrick Patterson,LAC,2021,5.2,2.0,0.8,0.3,15.3,0.436,0.0,False
Justin Patton,HOU,2021,5.4,3.8,1.1,0.3,19.0,0.414,0.0,False
Chris Paul,PHO,2021,16.4,4.5,8.9,2.2,31.4,0.499,0.0,False
Cameron Payne,PHO,2021,8.4,2.4,3.6,1.0,18.0,0.484,0.0,False
Elfrid Payton,NYK,2021,10.1,3.4,3.2,1.6,23.6,0.432,0.0,False
Gary Payton II,GSW,2021,2.5,1.1,0.1,0.1,4.0,0.769,0.0,False
Norvel Pelle,3TM,2021,1.5,1.5,0.2,0.2,6.5,0.533,0.0,False
Norvel Pelle,BRK,2021,2.0,2.3,0.0,1.0,9.3,0.429,0.0,False
Norvel Pelle,SAC,2021,3.0,1.0,1.0,0.0,4.0,0.0,0.0,False
Norvel Pelle,NYK,2021,1.2,1.2,0.1,0.0,5.8,0.714,0.0,False
Reggie Perry,BRK,2021,3.0,2.8,0.5,0.6,8.1,0.41,0.0,False
Theo Pinson,NYK,2021,0.1,0.3,0.1,0.1,2.0,0.111,0.0,False
Mason Plumlee,DET,2021,10.4,9.3,3.6,1.9,26.8,0.614,0.0,False
Jakob Poeltl,SAS,2021,8.6,7.9,1.9,1.2,26.7,0.616,0.0,False
Vincent Poirier,PHI,2021,0.8,1.4,0.2,0.4,3.9,0.25,0.0,False
Aleksej Pokusevski,OKC,2021,8.2,4.7,2.2,2.2,24.2,0.341,0.0,False
Jordan Poole,GSW,2021,12.0,1.8,1.9,1.0,19.4,0.432,0.0,False
Jontay Porter,MEM,2021,2.0,1.3,0.1,0.6,4.9,0.533,0.0,False
Kevin Porter Jr.,HOU,2021,16.6,3.8,6.3,3.5,32.1,0.425,0.0,False
Michael Porter Jr.,DEN,2021,19.0,7.3,1.1,1.3,31.3,0.542,0.0,False
Otto Porter Jr.,2TM,2021,9.7,5.4,2.0,0.9,21.6,0.432,0.0,False
Otto Porter Jr.,CHI,2021,9.9,5.5,2.0,1.0,21.6,0.441,0.0,False
Otto Porter Jr.,ORL,2021,8.0,4.7,1.7,0.0,22.0,0.36,0.0,False
Bobby Portis,MIL,2021,11.4,7.1,1.1,0.8,20.8,0.523,0.0,False
Kristaps Porziņģis,DAL,2021,20.1,8.9,1.6,1.2,30.9,0.476,0.0,False
Dwight Powell,DAL,2021,5.9,4.0,1.1,0.7,16.7,0.619,0.0,False
Norman Powell,2TM,2021,18.6,3.1,1.9,1.7,32.0,0.477,0.0,False
Norman Powell,TOR,2021,19.6,3.0,1.8,1.8,30.4,0.498,0.0,False
Norman Powell,POR,2021,17.0,3.3,1.9,1.6,34.4,0.443,0.0,False
Taurean Prince,2TM,2021,9.5,3.5,1.9,1.1,22.1,0.401,0.0,False
Taurean Prince,BRK,2021,8.1,2.8,0.6,0.9,18.2,0.405,0.0,False
Taurean Prince,CLE,2021,10.1,3.7,2.4,1.2,23.7,0.399,0.0,False
Payton Pritchard,BOS,2021,7.7,2.4,1.8,0.8,19.2,0.44,0.0,False
Immanuel Quickley,NYK,2021,11.4,2.1,2.0,0.9,19.4,0.395,0.0,False
Jahmi'us Ramsey,SAC,2021,3.1,0.8,0.5,0.2,7.2,0.395,0.0,False
Chasson Randle,ORL,2021,6.5,2.0,1.8,1.1,20.4,0.388,0.0,False
Julius Randle,NYK,2021,24.1,10.2,6.0,3.4,37.6,0.456,0.0,False
Cam Reddish,ATL,2021,11.2,4.0,1.3,1.3,28.8,0.365,0.0,False
JJ Redick,2TM,2021,7.4,1.5,1.2,0.8,16.4,0.397,0.0,False
JJ Redick,NOP,2021,8.7,1.7,1.3,0.8,18.6,0.407,0.0,False
JJ Redick,DAL,2021,4.4,0.9,0.8,0.8,11.3,0.358,0.0,False
Paul Reed,PHI,2021,3.4,2.3,0.5,0.5,6.8,0.538,0.0,False
Naz Reid,MIN,2021,11.2,4.6,1.0,1.0,19.2,0.523,0.0,False
Cameron Reynolds,2TM,2021,3.0,1.0,0.4,0.0,8.0,0.333,0.0,False
Cameron Reynolds,SAS,2021,0.7,0.0,0.0,0.0,2.0,0.5,0.0,False
Cameron Reynolds,HOU,2021,6.5,2.5,1.0,0.0,17.0,0.313,0.0,False
Josh Richardson,DAL,2021,12.1,3.3,2.6,1.3,30.3,0.427,0.0,False
Nick Richards,CHO,2021,0.8,0.6,0.1,0.2,3.5,0.444,0.0,False
Grant Riller,CHO,2021,2.6,0.1,0.4,0.1,3.9,0.667,0.0,False
Austin Rivers,2TM,2021,7.9,2.3,2.3,1.0,23.5,0.424,0.0,False
Austin Rivers,NYK,2021,7.3,2.2,2.0,1.0,21.0,0.43,0.0,False
Austin Rivers,DEN,2021,8.7,2.3,2.6,0.9,26.9,0.418,0.0,False
Andre Roberson,BRK,2021,1.2,3.0,0.8,0.4,12.6,0.143,0.0,False
Duncan Robinson,MIA,2021,13.1,3.5,1.8,1.1,31.4,0.439,0.0,False
Glenn Robinson III,SAC,2021,5.3,2.0,0.9,0.5,16.0,0.424,0.0,False
Jerome Robinson,WAS,2021,4.9,2.2,1.5,1.1,17.9,0.295,0.0,False
Justin Robinson,OKC,2021,2.3,0.8,1.0,0.2,9.8,0.333,0.0,False
Mitchell Robinson,NYK,2021,8.3,8.1,0.5,0.8,27.5,0.653,0.0,False
Isaiah Roby,OKC,2021,8.7,5.6,1.8,1.9,23.4,0.483,0.0,False
Rajon Rondo,2TM,2021,5.4,2.4,4.4,1.8,17.1,0.442,0.0,False
Rajon Rondo,ATL,2021,3.9,2.0,3.5,1.4,14.9,0.4,0.0,False
Rajon Rondo,LAC,2021,7.6,3.1,5.8,2.2,20.4,0.486,0.0,False
Derrick Rose,2TM,2021,14.7,2.6,4.2,1.6,25.6,0.47,0.0,False
Derrick Rose,DET,2021,14.2,1.9,4.2,1.9,22.8,0.429,0.0,False
Derrick Rose,NYK,2021,14.9,2.9,4.2,1.4,26.8,0.487,0.0,False
Terrence Ross,ORL,2021,15.6,3.4,2.3,1.6,29.3,0.412,0.0,False
Terry Rozier,CHO,2021,20.4,4.4,4.2,1.9,34.5,0.45,0.0,False
Ricky Rubio,MIN,2021,8.6,3.3,6.4,1.6,26.1,0.388,0.0,False
D'Angelo Russell,MIN,2021,19.0,2.6,5.8,2.7,28.5,0.431,0.0,False
Domantas Sabonis,IND,2021,20.3,12.0,6.7,3.4,36.0,0.535,0.0,False
Luka Šamanić,SAS,2021,3.7,2.1,0.5,0.6,9.3,0.448,0.0,False
JaKarr Sampson,IND,2021,4.6,2.7,0.1,0.5,10.9,0.496,0.0,False
Dario Šarić,PHO,2021,8.7,3.8,1.3,1.1,17.4,0.447,0.0,False
Tomáš Satoranský,CHI,2021,7.7,2.4,4.7,1.7,22.5,0.514,0.0,False
Dennis Schröder,LAL,2021,15.4,3.5,5.8,2.7,32.1,0.437,0.0,False
Mike Scott,PHI,2021,4.2,2.4,0.8,0.4,16.7,0.36,0.0,False
Jay Scrubb,LAC,2021,8.8,3.5,0.3,1.8,21.0,0.389,0.0,False
Collin Sexton,CLE,2021,24.3,3.1,4.4,2.8,35.3,0.475,0.0,False
Landry Shamet,BRK,2021,9.3,1.8,1.6,0.8,23.0,0.408,0.0,False
Iman Shumpert,BRK,2021,1.0,0.5,0.0,0.5,5.5,0.25,0.0,False
Pascal Siakam,TOR,2021,21.4,7.2,4.5,2.3,35.8,0.455,0.0,False
Chris Silva,2TM,2021,2.1,1.8,0.4,0.7,6.1,0.625,0.0,False
Chris Silva,MIA,2021,2.7,2.3,0.5,0.8,7.5,0.692,0.0,False
Chris Silva,SAC,2021,0.5,0.5,0.0,0.3,2.3,0.333,0.0,False
Ben Simmons,PHI,2021,14.3,7.2,6.9,3.0,32.4,0.557,0.0,False
Anfernee Simons,POR,2021,7.8,2.2,1.4,0.7,17.3,0.419,0.0,False
Deividas Sirvydis,DET,2021,2.1,1.5,0.3,0.3,6.7,0.35,0.0,False
Alen Smailagić,GSW,2021,1.9,1.1,0.3,0.3,5.6,0.407,0.0,False
Marcus Smart,BOS,2021,13.1,3.5,5.7,2.0,32.9,0.398,0.0,False
Dennis Smith Jr.,2TM,2021,6.7,2.4,3.3,1.1,18.3,0.4,0.0,False
Dennis Smith Jr.,NYK,2021,3.0,0.7,1.0,0.3,9.3,0.2,0.0,False
Dennis Smith Jr.,DET,2021,7.3,2.7,3.7,1.3,19.6,0.415,0.0,False
Ish Smith,WAS,2021,6.7,3.4,3.9,0.9,21.0,0.434,0.0,False
Jalen Smith,PHO,2021,2.0,1.4,0.1,0.3,5.8,0.44,0.0,False
Tony Snell,ATL,2021,5.3,2.4,1.3,0.4,21.1,0.515,0.0,False
Ray Spalding,HOU,2021,2.0,2.0,0.0,1.5,9.5,0.5,0.0,False
Cassius Stanley,IND,2021,1.5,0.8,0.0,0.0,3.9,0.302,0.0,False
Lamar Stevens,CLE,2021,4.1,2.4,0.6,0.6,12.5,0.456,0.0,False
Isaiah Stewart,DET,2021,7.9,6.7,0.9,1.0,21.4,0.553,0.0,False
Max Strus,MIA,2021,6.1,1.1,0.6,0.2,13.0,0.455,0.0,False
Edmond Sumner,IND,2021,7.5,1.8,0.9,1.0,16.2,0.525,0.0,False
Jae'Sean Tate,HOU,2021,11.3,5.3,2.5,1.4,29.2,0.506,0.0,False
Jayson Tatum,BOS,2021,26.4,7.4,4.3,2.7,35.8,0.459,0.0,False
Jeff Teague,2TM,2021,6.7,1.6,2.4,1.2,17.3,0.433,0.0,False
Jeff Teague,BOS,2021,6.9,1.7,2.1,1.1,18.1,0.415,0.0,False
Jeff Teague,MIL,2021,6.6,1.5,2.8,1.2,15.9,0.469,0.0,False
Garrett Temple,CHI,2021,7.6,2.9,2.2,1.0,27.3,0.415,0.0,False
Tyrell Terry,DAL,2021,1.0,0.5,0.5,0.2,5.1,0.313,0.0,False
Daniel Theis,2TM,2021,9.6,5.5,1.7,1.0,24.6,0.541,0.0,False
Daniel Theis,BOS,2021,9.5,5.2,1.6,1.0,24.5,0.552,0.0,False
Daniel Theis,CHI,2021,10.0,5.9,1.8,1.1,25.0,0.522,0.0,False
Brodric Thomas,2TM,2021,3.9,1.7,0.9,0.7,12.5,0.361,0.0,False
Brodric Thomas,HOU,2021,2.5,1.0,1.0,1.0,6.0,0.286,0.0,False
Brodric Thomas,CLE,2021,4.1,1.8,0.9,0.6,13.4,0.366,0.0,False
Isaiah Thomas,NOP,2021,7.7,1.3,1.7,2.0,16.0,0.333,0.0,False
Khyri Thomas,HOU,2021,16.4,3.6,5.0,1.2,30.6,0.485,0.0,False
Matt Thomas,2TM,2021,3.1,1.0,0.4,0.3,7.2,0.394,0.0,False
Matt Thomas,TOR,2021,2.7,0.8,0.3,0.2,7.4,0.387,0.0,False
Matt Thomas,UTA,2021,3.6,1.2,0.5,0.4,7.1,0.4,0.0,False
Tristan Thompson,BOS,2021,7.6,8.1,1.2,1.1,23.8,0.518,0.0,False
Sindarius Thornwell,2TM,2021,2.0,0.9,1.0,0.3,10.3,0.326,0.0,False
Sindarius Thornwell,NOP,2021,1.2,0.4,0.3,0.3,5.2,0.333,0.0,False
Sindarius Thornwell,ORL,2021,3.4,1.9,2.4,0.4,20.6,0.32,0.0,False
Matisse Thybulle,PHI,2021,3.9,1.9,1.0,0.5,20.0,0.42,0.0,False
Killian Tillie,MEM,2021,3.2,1.3,0.4,0.1,10.1,0.333,0.0,False
Xavier Tillman Sr.,MEM,2021,6.6,4.3,1.3,0.8,18.4,0.559,0.0,False
Anthony Tolliver,PHI,2021,1.5,0.9,0.2,0.3,9.0,0.235,0.0,False
Obi Toppin,NYK,2021,4.1,2.2,0.5,0.4,11.0,0.498,0.0,False
Juan Toscano-Anderson,GSW,2021,5.7,4.4,2.8,1.2,20.9,0.579,0.0,False
Axel Toupane,MIL,2021,1.8,0.8,0.5,0.0,7.6,0.364,0.0,False
Karl-Anthony Towns,MIN,2021,24.8,10.6,4.5,3.2,33.8,0.486,0.0,False
Gary Trent Jr.,2TM,2021,15.3,2.6,1.4,0.7,31.1,0.408,0.0,False
Gary Trent Jr.,POR,2021,15.0,2.2,1.4,0.8,30.8,0.414,0.0,False
Gary Trent Jr.,TOR,2021,16.2,3.6,1.3,0.7,31.8,0.395,0.0,False
P.J. Tucker,2TM,2021,3.7,3.9,1.2,0.8,26.1,0.373,0.0,False
P.J. Tucker,HOU,2021,4.4,4.6,1.4,1.0,30.0,0.366,0.0,False
P.J. Tucker,MIL,2021,2.6,2.8,0.8,0.4,19.9,0.391,0.0,False
Rayjon Tucker,PHI,2021,2.4,0.8,0.4,0.3,4.9,0.5,0.0,False
Myles Turner,IND,2021,12.6,6.5,1.0,1.4,31.0,0.477,0.0,False
Jonas Valančiūnas,MEM,2021,17.1,12.5,1.8,1.6,28.3,0.592,0.0,False
Denzel Valentine,CHI,2021,6.5,3.2,1.7,0.7,16.7,0.373,0.0,False
Jarred Vanderbilt,MIN,2021,5.4,5.8,1.2,0.8,17.8,0.606,0.0,False
Fred VanVleet,TOR,2021,19.6,4.2,6.3,1.8,36.5,0.389,0.0,False
Anderson Varejão,CLE,2021,2.6,4.0,0.6,0.2,7.2,0.25,0.0,False
Devin Vassell,SAS,2021,5.5,2.8,0.9,0.4,17.0,0.406,0.0,False
Gabe Vincent,MIA,2021,4.8,1.1,1.3,0.7,13.1,0.378,0.0,False
Noah Vonleh,BRK,2021,0.0,0.3,0.3,0.5,2.8,0.0,0.0,False
Nikola Vučević,2TM,2021,23.4,11.7,3.8,1.8,33.5,0.477,0.0,False
Nikola Vučević,ORL,2021,24.5,11.8,3.8,1.9,34.1,0.48,0.0,False
Nikola Vučević,CHI,2021,21.5,11.5,3.9,1.7,32.6,0.471,0.0,False
Dean Wade,CLE,2021,6.0,3.4,1.2,0.5,19.2,0.431,0.0,False
Moritz Wagner,3TM,2021,6.9,3.2,1.1,1.0,16.0,0.454,0.0,False
Moritz Wagner,WAS,2021,7.1,2.9,1.3,0.8,15.0,0.508,0.0,False
Moritz Wagner,BOS,2021,1.2,2.1,0.7,1.0,6.8,0.286,0.0,False
Moritz Wagner,ORL,2021,11.0,4.9,1.1,1.2,26.0,0.409,0.0,False
Kemba Walker,BOS,2021,19.3,4.0,4.9,2.0,31.8,0.42,0.0,False
Lonnie Walker IV,SAS,2021,11.2,2.6,1.7,1.1,25.4,0.42,0.0,False
John Wall,HOU,2021,20.6,3.2,6.9,3.5,32.2,0.404,0.0,False
Brad Wanamaker,2TM,2021,5.5,1.7,2.9,1.2,17.3,0.385,0.0,False
Brad Wanamaker,GSW,2021,4.7,1.7,2.5,0.9,16.0,0.353,0.0,False
Brad Wanamaker,CHO,2021,6.9,1.8,3.4,1.5,19.5,0.429,0.0,False
T.J. Warren,IND,2021,15.5,3.5,1.3,1.0,29.3,0.529,0.0,False
P.J. Washington,CHO,2021,12.9,6.5,2.5,2.0,30.5,0.44,0.0,False
Yuta Watanabe,TOR,2021,4.4,3.2,0.8,0.4,14.5,0.439,0.0,False
Tremont Waters,BOS,2021,3.8,0.8,2.4,1.0,9.2,0.405,0.0,False
Paul Watson,TOR,2021,4.1,1.7,0.6,0.3,11.0,0.463,0.0,False
Quinndary Weatherspoon,SAS,2021,2.3,0.6,0.4,0.5,6.1,0.457,0.0,False
Russell Westbrook,WAS,2021,22.2,11.5,11.7,4.8,36.4,0.439,0.0,False
Coby White,CHI,2021,15.1,4.1,4.8,2.3,31.2,0.416,0.0,False
Derrick White,SAS,2021,15.4,3.0,3.5,1.3,29.6,0.411,0.0,False
Hassan Whiteside,SAC,2021,8.1,6.0,0.6,1.1,15.2,0.563,0.0,False
Greg Whittington,DEN,2021,0.0,0.0,0.0,0.0,3.0,0.0,0.0,False
Andrew Wiggins,GSW,2021,18.6,4.9,2.4,1.8,33.3,0.477,0.0,False
Grant Williams,BOS,2021,4.7,2.8,1.0,0.9,18.1,0.437,0.0,False
Kenrich Williams,OKC,2021,8.0,4.1,2.3,1.2,21.6,0.533,0.0,False
Lou Williams,2TM,2021,11.3,2.1,3.4,1.6,21.6,0.41,0.0,False
Lou Williams,LAC,2021,12.1,2.1,3.4,1.6,21.9,0.421,0.0,False
Lou Williams,ATL,2021,10.0,2.1,3.4,1.8,21.0,0.389,0.0,False
Patrick Williams,CHI,2021,9.2,4.6,1.4,1.4,27.9,0.483,0.0,False
Robert Williams,BOS,2021,8.0,6.9,1.8,1.0,18.9,0.721,0.0,False
Zion Williamson,NOP,2021,27.0,7.2,3.7,2.7,33.2,0.611,0.0,False
D.J. Wilson,2TM,2021,5.2,3.2,0.7,0.6,12.4,0.405,0.0,False
D.J. Wilson,MIL,2021,3.6,2.1,0.3,0.3,8.8,0.372,0.0,False
D.J. Wilson,HOU,2021,6.1,3.8,0.9,0.8,14.3,0.416,0.0,False
Dylan Windler,CLE,2021,5.2,3.5,1.1,1.0,16.5,0.438,0.0,False
Justise Winslow,MEM,2021,6.8,4.5,1.9,1.4,19.5,0.352,0.0,False
Cassius Winston,WAS,2021,1.9,0.4,0.5,0.2,4.5,0.424,0.0,False
James Wiseman,GSW,2021,11.5,5.8,0.7,1.5,21.4,0.519,0.0,False
Robert Woodard II,SAC,2021,1.5,1.2,0.2,0.1,3.5,0.4,0.0,False
Christian Wood,HOU,2021,21.0,9.6,1.7,2.0,32.3,0.514,0.0,False
Delon Wright,2TM,2021,10.2,4.3,4.4,1.3,27.7,0.463,0.0,False
Delon Wright,DET,2021,10.4,4.6,5.0,1.3,29.2,0.464,0.0,False
Delon Wright,SAC,2021,10.0,3.9,3.6,1.3,25.8,0.462,0.0,False
Thaddeus Young,CHI,2021,12.1,6.2,4.3,2.0,24.3,0.559,0.0,False
Trae Young,ATL,2021,25.3,3.9,9.4,4.1,33.7,0.438,0.0,False
Cody Zeller,CHO,2021,9.4,6.8,1.8,1.1,20.9,0.559,0.0,False
Ivica Zubac,LAC,2021,9.0,7.2,1.3,1.1,22.3,0.652,0.0,False
Steven Adams,OKC,2020,10.9,9.3,2.3,1.5,26.7,0.592,0.0,False
Bam Adebayo,MIA,2020,15.9,10.2,5.1,2.8,33.6,0.557,0.0,False
LaMarcus Aldridge,SAS,2020,18.9,7.4,2.4,1.4,33.1,0.493,0.0,False
Kyle Alexander,MIA,2020,1.0,1.5,0.0,0.5,6.5,0.5,0.0,False
Nickeil Alexander-Walker,NOP,2020,5.7,1.8,1.9,1.1,12.6,0.368,0.0,False
Grayson Allen,MEM,2020,8.7,2.2,1.4,0.9,18.9,0.466,0.0,False
Jarrett Allen,BRK,2020,11.1,9.6,1.6,1.1,26.5,0.649,0.0,False
Kadeem Allen,NYK,2020,5.0,0.9,2.1,0.8,11.7,0.432,0.0,False
Al-Farouq Aminu,ORL,2020,4.3,4.8,1.2,0.9,21.1,0.291,0.0,False
Justin Anderson,BRK,2020,2.8,2.1,0.8,0.4,10.7,0.263,0.0,False
Kyle Anderson,MEM,2020,5.8,4.3,2.4,1.0,19.9,0.474,0.0,False
Ryan Anderson,HOU,2020,2.5,3.5,1.0,0.5,7.0,0.286,0.0,False
Giannis Antetokounmpo,MIL,2020,29.5,13.6,5.6,3.7,30.4,0.553,0.0,False
Kostas Antetokounmpo,LAL,2020,1.4,0.6,0.4,0.2,4.0,1.0,0.0,False
Thanasis Antetokounmpo,MIL,2020,2.8,1.2,0.8,0.6,6.5,0.5,0.0,False
Carmelo Anthony,POR,2020,15.4,6.3,1.5,1.7,32.8,0.43,0.0,False
OG Anunoby,TOR,2020,10.6,5.3,1.6,1.1,29.9,0.505,0.0,False
Ryan Arcidiacono,CHI,2020,4.5,1.9,1.7,0.6,16.0,0.409,0.0,False
Trevor Ariza,2TM,2020,8.0,4.6,1.7,1.1,28.2,0.438,0.0,False
Trevor Ariza,SAC,2020,6.0,4.6,1.6,0.9,24.7,0.388,0.0,False
Trevor Ariza,POR,2020,11.0,4.8,2.0,1.3,33.4,0.491,0.0,False
D.J. Augustin,ORL,2020,10.5,2.1,4.6,1.5,24.9,0.399,0.0,False
Deandre Ayton,PHO,2020,18.2,11.5,1.9,2.1,32.5,0.546,0.0,False
Dwayne Bacon,CHO,2020,5.7,2.6,1.3,0.9,17.6,0.348,0.0,False
Marvin Bagley III,SAC,2020,14.2,7.5,0.8,1.4,25.7,0.467,0.0,False
Lonzo Ball,NOP,2020,11.8,6.1,7.0,3.1,32.1,0.403,0.0,False
Mo Bamba,ORL,2020,5.4,4.9,0.7,0.7,14.2,0.462,0.0,False
J.J. Barea,DAL,2020,7.7,1.8,3.9,1.3,15.5,0.411,0.0,False
Harrison Barnes,SAC,2020,14.5,4.9,2.2,1.2,34.5,0.46,0.0,False
RJ Barrett,NYK,2020,14.3,5.0,2.6,2.2,30.4,0.402,0.0,False
Will Barton,DEN,2020,15.1,6.3,3.7,1.5,33.0,0.45,0.0,False
Keita Bates-Diop,2TM,2020,6.5,2.9,0.7,0.4,16.9,0.427,0.0,False
Keita Bates-Diop,MIN,2020,6.8,3.0,0.8,0.4,17.5,0.422,0.0,False
Keita Bates-Diop,DEN,2020,5.3,2.4,0.0,0.4,14.0,0.464,0.0,False
Nicolas Batum,CHO,2020,3.6,4.5,3.0,1.0,23.0,0.346,0.0,False
Aron Baynes,PHO,2020,11.5,5.6,1.6,1.2,22.2,0.48,0.0,False
Kent Bazemore,2TM,2020,8.8,4.3,1.4,1.3,24.8,0.375,0.0,False
Kent Bazemore,POR,2020,7.9,4.0,1.4,1.4,25.8,0.347,0.0,False
Kent Bazemore,SAC,2020,10.3,4.9,1.3,1.2,23.1,0.418,0.0,False
Darius Bazley,OKC,2020,5.6,4.0,0.7,0.7,18.5,0.394,0.0,False
Bradley Beal,WAS,2020,30.5,4.2,6.1,3.4,36.0,0.455,0.0,False
Malik Beasley,2TM,2020,11.2,2.7,1.4,1.0,22.0,0.425,0.0,False
Malik Beasley,DEN,2020,7.9,1.9,1.2,0.9,18.2,0.389,0.0,False
Malik Beasley,MIN,2020,20.7,5.1,1.9,1.5,33.1,0.472,0.0,False
Marco Belinelli,SAS,2020,6.3,1.7,1.2,0.3,15.5,0.392,0.0,False
Jordan Bell,2TM,2020,3.2,2.8,0.6,0.7,8.8,0.522,0.0,False
Jordan Bell,MIN,2020,3.1,2.9,0.5,0.7,8.7,0.533,0.0,False
Jordan Bell,MEM,2020,5.0,1.5,1.0,1.5,10.5,0.429,0.0,False
DeAndre' Bembry,ATL,2020,5.8,3.5,1.9,1.4,21.3,0.456,0.0,False
Dragan Bender,2TM,2020,6.7,4.6,1.8,1.3,17.9,0.446,0.0,False
Dragan Bender,MIL,2020,3.7,2.9,1.3,0.7,13.0,0.476,0.0,False
Dragan Bender,GSW,2020,9.0,5.9,2.1,1.8,21.7,0.437,0.0,False
Dāvis Bertāns,WAS,2020,15.4,4.5,1.7,1.1,29.3,0.434,0.0,False
Patrick Beverley,LAC,2020,7.9,5.2,3.6,1.3,26.3,0.431,0.0,False
Khem Birch,ORL,2020,4.4,4.6,1.0,0.6,19.2,0.51,0.0,False
Goga Bitadze,IND,2020,3.2,2.0,0.4,0.5,8.7,0.467,0.0,False
Bismack Biyombo,CHO,2020,7.4,5.8,0.9,0.9,19.4,0.543,0.0,False
Nemanja Bjelica,SAC,2020,11.5,6.4,2.8,1.4,27.9,0.481,0.0,False
Eric Bledsoe,MIL,2020,14.9,4.6,5.4,2.4,27.0,0.475,0.0,False
Bogdan Bogdanović,SAC,2020,15.1,3.4,3.4,1.7,29.0,0.44,0.0,False
Bojan Bogdanović,UTA,2020,20.2,4.1,2.1,2.5,33.1,0.447,0.0,False
Bol Bol,DEN,2020,5.7,2.7,0.9,1.4,12.4,0.5,0.0,False
Jonah Bolden,2TM,2020,1.4,1.3,0.0,0.3,6.7,0.364,0.0,False
Jonah Bolden,PHI,2020,1.0,0.3,0.0,0.5,3.5,0.667,0.0,False
Jonah Bolden,PHO,2020,2.0,2.7,0.0,0.0,11.0,0.25,0.0,False
Marques Bolden,CLE,2020,0.0,2.0,0.0,0.0,3.0,,0.0,False
Jordan Bone,DET,2020,1.2,0.4,0.8,0.2,5.3,0.25,0.0,False
Isaac Bonga,WAS,2020,5.0,3.4,1.2,0.9,18.9,0.504,0.0,False
Devin Booker,PHO,2020,26.6,4.2,6.5,3.8,35.9,0.489,0.0,False
Chris Boucher,TOR,2020,6.6,4.5,0.4,0.5,13.2,0.472,0.0,False
Brian Bowen,IND,2020,1.0,1.2,0.0,0.2,5.2,0.3,0.0,False
Ky Bowman,GSW,2020,7.4,2.7,2.9,1.6,22.6,0.417,0.0,False
Avery Bradley,LAL,2020,8.6,2.3,1.3,1.0,24.2,0.444,0.0,False
Tony Bradley,UTA,2020,4.9,4.6,0.4,0.5,11.4,0.667,0.0,False
Jarrell Brantley,UTA,2020,2.7,2.2,1.2,0.8,10.7,0.357,0.0,False
Ignas Brazdeikis,NYK,2020,1.9,0.6,0.4,0.2,5.9,0.273,0.0,False
Corey Brewer,SAC,2020,1.0,1.6,0.4,0.4,6.6,0.5,0.0,False
Mikal Bridges,PHO,2020,9.1,4.0,1.8,1.0,28.0,0.51,0.0,False
Miles Bridges,CHO,2020,13.0,5.6,1.8,1.5,30.7,0.424,0.0,False
Oshae Brissett,TOR,2020,1.9,1.4,0.4,0.4,7.1,0.361,0.0,False
Ryan Broekhoff,DAL,2020,4.2,2.5,0.6,0.4,10.6,0.373,0.0,False
Malcolm Brogdon,IND,2020,16.5,4.9,7.1,2.4,30.9,0.438,0.0,False
Dillon Brooks,MEM,2020,16.2,3.3,2.1,1.7,28.9,0.407,0.0,False
Bruce Brown,DET,2020,8.9,4.7,4.0,1.7,28.2,0.443,0.0,False
Charlie Brown Jr.,ATL,2020,2.0,0.4,0.2,0.3,4.0,0.316,0.0,False
Jaylen Brown,BOS,2020,20.3,6.4,2.1,2.2,33.9,0.481,0.0,False
Moses Brown,POR,2020,1.2,1.6,0.1,0.3,3.7,0.4,0.0,False
Sterling Brown,MIL,2020,5.1,3.5,1.0,0.8,14.8,0.371,0.0,False
Troy Brown Jr.,WAS,2020,10.4,5.6,2.6,1.1,25.8,0.439,0.0,False
Jalen Brunson,DAL,2020,8.2,2.4,3.3,1.2,17.9,0.466,0.0,False
Thomas Bryant,WAS,2020,13.2,7.2,1.8,1.2,24.9,0.581,0.0,False
Reggie Bullock,NYK,2020,8.1,2.3,1.4,0.7,23.6,0.402,0.0,False
Trey Burke,2TM,2020,7.4,1.5,2.5,0.6,15.8,0.45,0.0,False
Trey Burke,PHI,2020,5.9,1.4,2.1,0.5,13.2,0.465,0.0,False
Trey Burke,DAL,2020,12.0,1.9,3.8,1.1,23.9,0.427,0.0,False
Alec Burks,2TM,2020,15.0,4.3,2.9,1.4,26.6,0.418,0.0,False
Alec Burks,GSW,2020,16.1,4.7,3.1,1.6,29.0,0.406,0.0,False
Alec Burks,PHI,2020,12.2,3.1,2.1,0.8,20.2,0.461,0.0,False
Deonte Burton,OKC,2020,2.7,1.5,0.4,0.5,9.1,0.344,0.0,False
Jimmy Butler,MIA,2020,19.9,6.7,6.0,2.2,33.8,0.455,0.0,False
Bruno Caboclo,2TM,2020,3.0,2.0,0.4,0.4,8.1,0.427,0.0,False
Bruno Caboclo,MEM,2020,2.8,2.0,0.5,0.3,8.7,0.406,0.0,False
Bruno Caboclo,HOU,2020,3.5,2.0,0.3,0.8,6.5,0.5,0.0,False
Devontae Cacok,LAL,2020,6.0,5.0,1.0,0.0,9.0,0.5,0.0,False
Kentavious Caldwell-Pope,LAL,2020,9.3,2.1,1.6,0.9,25.5,0.467,0.0,False
Vlatko Čančar,DEN,2020,1.2,0.7,0.2,0.2,3.2,0.4,0.0,False
Clint Capela,HOU,2020,13.9,13.8,1.2,1.6,32.8,0.629,0.0,False
DeMarre Carroll,2TM,2020,3.6,2.3,1.0,0.7,12.1,0.379,0.0,False
DeMarre Carroll,SAS,2020,2.2,2.1,0.7,0.7,9.0,0.31,0.0,False
DeMarre Carroll,HOU,2020,6.0,2.7,1.6,0.8,17.2,0.432,0.0,False
Jevon Carter,PHO,2020,4.9,2.0,1.4,0.6,16.3,0.416,0.0,False
Michael Carter-Williams,ORL,2020,7.2,3.3,2.4,1.2,18.5,0.427,0.0,False
Vince Carter,ATL,2020,5.0,2.1,0.8,0.6,14.6,0.352,0.0,False
Wendell Carter Jr.,CHI,2020,11.3,9.4,1.2,1.7,29.2,0.534,0.0,False
Alex Caruso,LAL,2020,5.5,1.9,1.9,0.8,18.4,0.412,0.0,False
Willie Cauley-Stein,2TM,2020,7.2,5.8,1.3,0.7,20.3,0.579,0.0,False
Willie Cauley-Stein,GSW,2020,7.9,6.2,1.5,0.9,22.9,0.56,0.0,False
Willie Cauley-Stein,DAL,2020,5.2,4.6,0.8,0.4,12.1,0.689,0.0,False
Tyson Chandler,HOU,2020,1.3,2.5,0.2,0.3,8.4,0.778,0.0,False
Wilson Chandler,BRK,2020,5.9,4.1,1.1,1.0,21.0,0.404,0.0,False
Joe Chealey,CHO,2020,0.5,0.0,0.3,0.5,8.3,0.0,0.0,False
Zylan Cheatham,NOP,2020,3.0,2.3,0.8,1.0,12.8,0.667,0.0,False
Chris Chiozza,2TM,2020,5.1,1.9,3.0,1.1,14.3,0.393,0.0,False
Chris Chiozza,WAS,2020,2.7,1.5,2.8,0.9,12.3,0.294,0.0,False
Chris Chiozza,BRK,2020,6.4,2.1,3.1,1.3,15.4,0.425,0.0,False
Marquese Chriss,GSW,2020,9.3,6.2,1.9,1.3,20.3,0.545,0.0,False
Brandon Clarke,MEM,2020,12.1,5.9,1.4,0.9,22.4,0.618,0.0,False
Gary Clark,2TM,2020,3.7,2.6,0.4,0.2,13.5,0.406,0.0,False
Gary Clark,HOU,2020,3.9,2.2,0.7,0.1,11.8,0.39,0.0,False
Gary Clark,ORL,2020,3.6,2.9,0.2,0.3,14.8,0.419,0.0,False
Jordan Clarkson,2TM,2020,15.2,2.6,1.9,1.4,24.0,0.454,0.0,False
Jordan Clarkson,CLE,2020,14.6,2.4,2.4,1.3,23.0,0.442,0.0,False
Jordan Clarkson,UTA,2020,15.6,2.8,1.6,1.4,24.7,0.462,0.0,False
Nic Claxton,BRK,2020,4.4,2.9,1.1,0.6,12.5,0.563,0.0,False
Chris Clemons,HOU,2020,4.9,0.9,0.8,0.6,8.8,0.401,0.0,False
Antonius Cleveland,DAL,2020,1.0,0.6,0.1,0.2,4.2,0.286,0.0,False
Amir Coffey,LAC,2020,3.2,0.9,0.8,0.4,8.8,0.426,0.0,False
John Collins,ATL,2020,21.6,10.1,1.5,1.8,33.2,0.583,0.0,False
Zach Collins,POR,2020,7.0,6.3,1.5,1.3,26.4,0.471,0.0,False
Mike Conley,UTA,2020,14.4,3.2,4.4,2.0,29.0,0.409,0.0,False
Pat Connaughton,MIL,2020,5.4,4.2,1.6,0.8,18.6,0.455,0.0,False
Quinn Cook,LAL,2020,5.1,1.2,1.1,0.8,11.5,0.425,0.0,False
Tyler Cook,2TM,2020,1.8,1.1,0.1,0.2,4.2,0.667,0.0,False
Tyler Cook,CLE,2020,1.7,0.9,0.1,0.1,3.2,0.7,0.0,False
Tyler Cook,DEN,2020,2.0,2.0,0.0,1.0,9.5,0.5,0.0,False
Robert Covington,2TM,2020,12.4,6.6,1.3,1.5,30.5,0.422,0.0,False
Robert Covington,MIN,2020,12.8,6.0,1.2,1.5,29.4,0.435,0.0,False
Robert Covington,HOU,2020,11.6,8.0,1.5,1.4,33.0,0.392,0.0,False
Allen Crabbe,2TM,2020,4.6,2.1,0.9,0.5,17.6,0.356,0.0,False
Allen Crabbe,ATL,2020,5.1,2.3,1.0,0.4,18.6,0.364,0.0,False
Allen Crabbe,MIN,2020,3.2,1.3,0.6,0.6,14.6,0.324,0.0,False
Torrey Craig,DEN,2020,5.4,3.3,0.8,0.4,18.5,0.461,0.0,False
Jamal Crawford,BRK,2020,5.0,0.0,3.0,0.0,6.0,0.5,0.0,False
Jae Crowder,2TM,2020,10.5,5.9,2.5,1.1,28.8,0.401,0.0,False
Jae Crowder,MEM,2020,9.9,6.2,2.8,1.2,29.4,0.368,0.0,False
Jae Crowder,MIA,2020,11.9,5.4,1.8,0.8,27.7,0.482,0.0,False
Jarrett Culver,MIN,2020,9.2,3.4,1.7,1.3,23.9,0.404,0.0,False
Seth Curry,DAL,2020,12.4,2.3,1.9,1.0,24.6,0.495,0.0,False
Stephen Curry,GSW,2020,20.8,5.2,6.6,3.2,27.8,0.402,0.0,False
Troy Daniels,2TM,2020,4.3,1.1,0.4,0.3,11.3,0.387,0.0,False
Troy Daniels,LAL,2020,4.2,1.1,0.3,0.2,11.1,0.392,0.0,False
Troy Daniels,DEN,2020,4.3,1.0,0.5,0.5,12.7,0.357,0.0,False
Anthony Davis,LAL,2020,26.1,9.3,3.2,2.5,34.4,0.503,0.0,False
Ed Davis,UTA,2020,1.8,3.8,0.4,0.5,10.8,0.478,0.0,False
Terence Davis,TOR,2020,7.5,3.3,1.6,1.1,16.8,0.456,0.0,False
Dewayne Dedmon,2TM,2020,5.8,5.7,0.5,1.3,17.6,0.4,0.0,False
Dewayne Dedmon,SAC,2020,5.1,4.9,0.4,1.4,15.9,0.404,0.0,False
Dewayne Dedmon,ATL,2020,8.1,8.2,0.7,1.0,23.3,0.393,0.0,False
Matthew Dellavedova,CLE,2020,3.1,1.3,3.2,1.0,14.4,0.354,0.0,False
DeMar DeRozan,SAS,2020,22.1,5.5,5.6,2.4,34.1,0.531,0.0,False
Cheick Diallo,PHO,2020,4.7,2.8,0.5,0.7,10.2,0.648,0.0,False
Hamidou Diallo,OKC,2020,6.9,3.6,0.8,1.1,19.5,0.446,0.0,False
Gorgui Dieng,2TM,2020,7.4,5.6,1.2,1.0,17.4,0.456,0.0,False
Gorgui Dieng,MIN,2020,7.4,5.6,1.3,1.0,16.9,0.448,0.0,False
Gorgui Dieng,MEM,2020,7.2,5.8,0.9,0.9,18.7,0.483,0.0,False
Spencer Dinwiddie,BRK,2020,20.6,3.5,6.8,2.7,31.2,0.415,0.0,False
Donte DiVincenzo,MIL,2020,9.2,4.8,2.3,1.4,23.0,0.455,0.0,False
Luka Dončić,DAL,2020,28.8,9.4,8.8,4.3,33.6,0.463,0.0,False
Luguentz Dort,OKC,2020,6.8,2.3,0.8,0.6,22.8,0.394,0.0,False
Damyean Dotson,NYK,2020,6.7,1.9,1.2,0.4,17.4,0.414,0.0,False
Sekou Doumbouya,DET,2020,6.4,3.1,0.5,0.9,19.8,0.39,0.0,False
PJ Dozier,DEN,2020,5.8,1.9,2.2,0.9,14.2,0.414,0.0,False
Goran Dragić,MIA,2020,16.2,3.2,5.1,2.4,28.2,0.441,0.0,False
Andre Drummond,2TM,2020,17.7,15.2,2.7,3.6,33.0,0.533,0.0,False
Andre Drummond,DET,2020,17.8,15.8,2.8,3.6,33.8,0.53,0.0,False
Andre Drummond,CLE,2020,17.5,11.1,1.8,3.6,28.1,0.552,0.0,False
Jared Dudley,LAL,2020,1.5,1.2,0.6,0.2,8.1,0.4,0.0,False
Kris Dunn,CHI,2020,7.3,3.6,3.4,1.3,24.9,0.444,0.0,False
Carsen Edwards,BOS,2020,3.3,1.3,0.6,0.4,9.5,0.328,0.0,False
Henry Ellenson,BRK,2020,0.4,1.2,0.2,0.0,3.0,0.143,0.0,False
Wayne Ellington,NYK,2020,5.1,1.8,1.2,0.5,15.5,0.351,0.0,False
Joel Embiid,PHI,2020,23.0,11.6,3.0,3.1,29.5,0.477,0.0,False
James Ennis III,2TM,2020,6.6,3.6,0.9,0.8,18.3,0.446,0.0,False
James Ennis III,PHI,2020,5.8,3.1,0.8,0.6,15.8,0.442,0.0,False
James Ennis III,ORL,2020,8.5,4.8,1.1,1.4,24.5,0.451,0.0,False
Drew Eubanks,SAS,2020,4.9,3.9,0.7,1.0,12.4,0.642,0.0,False
Jacob Evans,2TM,2020,4.4,1.4,1.1,0.9,14.4,0.336,0.0,False
Jacob Evans,GSW,2020,4.7,1.5,1.1,0.9,15.3,0.338,0.0,False
Jacob Evans,MIN,2020,0.0,0.0,0.0,0.0,2.0,0.0,0.0,False
Dante Exum,2TM,2020,4.5,1.9,1.1,0.9,13.9,0.471,0.0,False
Dante Exum,UTA,2020,2.2,1.1,0.6,0.9,7.5,0.435,0.0,False
Dante Exum,CLE,2020,5.6,2.3,1.4,0.9,16.8,0.479,0.0,False
Tacko Fall,BOS,2020,3.3,2.1,0.1,0.4,4.7,0.786,0.0,False
Derrick Favors,NOP,2020,9.0,9.8,1.6,1.1,24.4,0.617,0.0,False
Cristiano Felício,CHI,2020,3.9,4.6,0.7,0.8,17.5,0.63,0.0,False
Terrance Ferguson,OKC,2020,3.9,1.3,0.9,0.6,22.4,0.355,0.0,False
Bruno Fernando,ATL,2020,4.3,3.5,0.9,0.8,12.7,0.518,0.0,False
Yogi Ferrell,SAC,2020,4.4,1.0,1.4,0.6,10.6,0.42,0.0,False
Dorian Finney-Smith,DAL,2020,9.5,5.7,1.6,1.0,29.9,0.466,0.0,False
Bryn Forbes,SAS,2020,11.2,2.0,1.7,0.9,25.1,0.417,0.0,False
Evan Fournier,ORL,2020,18.5,2.6,3.2,1.9,31.5,0.467,0.0,False
De'Aaron Fox,SAC,2020,21.1,3.8,6.8,3.1,32.0,0.48,0.0,False
Melvin Frazier,ORL,2020,2.1,0.5,0.2,0.3,6.6,0.441,0.0,False
Michael Frazier,HOU,2020,2.1,0.8,0.2,0.4,11.2,0.241,0.0,False
Tim Frazier,DET,2020,3.6,1.2,3.4,1.3,13.1,0.362,0.0,False
Markelle Fultz,ORL,2020,12.1,3.3,5.1,2.0,27.7,0.465,0.0,False
Wenyen Gabriel,2TM,2020,2.1,1.7,0.3,0.5,7.8,0.438,0.0,False
Wenyen Gabriel,SAC,2020,1.7,0.9,0.3,0.5,5.5,0.353,0.0,False
Wenyen Gabriel,POR,2020,2.3,2.2,0.3,0.6,9.2,0.484,0.0,False
Daniel Gafford,CHI,2020,5.1,2.5,0.5,0.7,14.2,0.701,0.0,False
Danilo Gallinari,OKC,2020,18.7,5.2,1.9,1.2,29.6,0.438,0.0,False
Langston Galloway,DET,2020,10.3,2.3,1.5,0.6,25.8,0.435,0.0,False
Darius Garland,CLE,2020,12.3,1.9,3.9,2.6,30.9,0.401,0.0,False
Marc Gasol,TOR,2020,7.5,6.3,3.3,1.3,26.4,0.427,0.0,False
Rudy Gay,SAS,2020,10.8,5.4,1.7,1.3,21.8,0.446,0.0,False
Paul George,LAC,2020,21.5,5.7,3.9,2.6,29.6,0.439,0.0,False
Taj Gibson,NYK,2020,6.1,4.3,0.8,0.8,16.5,0.584,0.0,False
Harry Giles,SAC,2020,6.9,4.1,1.3,1.0,14.5,0.554,0.0,False
Shai Gilgeous-Alexander,OKC,2020,19.0,5.9,3.3,1.9,34.7,0.471,0.0,False
Rudy Gobert,UTA,2020,15.1,13.5,1.5,1.9,34.3,0.693,0.0,False
Brandon Goodwin,ATL,2020,6.1,2.1,1.5,0.9,12.6,0.4,0.0,False
Aaron Gordon,ORL,2020,14.4,7.7,3.7,1.6,32.5,0.437,0.0,False
Eric Gordon,HOU,2020,14.4,2.0,1.5,1.2,28.2,0.369,0.0,False
Devonte' Graham,CHO,2020,18.2,3.4,7.5,2.9,35.1,0.382,0.0,False
Treveon Graham,2TM,2020,4.4,2.7,0.8,0.5,16.9,0.36,0.0,False
Treveon Graham,MIN,2020,5.2,3.0,0.9,0.6,20.1,0.354,0.0,False
Treveon Graham,ATL,2020,3.3,2.3,0.7,0.5,12.1,0.373,0.0,False
Jerami Grant,DEN,2020,12.0,3.5,1.2,0.9,26.6,0.478,0.0,False
Jerian Grant,WAS,2020,4.5,1.0,1.5,0.5,13.3,0.37,0.0,False
Josh Gray,NOP,2020,1.0,1.0,1.0,2.5,11.5,0.5,0.0,False
Danny Green,LAL,2020,8.0,3.3,1.3,0.9,24.8,0.416,0.0,False
Draymond Green,GSW,2020,8.0,6.2,6.2,2.3,28.4,0.389,0.0,False
JaMychal Green,LAC,2020,6.8,6.2,0.8,0.9,20.7,0.429,0.0,False
Javonte Green,BOS,2020,3.4,1.9,0.5,0.5,9.8,0.5,0.0,False
Jeff Green,2TM,2020,9.4,2.8,1.0,0.9,20.0,0.462,0.0,False
Jeff Green,UTA,2020,7.8,2.7,0.7,0.9,18.4,0.385,0.0,False
Jeff Green,HOU,2020,12.2,2.9,1.7,0.8,22.6,0.564,0.0,False
Blake Griffin,DET,2020,15.5,4.7,3.3,2.2,28.4,0.352,0.0,False
Marko Gudurić,MEM,2020,3.9,1.7,1.0,0.8,11.0,0.395,0.0,False
Kyle Guy,SAC,2020,1.3,0.3,0.3,0.0,3.3,0.4,0.0,False
Rui Hachimura,WAS,2020,13.5,6.1,1.8,1.1,30.1,0.466,0.0,False
Devon Hall,OKC,2020,1.8,0.6,1.2,0.5,7.4,0.2,0.0,False
Donta Hall,2TM,2020,4.3,4.2,0.4,0.6,14.8,0.682,0.0,False
Donta Hall,DET,2020,1.5,3.8,0.5,0.5,12.0,0.25,0.0,False
Donta Hall,BRK,2020,6.6,4.6,0.4,0.6,17.0,0.778,0.0,False
Dusty Hannahs,MEM,2020,6.0,0.5,0.0,0.0,6.5,0.444,0.0,False
Tim Hardaway Jr.,DAL,2020,15.8,3.3,1.9,1.0,29.5,0.434,0.0,False
James Harden,HOU,2020,34.3,6.6,7.5,4.5,36.5,0.444,0.0,False
Maurice Harkless,2TM,2020,5.8,3.9,1.1,0.9,23.0,0.502,0.0,False
Maurice Harkless,LAC,2020,5.5,4.0,1.0,0.9,22.8,0.516,0.0,False
Maurice Harkless,NYK,2020,6.8,3.3,1.7,0.6,23.8,0.455,0.0,False
Jared Harper,PHO,2020,0.7,0.0,0.0,0.0,2.7,0.25,0.0,False
Montrezl Harrell,LAC,2020,18.6,7.1,1.7,1.7,27.8,0.58,0.0,False
Gary Harris,DEN,2020,10.4,2.9,2.1,1.1,31.8,0.42,0.0,False
Joe Harris,BRK,2020,14.5,4.3,2.1,1.5,30.8,0.486,0.0,False
Shaquille Harrison,CHI,2020,4.9,2.0,1.1,0.4,11.3,0.467,0.0,False
Tobias Harris,PHI,2020,19.6,6.9,3.2,1.4,34.3,0.471,0.0,False
Isaiah Hartenstein,HOU,2020,4.7,3.9,0.8,0.7,11.6,0.657,0.0,False
Josh Hart,NOP,2020,10.1,6.5,1.7,1.2,27.0,0.423,0.0,False
Udonis Haslem,MIA,2020,3.0,4.0,0.3,0.3,11.0,0.364,0.0,False
Jaxson Hayes,NOP,2020,7.4,4.0,0.9,0.8,16.9,0.672,0.0,False
Gordon Hayward,BOS,2020,17.5,6.7,4.1,1.8,33.5,0.5,0.0,False
John Henson,2TM,2020,5.5,4.1,1.4,0.9,15.0,0.556,0.0,False
John Henson,CLE,2020,5.0,3.9,1.5,0.7,14.2,0.508,0.0,False
John Henson,DET,2020,6.9,4.4,1.0,1.4,17.1,0.667,0.0,False
Dewan Hernandez,TOR,2020,2.3,2.3,0.5,0.5,4.7,0.357,0.0,False
Juancho Hernangómez,2TM,2020,6.0,4.1,0.8,0.7,17.4,0.405,0.0,False
Juancho Hernangómez,DEN,2020,3.1,2.8,0.6,0.5,12.4,0.345,0.0,False
Juancho Hernangómez,MIN,2020,12.9,7.3,1.3,1.0,29.4,0.453,0.0,False
Willy Hernangómez,CHO,2020,6.1,4.3,0.9,1.0,12.1,0.532,0.0,False
Tyler Herro,MIA,2020,13.5,4.1,2.2,1.6,27.4,0.428,0.0,False
Kevin Hervey,OKC,2020,1.7,1.2,0.5,0.0,5.2,0.259,0.0,False
Mario Hezonja,POR,2020,4.8,3.5,0.9,0.8,16.4,0.422,0.0,False
Buddy Hield,SAC,2020,19.2,4.6,3.0,2.3,30.8,0.429,0.0,False
George Hill,MIL,2020,9.4,3.0,3.1,1.0,21.5,0.516,0.0,False
Solomon Hill,2TM,2020,5.5,2.8,1.8,0.9,18.4,0.396,0.0,False
Solomon Hill,MEM,2020,5.7,3.0,2.0,0.8,18.8,0.412,0.0,False
Solomon Hill,MIA,2020,4.5,1.9,0.9,1.0,17.0,0.311,0.0,False
Jaylen Hoard,POR,2020,2.9,2.5,0.3,0.3,7.9,0.469,0.0,False
Aaron Holiday,IND,2020,9.5,2.4,3.4,1.3,24.5,0.414,0.0,False
Jrue Holiday,NOP,2020,19.1,4.8,6.7,3.0,34.7,0.455,0.0,False
Justin Holiday,IND,2020,8.3,3.3,1.3,0.6,25.0,0.428,0.0,False
Rondae Hollis-Jefferson,TOR,2020,7.0,4.7,1.8,1.0,18.7,0.471,0.0,False
Richaun Holmes,SAC,2020,12.3,8.1,1.0,1.2,28.2,0.648,0.0,False
Rodney Hood,POR,2020,11.0,3.4,1.5,0.9,29.5,0.506,0.0,False
Al Horford,PHI,2020,11.9,6.8,4.0,1.2,30.2,0.45,0.0,False
Talen Horton-Tucker,LAL,2020,5.7,1.2,1.0,1.0,13.5,0.467,0.0,False
Danuel House Jr.,HOU,2020,10.5,4.2,1.3,0.9,30.4,0.427,0.0,False
Dwight Howard,LAL,2020,7.5,7.3,0.7,1.2,18.9,0.729,0.0,False
William Howard,HOU,2020,0.0,1.0,0.5,0.5,6.5,0.0,0.0,False
Kevin Huerter,ATL,2020,12.2,4.1,3.8,1.6,31.4,0.413,0.0,False
De'Andre Hunter,ATL,2020,12.3,4.5,1.8,1.6,32.0,0.41,0.0,False
Chandler Hutchison,CHI,2020,7.8,3.9,0.9,1.0,18.8,0.457,0.0,False
Serge Ibaka,TOR,2020,15.4,8.2,1.4,2.0,27.0,0.512,0.0,False
Andre Iguodala,MIA,2020,4.6,3.7,2.4,1.2,19.9,0.432,0.0,False
Ersan İlyasova,MIL,2020,6.6,4.8,0.8,0.5,15.7,0.466,0.0,False
Joe Ingles,UTA,2020,9.8,3.9,5.2,2.0,29.7,0.445,0.0,False
Brandon Ingram,NOP,2020,23.8,6.1,4.2,3.0,33.9,0.463,0.0,False
Kyrie Irving,BRK,2020,27.4,5.2,6.4,2.6,32.9,0.478,0.0,False
Jonathan Isaac,ORL,2020,11.9,6.8,1.4,1.4,28.8,0.47,0.0,False
Wes Iwundu,ORL,2020,5.8,2.5,1.2,0.5,18.3,0.416,0.0,False
Frank Jackson,NOP,2020,6.3,1.4,1.0,0.8,13.5,0.405,0.0,False
Jaren Jackson Jr.,MEM,2020,17.4,4.6,1.4,1.7,28.5,0.469,0.0,False
Josh Jackson,MEM,2020,9.0,3.0,1.6,1.3,17.3,0.44,0.0,False
Justin Jackson,DAL,2020,5.5,2.4,0.8,0.2,16.1,0.396,0.0,False
Reggie Jackson,2TM,2020,11.9,3.0,4.1,1.6,24.0,0.411,0.0,False
Reggie Jackson,DET,2020,14.9,2.9,5.1,1.6,27.2,0.384,0.0,False
Reggie Jackson,LAC,2020,9.5,3.0,3.2,1.6,21.3,0.453,0.0,False
Justin James,SAC,2020,2.5,0.9,0.5,0.2,6.4,0.417,0.0,False
LeBron James,LAL,2020,25.3,7.8,10.2,3.9,34.6,0.493,0.0,False
Amile Jefferson,ORL,2020,0.8,1.3,0.2,0.2,4.1,0.357,0.0,False
DaQuan Jeffries,SAC,2020,3.8,1.4,0.5,0.2,10.8,0.5,0.0,False
Ty Jerome,PHO,2020,3.3,1.5,1.4,0.6,10.6,0.336,0.0,False
Alize Johnson,IND,2020,2.0,2.8,0.4,0.4,6.9,0.414,0.0,False
B.J. Johnson,ORL,2020,3.0,1.5,0.3,0.6,8.3,0.281,0.0,False
Cameron Johnson,PHO,2020,8.8,3.3,1.2,0.6,22.0,0.435,0.0,False
James Johnson,2TM,2020,8.4,3.7,2.3,1.5,19.3,0.479,0.0,False
James Johnson,MIA,2020,5.7,2.9,1.2,0.8,15.6,0.448,0.0,False
James Johnson,MIN,2020,12.0,4.7,3.8,2.4,24.1,0.5,0.0,False
Keldon Johnson,SAS,2020,9.1,3.4,0.9,0.8,17.7,0.596,0.0,False
Stanley Johnson,TOR,2020,2.4,1.5,0.8,0.6,6.0,0.373,0.0,False
Tyler Johnson,2TM,2020,7.0,1.9,1.9,0.7,18.2,0.388,0.0,False
Tyler Johnson,PHO,2020,5.7,1.7,1.6,0.8,16.6,0.38,0.0,False
Tyler Johnson,BRK,2020,12.0,3.0,3.0,0.6,24.3,0.405,0.0,False
Nikola Jokić,DEN,2020,19.9,9.7,7.0,3.1,32.0,0.528,0.0,False
Damian Jones,ATL,2020,5.6,3.7,0.6,0.5,16.1,0.68,0.0,False
Derrick Jones Jr.,MIA,2020,8.5,3.9,1.1,0.5,23.3,0.527,0.0,False
Tyus Jones,MEM,2020,7.4,1.6,4.4,0.8,19.0,0.459,0.0,False
DeAndre Jordan,BRK,2020,8.3,10.0,1.9,1.3,22.0,0.666,0.0,False
Cory Joseph,SAC,2020,6.4,2.6,3.5,1.1,24.4,0.415,0.0,False
Mfiondu Kabengele,LAC,2020,3.5,0.9,0.2,0.2,5.3,0.438,0.0,False
Frank Kaminsky,PHO,2020,9.7,4.5,1.9,0.9,19.9,0.45,0.0,False
Enes Freedom,BOS,2020,8.1,7.4,1.0,1.0,16.9,0.572,0.0,False
Luke Kennard,DET,2020,15.8,3.5,4.1,1.5,32.9,0.442,0.0,False
Michael Kidd-Gilchrist,2TM,2020,2.4,2.7,0.6,0.6,11.2,0.333,0.0,False
Michael Kidd-Gilchrist,CHO,2020,4.0,2.9,0.8,0.6,13.3,0.34,0.0,False
Michael Kidd-Gilchrist,DAL,2020,0.9,2.5,0.3,0.7,9.3,0.308,0.0,False
Stanton Kidd,UTA,2020,0.0,0.8,0.3,0.5,3.8,0.0,0.0,False
Louis King,DET,2020,2.0,1.0,0.5,0.2,6.2,0.381,0.0,False
Maxi Kleber,DAL,2020,9.1,5.2,1.2,0.8,25.5,0.461,0.0,False
Brandon Knight,2TM,2020,7.3,1.6,2.8,1.5,18.5,0.353,0.0,False
Brandon Knight,CLE,2020,4.9,1.3,1.9,1.0,15.1,0.326,0.0,False
Brandon Knight,DET,2020,11.6,2.3,4.2,2.4,24.6,0.383,0.0,False
Kevin Knox,NYK,2020,6.4,2.8,0.9,0.7,17.9,0.359,0.0,False
John Konchar,MEM,2020,2.8,2.5,1.2,0.4,9.5,0.649,0.0,False
Furkan Korkmaz,PHI,2020,9.8,2.3,1.1,0.8,21.7,0.43,0.0,False
Luke Kornet,CHI,2020,6.0,2.3,0.9,0.4,15.5,0.439,0.0,False
Kyle Korver,MIL,2020,6.7,2.1,1.2,0.8,16.6,0.43,0.0,False
Rodions Kurucs,BRK,2020,4.6,2.9,1.1,1.0,14.6,0.446,0.0,False
Kyle Kuzma,LAL,2020,12.8,4.5,1.3,1.5,25.0,0.436,0.0,False
Skal Labissière,POR,2020,5.8,5.1,1.3,0.9,17.2,0.551,0.0,False
Jeremy Lamb,IND,2020,12.5,4.3,2.1,1.1,28.1,0.451,0.0,False
Romeo Langford,BOS,2020,2.5,1.3,0.4,0.3,11.6,0.35,0.0,False
Zach LaVine,CHI,2020,25.5,4.8,4.2,3.4,34.8,0.45,0.0,False
Vic Law,ORL,2020,1.9,1.4,0.4,0.3,7.8,0.333,0.0,False
Jake Layman,MIN,2020,9.1,2.5,0.7,1.0,22.0,0.453,0.0,False
T.J. Leaf,IND,2020,3.0,2.5,0.3,0.3,7.9,0.419,0.0,False
Jalen Lecque,PHO,2020,2.0,0.4,0.4,0.4,6.4,0.4,0.0,False
Courtney Lee,DAL,2020,4.5,1.3,0.5,0.5,14.4,0.488,0.0,False
Damion Lee,GSW,2020,12.7,4.9,2.7,1.4,29.0,0.417,0.0,False
Alex Len,2TM,2020,8.0,5.8,0.9,1.0,17.6,0.555,0.0,False
Alex Len,ATL,2020,8.7,5.8,1.1,1.0,18.6,0.546,0.0,False
Alex Len,SAC,2020,5.9,6.1,0.5,1.1,15.0,0.593,0.0,False
Kawhi Leonard,LAC,2020,27.1,7.1,4.9,2.6,32.4,0.47,0.0,False
Meyers Leonard,MIA,2020,6.1,5.1,1.1,0.8,20.3,0.509,0.0,False
Caris LeVert,BRK,2020,18.7,4.2,4.4,2.6,29.6,0.425,0.0,False
Damian Lillard,POR,2020,30.0,4.3,8.0,2.9,37.5,0.463,0.0,False
Nassir Little,POR,2020,3.6,2.3,0.5,0.3,11.9,0.43,0.0,False
Kevon Looney,GSW,2020,3.4,3.3,1.0,0.6,13.1,0.367,0.0,False
Brook Lopez,MIL,2020,12.0,4.6,1.5,1.0,26.7,0.435,0.0,False
Robin Lopez,MIL,2020,5.4,2.4,0.7,1.0,14.5,0.492,0.0,False
Kevin Love,CLE,2020,17.6,9.8,3.2,2.5,31.8,0.45,0.0,False
Kyle Lowry,TOR,2020,19.4,5.0,7.5,3.1,36.2,0.416,0.0,False
Timothé Luwawu-Cabarrot,BRK,2020,7.8,2.7,0.6,0.8,18.1,0.435,0.0,False
Trey Lyles,SAS,2020,6.4,5.7,1.1,0.6,20.2,0.446,0.0,False
Daryl Macon,MIA,2020,0.8,0.0,0.3,0.5,3.5,0.333,0.0,False
J.P. Macura,CLE,2020,0.0,0.0,0.0,0.0,1.0,,0.0,False
Josh Magette,ORL,2020,1.5,0.8,0.6,0.6,4.8,0.333,0.0,False
Ian Mahinmi,WAS,2020,7.4,5.7,1.3,1.2,21.3,0.495,0.0,False
Thon Maker,DET,2020,4.7,2.8,0.7,0.8,12.9,0.482,0.0,False
Terance Mann,LAC,2020,2.4,1.3,1.3,0.4,8.8,0.468,0.0,False
Boban Marjanović,DAL,2020,6.6,4.5,0.5,0.7,9.6,0.573,0.0,False
Lauri Markkanen,CHI,2020,14.7,6.3,1.5,1.6,29.8,0.425,0.0,False
Caleb Martin,CHO,2020,6.2,2.1,1.3,0.8,17.6,0.44,0.0,False
Cody Martin,CHO,2020,5.0,3.3,2.0,0.9,18.8,0.43,0.0,False
Jeremiah Martin,BRK,2020,7.1,1.1,2.0,0.4,11.0,0.453,0.0,False
Kelan Martin,MIN,2020,6.4,3.1,0.7,0.6,16.0,0.392,0.0,False
Frank Mason III,MIL,2020,6.9,2.1,3.2,1.2,13.1,0.451,0.0,False
Garrison Mathews,WAS,2020,5.4,1.3,0.6,0.4,12.6,0.429,0.0,False
Wesley Matthews,MIL,2020,7.4,2.5,1.4,0.6,24.4,0.396,0.0,False
Luc Mbah a Moute,HOU,2020,1.7,0.7,0.0,0.3,8.3,0.4,0.0,False
Patrick McCaw,TOR,2020,4.6,2.3,2.1,0.8,24.5,0.414,0.0,False
CJ McCollum,POR,2020,22.2,4.2,4.4,1.8,36.5,0.451,0.0,False
T.J. McConnell,IND,2020,6.5,2.7,5.0,1.4,18.7,0.516,0.0,False
Jalen McDaniels,CHO,2020,5.6,4.1,0.8,0.7,18.3,0.471,0.0,False
Doug McDermott,IND,2020,10.3,2.5,1.1,0.6,19.9,0.488,0.0,False
JaVale McGee,LAL,2020,6.6,5.7,0.5,0.8,16.6,0.637,0.0,False
Rodney McGruder,LAC,2020,3.3,2.7,0.6,0.4,15.6,0.398,0.0,False
Alfonzo McKinnie,CLE,2020,4.6,2.8,0.4,0.7,14.8,0.427,0.0,False
Jordan McLaughlin,MIN,2020,7.6,1.6,4.2,1.0,19.7,0.489,0.0,False
Ben McLemore,HOU,2020,10.1,2.2,0.8,0.7,22.8,0.444,0.0,False
Jordan McRae,3TM,2020,11.5,3.4,2.5,1.2,21.2,0.407,0.0,False
Jordan McRae,WAS,2020,12.8,3.6,2.8,1.3,22.6,0.42,0.0,False
Jordan McRae,DEN,2020,2.3,1.3,1.0,0.0,8.0,0.333,0.0,False
Jordan McRae,DET,2020,11.8,3.8,1.8,1.3,24.5,0.326,0.0,False
Nicolò Melli,NOP,2020,6.6,3.0,1.4,0.8,17.4,0.421,0.0,False
De'Anthony Melton,MEM,2020,7.6,3.7,2.9,1.4,19.5,0.401,0.0,False
Chimezie Metu,SAS,2020,3.2,1.8,0.6,0.6,5.8,0.571,0.0,False
Khris Middleton,MIL,2020,20.9,6.2,4.3,2.2,29.9,0.497,0.0,False
Eric Mika,SAC,2020,6.0,7.0,0.0,0.0,19.0,0.667,0.0,False
C.J. Miles,WAS,2020,6.4,1.2,1.2,0.4,16.1,0.322,0.0,False
Malcolm Miller,TOR,2020,1.3,0.6,0.4,0.1,5.8,0.414,0.0,False
Paul Millsap,DEN,2020,11.6,5.7,1.6,1.4,24.3,0.482,0.0,False
Patty Mills,SAS,2020,11.6,1.6,1.8,0.8,22.5,0.431,0.0,False
Shake Milton,PHI,2020,9.4,2.2,2.6,1.2,20.1,0.484,0.0,False
Donovan Mitchell,UTA,2020,24.0,4.4,4.3,2.7,34.3,0.449,0.0,False
Naz Mitrou-Long,IND,2020,2.8,1.4,1.6,0.6,9.4,0.353,0.0,False
Adam Mokoka,CHI,2020,2.9,0.9,0.4,0.2,10.2,0.429,0.0,False
Malik Monk,CHO,2020,10.3,2.9,2.1,1.4,21.3,0.434,0.0,False
Matt Mooney,CLE,2020,0.5,0.8,0.3,0.0,4.8,0.25,0.0,False
E'Twaun Moore,NOP,2020,8.3,2.3,1.4,0.7,18.2,0.426,0.0,False
Ja Morant,MEM,2020,17.8,3.9,7.3,3.3,31.0,0.477,0.0,False
Juwan Morgan,UTA,2020,1.7,1.4,0.3,0.3,6.4,0.577,0.0,False
Markieff Morris,2TM,2020,9.7,3.8,1.3,1.3,20.5,0.443,0.0,False
Markieff Morris,DET,2020,11.0,3.9,1.6,1.6,22.5,0.45,0.0,False
Markieff Morris,LAL,2020,5.3,3.2,0.6,0.4,14.2,0.406,0.0,False
Marcus Morris,2TM,2020,16.7,5.0,1.4,1.6,31.2,0.438,0.0,False
Marcus Morris,NYK,2020,19.6,5.4,1.4,1.7,32.3,0.442,0.0,False
Marcus Morris,LAC,2020,10.1,4.1,1.4,1.3,28.9,0.425,0.0,False
Monte Morris,DEN,2020,9.0,1.9,3.5,0.7,22.4,0.459,0.0,False
Johnathan Motley,LAC,2020,2.2,0.8,0.6,0.4,3.2,0.733,0.0,False
Emmanuel Mudiay,UTA,2020,7.3,2.3,2.1,1.4,15.7,0.462,0.0,False
Mychal Mulder,GSW,2020,11.0,3.3,1.1,0.7,29.1,0.388,0.0,False
Dejounte Murray,SAS,2020,10.9,5.8,4.1,1.9,25.6,0.462,0.0,False
Jamal Murray,DEN,2020,18.5,4.0,4.8,2.2,32.3,0.456,0.0,False
Džanan Musa,BRK,2020,4.8,2.2,1.1,0.9,12.2,0.372,0.0,False
Mike Muscala,OKC,2020,4.8,2.3,0.9,0.4,12.2,0.407,0.0,False
Svi Mykhailiuk,DET,2020,9.0,1.9,1.9,1.1,22.6,0.41,0.0,False
Abdel Nader,OKC,2020,6.3,1.8,0.7,0.8,15.8,0.468,0.0,False
Larry Nance Jr.,CLE,2020,10.1,7.3,2.2,1.1,26.3,0.531,0.0,False
Shabazz Napier,2TM,2020,10.3,2.8,4.7,2.3,24.0,0.412,0.0,False
Shabazz Napier,MIN,2020,9.6,3.1,5.2,2.1,23.8,0.403,0.0,False
Shabazz Napier,WAS,2020,11.6,2.4,3.8,2.6,24.4,0.428,0.0,False
Raul Neto,PHI,2020,5.1,1.1,1.8,0.9,12.4,0.455,0.0,False
Malik Newman,CLE,2020,2.0,0.0,0.0,1.0,4.0,0.0,0.0,False
Georges Niang,UTA,2020,5.9,1.9,0.7,0.5,14.0,0.438,0.0,False
Joakim Noah,LAC,2020,2.8,3.2,1.4,1.2,10.0,0.5,0.0,False
Nerlens Noel,OKC,2020,7.4,4.9,0.9,1.1,18.5,0.684,0.0,False
Zach Norvell,2TM,2020,2.0,1.2,0.6,0.6,8.2,0.25,0.0,False
Zach Norvell,LAL,2020,0.0,0.5,0.0,0.0,2.5,0.0,0.0,False
Zach Norvell,GSW,2020,3.3,1.7,1.0,1.0,12.0,0.273,0.0,False
Jaylen Nowell,MIN,2020,3.8,0.9,1.3,0.2,10.1,0.358,0.0,False
Frank Ntilikina,NYK,2020,6.3,2.1,3.0,1.2,20.8,0.393,0.0,False
Kendrick Nunn,MIA,2020,15.3,2.7,3.3,1.7,29.3,0.439,0.0,False
Jusuf Nurkić,POR,2020,17.6,10.3,4.0,2.4,31.6,0.495,0.0,False
David Nwaba,BRK,2020,5.2,2.3,0.4,0.4,13.4,0.521,0.0,False
Semi Ojeleye,BOS,2020,3.4,2.1,0.5,0.3,14.7,0.408,0.0,False
Jahlil Okafor,NOP,2020,8.1,4.2,1.2,1.3,15.6,0.623,0.0,False
Elie Okobo,PHO,2020,4.0,1.6,2.1,0.7,13.1,0.398,0.0,False
Josh Okogie,MIN,2020,8.6,4.3,1.6,1.4,25.0,0.427,0.0,False
KZ Okpala,MIA,2020,1.4,1.0,0.2,0.2,5.2,0.6,0.0,False
Victor Oladipo,IND,2020,14.5,3.9,2.9,2.5,27.8,0.394,0.0,False
Kelly Olynyk,MIA,2020,8.2,4.6,1.7,1.1,19.4,0.462,0.0,False
Royce O'Neale,UTA,2020,6.3,5.5,2.5,0.9,28.9,0.433,0.0,False
Miye Oni,UTA,2020,3.5,1.7,0.4,0.4,10.9,0.375,0.0,False
Kyle O'Quinn,PHI,2020,3.5,4.0,1.8,0.7,10.8,0.494,0.0,False
Cedi Osman,CLE,2020,11.0,3.6,2.4,1.4,29.4,0.437,0.0,False
Kelly Oubre Jr.,PHO,2020,18.7,6.4,1.5,1.5,34.5,0.452,0.0,False
Tariq Owens,PHO,2020,1.3,1.0,0.0,0.0,5.0,0.2,0.0,False
Jeremy Pargo,GSW,2020,8.3,1.0,2.7,1.3,14.7,0.5,0.0,False
Jabari Parker,2TM,2020,14.0,5.6,1.8,1.7,24.1,0.51,0.0,False
Jabari Parker,ATL,2020,15.0,6.0,1.8,1.9,26.2,0.504,0.0,False
Jabari Parker,SAC,2020,8.5,3.8,1.7,0.7,13.3,0.583,0.0,False
Chandler Parsons,ATL,2020,2.8,1.4,0.6,0.6,10.8,0.278,0.0,False
Eric Paschall,GSW,2020,14.0,4.6,2.1,1.6,27.6,0.497,0.0,False
Anžejs Pasečņiks,WAS,2020,5.8,4.0,0.7,0.9,16.2,0.526,0.0,False
Patrick Patterson,LAC,2020,4.9,2.6,0.7,0.4,13.2,0.408,0.0,False
Justin Patton,OKC,2020,1.8,1.0,0.4,0.4,4.8,0.4,0.0,False
Chris Paul,OKC,2020,17.6,5.0,6.7,2.3,31.5,0.489,0.0,False
Cameron Payne,PHO,2020,10.9,3.9,3.0,1.4,22.9,0.485,0.0,False
Elfrid Payton,NYK,2020,10.0,4.7,7.2,2.1,27.7,0.439,0.0,False
Gary Payton II,WAS,2020,3.9,2.8,1.7,0.7,14.9,0.414,0.0,False
Norvel Pelle,PHI,2020,2.4,3.0,0.3,0.8,9.7,0.521,0.0,False
Theo Pinson,BRK,2020,3.6,1.6,1.7,1.0,11.1,0.29,0.0,False
Mason Plumlee,DEN,2020,7.2,5.2,2.5,1.3,17.3,0.615,0.0,False
Jakob Poeltl,SAS,2020,5.6,5.7,1.8,0.8,17.7,0.624,0.0,False
Vincent Poirier,BOS,2020,1.9,2.0,0.4,0.4,5.9,0.472,0.0,False
Shamorie Ponds,TOR,2020,2.3,0.3,0.5,0.0,2.8,0.6,0.0,False
Jordan Poole,GSW,2020,8.8,2.1,2.4,1.3,22.4,0.333,0.0,False
Kevin Porter Jr.,CLE,2020,10.0,3.2,2.2,1.9,23.2,0.442,0.0,False
Michael Porter Jr.,DEN,2020,9.3,4.7,0.8,0.9,16.4,0.509,0.0,False
Otto Porter Jr.,CHI,2020,11.9,3.4,1.8,0.8,23.6,0.443,0.0,False
Bobby Portis,NYK,2020,10.1,5.1,1.5,1.1,21.1,0.45,0.0,False
Kristaps Porziņģis,DAL,2020,20.4,9.5,1.8,1.6,31.8,0.427,0.0,False
Dwight Powell,DAL,2020,9.4,5.7,1.5,0.9,26.5,0.638,0.0,False
Norman Powell,TOR,2020,16.0,3.7,1.8,1.5,28.4,0.495,0.0,False
Taurean Prince,BRK,2020,12.1,6.0,1.8,2.0,29.0,0.376,0.0,False
Chasson Randle,GSW,2020,1.7,0.7,1.7,0.0,13.3,0.0,0.0,False
Julius Randle,NYK,2020,19.5,9.7,3.1,3.0,32.5,0.46,0.0,False
Josh Reaves,DAL,2020,2.0,0.8,0.8,0.0,7.0,0.333,0.0,False
Cam Reddish,ATL,2020,10.5,3.7,1.5,1.7,26.7,0.384,0.0,False
JJ Redick,NOP,2020,15.3,2.5,2.0,1.3,26.4,0.453,0.0,False
Naz Reid,MIN,2020,9.0,4.1,1.2,0.7,16.5,0.412,0.0,False
Josh Richardson,PHI,2020,13.7,3.2,2.9,1.9,30.8,0.43,0.0,False
Austin Rivers,HOU,2020,8.8,2.6,1.7,0.7,23.4,0.421,0.0,False
Andre Roberson,OKC,2020,2.9,3.9,0.6,0.3,12.4,0.276,0.0,False
Duncan Robinson,MIA,2020,13.5,3.2,1.4,1.0,29.7,0.47,0.0,False
Glenn Robinson III,2TM,2020,11.7,4.4,1.5,0.9,28.8,0.486,0.0,False
Glenn Robinson III,GSW,2020,12.9,4.7,1.8,1.0,31.6,0.481,0.0,False
Glenn Robinson III,PHI,2020,7.7,3.1,0.8,0.4,19.3,0.518,0.0,False
Jerome Robinson,2TM,2020,5.1,2.0,1.4,0.8,15.5,0.371,0.0,False
Jerome Robinson,LAC,2020,2.9,1.4,1.1,0.6,11.3,0.338,0.0,False
Jerome Robinson,WAS,2020,9.4,3.3,2.0,1.1,24.0,0.397,0.0,False
Justin Robinson,WAS,2020,1.4,0.6,0.8,0.3,5.4,0.417,0.0,False
Mitchell Robinson,NYK,2020,9.7,7.0,0.6,0.6,23.1,0.742,0.0,False
Isaiah Roby,OKC,2020,0.0,0.7,0.0,0.3,3.7,0.0,0.0,False
Rajon Rondo,LAL,2020,7.1,3.0,5.0,1.9,20.5,0.418,0.0,False
Derrick Rose,DET,2020,18.1,2.4,5.6,2.5,26.0,0.49,0.0,False
Terrence Ross,ORL,2020,14.7,3.2,1.2,1.0,27.4,0.403,0.0,False
Terry Rozier,CHO,2020,18.0,4.4,4.1,2.2,34.3,0.423,0.0,False
Ricky Rubio,PHO,2020,13.0,4.7,8.8,2.7,31.0,0.415,0.0,False
D'Angelo Russell,2TM,2020,23.1,3.9,6.3,3.3,32.3,0.426,0.0,False
D'Angelo Russell,GSW,2020,23.6,3.7,6.2,3.1,32.1,0.43,0.0,False
D'Angelo Russell,MIN,2020,21.7,4.6,6.6,3.8,32.7,0.412,0.0,False
Domantas Sabonis,IND,2020,18.5,12.4,5.0,2.7,34.8,0.54,0.0,False
Luka Šamanić,SAS,2020,5.3,3.3,2.0,0.7,16.0,0.313,0.0,False
JaKarr Sampson,IND,2020,4.6,2.6,0.6,0.4,13.9,0.591,0.0,False
Dario Šarić,PHO,2020,10.7,6.2,1.9,1.3,24.7,0.476,0.0,False
Tomáš Satoranský,CHI,2020,9.9,3.9,5.4,2.0,28.9,0.43,0.0,False
Admiral Schofield,WAS,2020,3.0,1.4,0.5,0.2,11.2,0.38,0.0,False
Dennis Schröder,OKC,2020,18.9,3.6,4.0,2.6,30.8,0.469,0.0,False
Mike Scott,PHI,2020,6.0,3.6,0.8,0.4,17.8,0.426,0.0,False
Thabo Sefolosha,HOU,2020,2.2,2.3,0.6,0.4,10.6,0.407,0.0,False
Collin Sexton,CLE,2020,20.8,3.1,3.0,2.4,33.0,0.472,0.0,False
Landry Shamet,LAC,2020,9.3,1.9,1.9,0.8,27.4,0.404,0.0,False
Marial Shayok,PHI,2020,2.8,1.8,0.3,0.8,7.0,0.25,0.0,False
Iman Shumpert,BRK,2020,4.2,2.6,0.9,0.8,18.5,0.328,0.0,False
Pascal Siakam,TOR,2020,22.9,7.3,3.5,2.5,35.2,0.453,0.0,False
Chris Silva,MIA,2020,3.0,2.9,0.5,0.7,7.9,0.615,0.0,False
Ben Simmons,PHI,2020,16.4,7.8,8.0,3.5,35.4,0.58,0.0,False
Anfernee Simons,POR,2020,8.3,2.2,1.4,0.9,20.7,0.399,0.0,False
Alen Smailagić,GSW,2020,4.2,1.9,0.9,0.8,9.9,0.5,0.0,False
Marcus Smart,BOS,2020,12.9,3.8,4.9,1.7,32.0,0.375,0.0,False
Dennis Smith Jr.,NYK,2020,5.5,2.3,2.9,1.7,15.8,0.341,0.0,False
Ish Smith,WAS,2020,10.9,3.2,4.9,1.4,26.3,0.447,0.0,False
J.R. Smith,LAL,2020,2.8,0.8,0.5,0.7,13.2,0.318,0.0,False
Zhaire Smith,PHI,2020,1.1,0.3,0.3,0.3,4.6,0.273,0.0,False
Tony Snell,DET,2020,8.0,1.9,2.2,0.5,27.8,0.445,0.0,False
Omari Spellman,GSW,2020,7.6,4.5,1.0,1.1,18.1,0.431,0.0,False
Max Strus,CHI,2020,2.5,0.5,0.0,0.0,3.0,0.667,0.0,False
Edmond Sumner,IND,2020,4.9,1.5,1.8,0.7,14.4,0.43,0.0,False
Caleb Swanigan,2TM,2020,2.4,3.7,1.1,1.4,10.7,0.596,0.0,False
Caleb Swanigan,SAC,2020,0.7,1.0,0.3,0.9,3.3,0.5,0.0,False
Caleb Swanigan,POR,2020,3.0,4.7,1.5,1.6,13.3,0.605,0.0,False
Jayson Tatum,BOS,2020,23.4,7.0,3.0,2.3,34.3,0.45,0.0,False
Jeff Teague,2TM,2020,10.9,2.4,5.2,2.0,24.8,0.436,0.0,False
Jeff Teague,MIN,2020,13.2,2.6,6.1,2.2,27.8,0.448,0.0,False
Jeff Teague,ATL,2020,7.7,2.2,4.0,1.6,20.8,0.412,0.0,False
Garrett Temple,BRK,2020,10.3,3.5,2.5,1.0,27.9,0.378,0.0,False
Daniel Theis,BOS,2020,9.2,6.6,1.7,0.8,24.1,0.566,0.0,False
Isaiah Thomas,WAS,2020,12.2,1.7,3.7,1.9,23.1,0.408,0.0,False
Khyri Thomas,DET,2020,2.1,0.1,0.4,0.4,7.6,0.294,0.0,False
Lance Thomas,BRK,2020,3.4,1.9,0.9,0.9,14.0,0.348,0.0,False
Matt Thomas,TOR,2020,4.9,1.5,0.5,0.4,10.7,0.487,0.0,False
Tristan Thompson,CLE,2020,12.0,10.1,2.1,1.8,30.2,0.512,0.0,False
Sindarius Thornwell,NOP,2020,8.0,2.0,2.0,1.0,17.5,0.545,0.0,False
Matisse Thybulle,PHI,2020,4.7,1.6,1.2,0.8,19.8,0.423,0.0,False
Anthony Tolliver,3TM,2020,3.6,2.8,0.8,0.6,15.9,0.357,0.0,False
Anthony Tolliver,POR,2020,3.9,3.3,0.9,0.6,16.8,0.368,0.0,False
Anthony Tolliver,SAC,2020,1.0,1.2,0.3,0.4,9.1,0.176,0.0,False
Anthony Tolliver,MEM,2020,4.8,2.5,0.8,0.7,18.2,0.396,0.0,False
Juan Toscano-Anderson,GSW,2020,5.3,4.0,2.0,1.2,20.9,0.46,0.0,False
Karl-Anthony Towns,MIN,2020,26.5,10.8,4.4,3.1,33.9,0.508,0.0,False
Gary Trent Jr.,POR,2020,8.9,1.6,1.0,0.3,21.8,0.444,0.0,False
Allonzo Trier,NYK,2020,6.5,1.2,1.2,0.9,12.1,0.481,0.0,False
P.J. Tucker,HOU,2020,6.9,6.6,1.6,1.0,34.3,0.415,0.0,False
Rayjon Tucker,UTA,2020,3.1,1.0,0.3,0.4,8.1,0.465,0.0,False
Evan Turner,ATL,2020,3.3,2.0,2.0,1.4,13.2,0.373,0.0,False
Myles Turner,IND,2020,12.1,6.6,1.2,1.4,29.5,0.457,0.0,False
Jarrod Uthoff,2TM,2020,2.7,0.9,0.0,0.0,7.6,0.389,0.0,False
Jarrod Uthoff,MEM,2020,1.0,0.3,0.0,0.0,3.5,0.143,0.0,False
Jarrod Uthoff,WAS,2020,5.0,1.7,0.0,0.0,13.0,0.545,0.0,False
Jonas Valančiūnas,MEM,2020,14.9,11.3,1.9,1.8,26.4,0.585,0.0,False
Denzel Valentine,CHI,2020,6.8,2.1,1.2,0.7,13.6,0.409,0.0,False
Jarred Vanderbilt,2TM,2020,1.1,0.8,0.2,0.6,4.2,0.625,0.0,False
Jarred Vanderbilt,DEN,2020,1.1,0.9,0.2,0.8,4.6,0.714,0.0,False
Jarred Vanderbilt,MIN,2020,1.0,0.5,0.0,0.0,2.5,0.0,0.0,False
Fred VanVleet,TOR,2020,17.6,3.8,6.6,2.2,35.7,0.413,0.0,False
Gabe Vincent,MIA,2020,2.4,0.6,0.7,0.1,9.2,0.216,0.0,False
Noah Vonleh,2TM,2020,3.7,3.4,0.8,0.6,10.5,0.565,0.0,False
Noah Vonleh,MIN,2020,4.1,4.0,0.9,0.7,12.0,0.547,0.0,False
Noah Vonleh,DEN,2020,1.9,1.1,0.3,0.3,4.3,0.833,0.0,False
Nikola Vučević,ORL,2020,19.6,10.9,3.6,1.4,32.2,0.477,0.0,False
Dean Wade,CLE,2020,1.7,1.6,0.2,0.3,5.9,0.692,0.0,False
Moritz Wagner,WAS,2020,8.7,4.9,1.2,1.5,18.6,0.545,0.0,False
Dion Waiters,2TM,2020,11.1,2.4,2.0,1.6,20.7,0.414,0.0,False
Dion Waiters,MIA,2020,9.3,3.7,1.0,1.0,14.0,0.385,0.0,False
Dion Waiters,LAL,2020,11.9,1.9,2.4,1.9,23.6,0.425,0.0,False
Kemba Walker,BOS,2020,20.4,3.9,4.8,2.1,31.1,0.425,0.0,False
Lonnie Walker IV,SAS,2020,6.4,2.3,1.1,0.7,16.2,0.426,0.0,False
Tyrone Wallace,ATL,2020,2.9,1.6,0.9,0.7,11.4,0.318,0.0,False
Derrick Walton,2TM,2020,2.0,0.6,1.0,0.2,9.5,0.462,0.0,False
Derrick Walton,LAC,2020,2.2,0.7,1.0,0.2,9.7,0.472,0.0,False
Derrick Walton,DET,2020,1.0,0.3,1.7,0.3,8.7,0.333,0.0,False
Brad Wanamaker,BOS,2020,6.9,2.0,2.5,1.1,19.3,0.448,0.0,False
T.J. Warren,IND,2020,19.8,4.2,1.5,1.3,32.9,0.536,0.0,False
P.J. Washington,CHO,2020,12.2,5.4,2.1,1.6,30.3,0.455,0.0,False
Yuta Watanabe,MEM,2020,2.0,1.1,0.3,0.1,5.8,0.441,0.0,False
Tremont Waters,BOS,2020,3.6,1.1,1.5,1.4,10.8,0.286,0.0,False
Paul Watson,2TM,2020,3.1,1.7,0.8,0.3,8.7,0.385,0.0,False
Paul Watson,ATL,2020,0.0,1.0,1.5,0.0,8.5,0.0,0.0,False
Paul Watson,TOR,2020,3.9,1.9,0.6,0.4,8.8,0.526,0.0,False
Quinndary Weatherspoon,SAS,2020,1.1,0.6,1.0,0.5,7.1,0.294,0.0,False
Russell Westbrook,HOU,2020,27.2,7.9,7.0,4.5,35.9,0.472,0.0,False
Coby White,CHI,2020,13.2,3.5,2.7,1.7,25.8,0.394,0.0,False
Derrick White,SAS,2020,11.3,3.3,3.5,1.3,24.7,0.458,0.0,False
Hassan Whiteside,POR,2020,15.5,13.5,1.2,1.8,30.0,0.621,0.0,False
Andrew Wiggins,2TM,2020,21.8,5.1,3.7,2.4,34.4,0.447,0.0,False
Andrew Wiggins,MIN,2020,22.4,5.2,3.7,2.5,34.6,0.444,0.0,False
Andrew Wiggins,GSW,2020,19.4,4.6,3.6,2.1,33.6,0.457,0.0,False
Grant Williams,BOS,2020,3.4,2.6,1.0,0.7,15.1,0.412,0.0,False
Johnathan Williams,WAS,2020,3.0,4.3,0.5,0.3,12.0,0.559,0.0,False
Kenrich Williams,NOP,2020,3.5,4.8,1.5,0.6,21.3,0.347,0.0,False
Lou Williams,LAC,2020,18.2,3.1,5.6,2.8,28.7,0.418,0.0,False
Marvin Williams,2TM,2020,5.9,3.2,1.0,0.6,19.5,0.446,0.0,False
Marvin Williams,CHO,2020,6.7,2.7,1.0,0.6,19.7,0.448,0.0,False
Marvin Williams,MIL,2020,4.0,4.4,1.1,0.5,18.9,0.439,0.0,False
Nigel Williams-Goss,UTA,2020,1.4,0.6,0.6,0.3,5.0,0.313,0.0,False
Robert Williams,BOS,2020,5.2,4.4,0.9,0.7,13.4,0.727,0.0,False
Zion Williamson,NOP,2020,22.5,6.3,2.1,2.5,27.8,0.583,0.0,False
D.J. Wilson,MIL,2020,3.6,2.5,0.7,0.5,9.8,0.394,0.0,False
Justise Winslow,MIA,2020,11.3,6.6,4.0,2.2,32.0,0.388,0.0,False
Christian Wood,DET,2020,13.1,6.3,1.0,1.4,21.4,0.567,0.0,False
Delon Wright,DAL,2020,6.9,3.8,3.3,1.0,21.5,0.462,0.0,False
Justin Wright-Foreman,UTA,2020,4.8,1.3,1.8,0.8,11.3,0.35,0.0,False
Thaddeus Young,CHI,2020,10.3,4.9,1.8,1.6,24.9,0.448,0.0,False
Trae Young,ATL,2020,29.6,4.3,9.3,4.8,35.3,0.437,0.0,False
Cody Zeller,CHO,2020,11.1,7.1,1.5,1.3,23.1,0.524,0.0,False
Tyler Zeller,SAS,2020,1.0,2.0,0.0,0.0,2.0,0.25,0.0,False
Ante Žižić,CLE,2020,4.4,3.0,0.3,0.5,10.0,0.569,0.0,False
Ivica Zubac,LAC,2020,8.3,7.5,1.1,0.8,18.4,0.613,0.0,False
Álex Abrines,OKC,2019,5.3,1.5,0.6,0.5,19.0,0.357,0.0,False
Quincy Acy,PHO,2019,1.7,2.5,0.8,0.4,12.3,0.222,0.0,False
Jaylen Adams,ATL,2019,3.2,1.8,1.9,0.8,12.6,0.345,0.0,False
Steven Adams,OKC,2019,13.9,9.5,1.6,1.7,33.4,0.595,0.0,False
Bam Adebayo,MIA,2019,8.9,7.3,2.2,1.5,23.3,0.576,0.0,False
Deng Adel,CLE,2019,1.7,1.0,0.3,0.3,10.2,0.306,0.0,False
DeVaughn Akoon-Purcell,DEN,2019,1.0,0.6,0.9,0.3,3.1,0.3,0.0,False
LaMarcus Aldridge,SAS,2019,21.3,9.2,2.4,1.8,33.2,0.519,0.0,False
Rawle Alkins,CHI,2019,3.7,2.6,1.3,0.8,12.0,0.333,0.0,False
Grayson Allen,UTA,2019,5.6,0.6,0.7,0.9,10.9,0.376,0.0,False
Jarrett Allen,BRK,2019,10.9,8.4,1.4,1.3,26.2,0.59,0.0,False
Kadeem Allen,NYK,2019,9.9,2.7,4.0,1.4,21.9,0.461,0.0,False
Al-Farouq Aminu,POR,2019,9.4,7.5,1.3,0.9,28.3,0.433,0.0,False
Justin Anderson,ATL,2019,3.7,1.8,0.5,0.5,9.6,0.408,0.0,False
Kyle Anderson,MEM,2019,8.0,5.8,3.0,1.3,29.8,0.543,0.0,False
Ryan Anderson,2TM,2019,2.5,2.2,0.8,0.6,12.9,0.304,0.0,False
Ryan Anderson,PHO,2019,3.7,3.0,1.1,0.8,18.5,0.317,0.0,False
Ryan Anderson,MIA,2019,0.7,0.9,0.2,0.2,4.4,0.222,0.0,False
Ike Anigbogu,IND,2019,0.0,1.0,0.3,0.3,2.0,0.0,0.0,False
Giannis Antetokounmpo,MIL,2019,27.7,12.5,5.9,3.7,32.8,0.578,0.0,False
Kostas Antetokounmpo,DAL,2019,1.0,0.5,0.0,0.5,5.5,0.0,0.0,False
Carmelo Anthony,HOU,2019,13.4,5.4,0.5,0.8,29.4,0.405,0.0,False
OG Anunoby,TOR,2019,7.0,2.9,0.7,0.8,20.2,0.453,0.0,False
Ryan Arcidiacono,CHI,2019,6.7,2.7,3.3,0.8,24.2,0.447,0.0,False
Trevor Ariza,2TM,2019,12.5,5.4,3.7,1.5,34.0,0.399,0.0,False
Trevor Ariza,PHO,2019,9.9,5.6,3.3,1.5,34.0,0.379,0.0,False
Trevor Ariza,WAS,2019,14.1,5.3,3.8,1.6,34.1,0.409,0.0,False
D.J. Augustin,ORL,2019,11.7,2.5,5.3,1.6,28.0,0.47,0.0,False
Deandre Ayton,PHO,2019,16.3,10.3,1.8,1.8,30.7,0.585,0.0,False
Dwayne Bacon,CHO,2019,7.3,2.1,1.1,0.4,17.7,0.475,0.0,False
Marvin Bagley III,SAC,2019,14.9,7.6,1.0,1.6,25.3,0.504,0.0,False
Ron Baker,2TM,2019,0.9,0.7,1.0,0.3,10.1,0.2,0.0,False
Ron Baker,NYK,2019,1.3,0.6,1.2,0.3,9.7,0.25,0.0,False
Ron Baker,WAS,2019,0.0,1.0,0.5,0.5,11.3,0.0,0.0,False
Wade Baldwin,POR,2019,1.9,0.9,0.8,0.9,5.9,0.303,0.0,False
Lonzo Ball,LAL,2019,9.9,5.3,5.4,2.2,30.3,0.406,0.0,False
Mo Bamba,ORL,2019,6.2,5.0,0.8,0.9,16.3,0.481,0.0,False
J.J. Barea,DAL,2019,10.9,2.5,5.6,1.9,19.8,0.418,0.0,False
Harrison Barnes,2TM,2019,16.4,4.7,1.5,1.3,32.9,0.42,0.0,False
Harrison Barnes,DAL,2019,17.7,4.2,1.3,1.4,32.3,0.404,0.0,False
Harrison Barnes,SAC,2019,14.3,5.5,1.9,1.1,33.9,0.455,0.0,False
Will Barton,DEN,2019,11.5,4.6,2.9,1.5,27.7,0.402,0.0,False
Keita Bates-Diop,MIN,2019,5.0,2.8,0.6,0.5,16.8,0.423,0.0,False
Nicolas Batum,CHO,2019,9.3,5.2,3.3,1.6,31.4,0.45,0.0,False
Jerryd Bayless,MIN,2019,6.1,1.8,3.5,0.9,19.3,0.357,0.0,False
Aron Baynes,BOS,2019,5.6,4.7,1.1,0.8,16.1,0.471,0.0,False
Kent Bazemore,ATL,2019,11.6,3.9,2.3,1.8,24.5,0.402,0.0,False
Bradley Beal,WAS,2019,25.6,5.0,5.5,2.7,36.9,0.475,0.0,False
Malik Beasley,DEN,2019,11.3,2.5,1.2,0.7,23.2,0.474,0.0,False
Michael Beasley,LAL,2019,7.0,2.3,1.0,1.0,10.7,0.49,0.0,False
Marco Belinelli,SAS,2019,10.5,2.5,1.7,0.9,23.0,0.413,0.0,False
Jordan Bell,GSW,2019,3.3,2.7,1.1,0.6,11.6,0.516,0.0,False
DeAndre' Bembry,ATL,2019,8.4,4.4,2.5,1.7,23.5,0.446,0.0,False
Dragan Bender,PHO,2019,5.0,4.0,1.2,0.8,18.0,0.447,0.0,False
Dāvis Bertāns,SAS,2019,8.0,3.5,1.3,0.6,21.5,0.45,0.0,False
Dairis Bertāns,NOP,2019,2.8,0.8,0.8,0.2,13.9,0.255,0.0,False
Patrick Beverley,LAC,2019,7.6,5.0,3.8,1.1,27.4,0.407,0.0,False
Khem Birch,ORL,2019,4.8,3.8,0.8,0.4,12.9,0.603,0.0,False
Bismack Biyombo,CHO,2019,4.4,4.6,0.6,0.6,14.5,0.571,0.0,False
Nemanja Bjelica,SAC,2019,9.6,5.8,1.9,1.1,23.2,0.479,0.0,False
Antonio Blakeney,CHI,2019,7.3,1.9,0.7,0.6,14.5,0.419,0.0,False
Eric Bledsoe,MIL,2019,15.9,4.6,5.5,2.1,29.1,0.484,0.0,False
Jaron Blossomgame,CLE,2019,4.2,3.6,0.5,0.4,16.3,0.443,0.0,False
Bogdan Bogdanović,SAC,2019,14.1,3.5,3.8,1.7,27.8,0.418,0.0,False
Bojan Bogdanović,IND,2019,18.0,4.1,2.0,1.7,31.8,0.497,0.0,False
Andrew Bogut,GSW,2019,3.5,5.0,1.0,0.7,12.2,0.5,0.0,False
Jonah Bolden,PHI,2019,4.7,3.8,0.9,0.8,14.5,0.494,0.0,False
Isaac Bonga,LAL,2019,0.9,1.1,0.7,0.3,5.5,0.152,0.0,False
Devin Booker,PHO,2019,26.6,4.1,6.8,4.1,35.0,0.467,0.0,False
Chris Boucher,TOR,2019,3.3,2.0,0.1,0.3,5.8,0.447,0.0,False
Avery Bradley,2TM,2019,9.9,2.8,2.4,1.4,30.2,0.408,0.0,False
Avery Bradley,LAC,2019,8.2,2.7,2.0,1.2,29.9,0.383,0.0,False
Avery Bradley,MEM,2019,16.1,3.1,4.0,2.0,31.6,0.463,0.0,False
Tony Bradley,UTA,2019,5.7,5.0,0.3,1.0,12.0,0.5,0.0,False
Corey Brewer,2TM,2019,4.9,2.5,1.3,0.6,15.9,0.431,0.0,False
Corey Brewer,PHI,2019,7.6,2.4,1.4,1.1,20.0,0.408,0.0,False
Corey Brewer,SAC,2019,4.1,2.5,1.2,0.5,14.7,0.446,0.0,False
Mikal Bridges,PHO,2019,8.3,3.2,2.1,0.9,29.5,0.43,0.0,False
Miles Bridges,CHO,2019,7.5,4.0,1.2,0.6,21.2,0.464,0.0,False
Isaiah Briscoe,ORL,2019,3.5,1.9,2.2,0.8,14.3,0.399,0.0,False
Ryan Broekhoff,DAL,2019,4.0,1.5,0.5,0.4,10.8,0.452,0.0,False
Malcolm Brogdon,MIL,2019,15.6,4.5,3.2,1.4,28.6,0.505,0.0,False
Dillon Brooks,MEM,2019,7.5,1.7,0.9,1.1,18.3,0.402,0.0,False
MarShon Brooks,MEM,2019,6.6,1.6,0.9,0.7,13.3,0.45,0.0,False
Bruce Brown,DET,2019,4.3,2.5,1.2,0.6,19.6,0.398,0.0,False
Jaylen Brown,BOS,2019,13.0,4.2,1.4,1.3,25.9,0.465,0.0,False
Lorenzo Brown,TOR,2019,2.1,1.2,1.1,0.6,8.2,0.324,0.0,False
Sterling Brown,MIL,2019,6.4,3.2,1.4,0.8,17.8,0.465,0.0,False
Troy Brown Jr.,WAS,2019,4.8,2.8,1.5,0.6,14.0,0.415,0.0,False
Jalen Brunson,DAL,2019,9.3,2.3,3.2,1.2,21.8,0.467,0.0,False
Thomas Bryant,WAS,2019,10.5,6.3,1.3,0.8,20.8,0.616,0.0,False
Reggie Bullock,2TM,2019,11.3,2.7,2.0,1.0,29.8,0.412,0.0,False
Reggie Bullock,DET,2019,12.1,2.8,2.5,1.2,30.8,0.413,0.0,False
Reggie Bullock,LAL,2019,9.3,2.6,1.1,0.6,27.6,0.412,0.0,False
Trey Burke,2TM,2019,10.9,1.7,2.7,0.8,19.4,0.431,0.0,False
Trey Burke,NYK,2019,11.8,1.9,2.8,0.9,20.9,0.413,0.0,False
Trey Burke,DAL,2019,9.7,1.5,2.6,0.8,17.4,0.463,0.0,False
Alec Burks,3TM,2019,8.8,3.7,2.0,1.0,21.5,0.405,0.0,False
Alec Burks,UTA,2019,8.4,1.6,1.2,0.9,15.8,0.412,0.0,False
Alec Burks,CLE,2019,11.6,5.5,2.9,1.4,28.8,0.4,0.0,False
Alec Burks,SAC,2019,1.7,1.7,0.8,0.3,9.8,0.45,0.0,False
Deonte Burton,OKC,2019,2.6,0.9,0.3,0.3,7.5,0.402,0.0,False
Jimmy Butler,2TM,2019,18.7,5.3,4.0,1.5,33.6,0.462,0.0,False
Jimmy Butler,MIN,2019,21.3,5.2,4.3,1.4,36.1,0.471,0.0,False
Jimmy Butler,PHI,2019,18.2,5.3,4.0,1.5,33.2,0.461,0.0,False
Bruno Caboclo,MEM,2019,8.3,4.6,1.5,1.1,23.5,0.427,0.0,False
José Calderón,DET,2019,2.3,1.2,2.3,0.7,12.9,0.375,0.0,False
Kentavious Caldwell-Pope,LAL,2019,11.4,2.9,1.3,0.8,24.8,0.43,0.0,False
Isaiah Canaan,3TM,2019,6.0,1.9,2.8,1.2,21.0,0.39,0.0,False
Isaiah Canaan,PHO,2019,7.5,2.6,3.3,1.5,26.5,0.395,0.0,False
Isaiah Canaan,MIN,2019,4.7,0.7,2.7,0.6,13.6,0.379,0.0,False
Isaiah Canaan,MIL,2019,1.5,1.0,0.8,0.5,7.8,0.333,0.0,False
Clint Capela,HOU,2019,16.6,12.7,1.4,1.4,33.6,0.648,0.0,False
DeMarre Carroll,BRK,2019,11.1,5.2,1.3,1.1,25.4,0.395,0.0,False
Jevon Carter,MEM,2019,4.4,1.7,1.8,0.8,14.8,0.303,0.0,False
Michael Carter-Williams,2TM,2019,4.8,2.5,2.5,0.7,13.3,0.374,0.0,False
Michael Carter-Williams,HOU,2019,4.3,0.8,1.3,0.6,9.1,0.41,0.0,False
Michael Carter-Williams,ORL,2019,5.4,4.8,4.1,0.8,18.9,0.339,0.0,False
Vince Carter,ATL,2019,7.4,2.6,1.1,0.6,17.5,0.419,0.0,False
Wendell Carter Jr.,CHI,2019,10.3,7.0,1.8,1.5,25.2,0.485,0.0,False
Alex Caruso,LAL,2019,9.2,2.7,3.1,1.7,21.2,0.445,0.0,False
Omri Casspi,MEM,2019,6.3,3.2,0.7,0.6,14.4,0.534,0.0,False
Willie Cauley-Stein,SAC,2019,11.9,8.4,2.4,1.0,27.3,0.556,0.0,False
Troy Caupain,ORL,2019,2.5,0.8,1.0,0.0,4.0,0.5,0.0,False
Tyler Cavanaugh,UTA,2019,0.8,0.7,0.1,0.1,3.5,0.3,0.0,False
Tyson Chandler,2TM,2019,3.1,5.6,0.7,0.8,15.9,0.616,0.0,False
Tyson Chandler,PHO,2019,3.7,5.6,0.9,1.0,12.7,0.667,0.0,False
Tyson Chandler,LAL,2019,3.1,5.6,0.6,0.7,16.4,0.609,0.0,False
Wilson Chandler,2TM,2019,6.0,4.2,1.6,0.9,23.1,0.418,0.0,False
Wilson Chandler,PHI,2019,6.7,4.7,2.0,1.1,26.4,0.44,0.0,False
Wilson Chandler,LAC,2019,4.3,3.1,0.7,0.5,15.1,0.348,0.0,False
Joe Chealey,CHO,2019,2.0,0.0,1.0,0.0,8.0,0.333,0.0,False
Chris Chiozza,HOU,2019,0.9,0.6,0.6,0.1,4.7,0.25,0.0,False
Marquese Chriss,2TM,2019,4.2,3.3,0.5,0.8,11.6,0.372,0.0,False
Marquese Chriss,HOU,2019,1.8,1.8,0.4,0.8,6.5,0.324,0.0,False
Marquese Chriss,CLE,2019,5.7,4.2,0.6,0.9,14.6,0.384,0.0,False
Gary Clark,HOU,2019,2.9,2.3,0.4,0.1,12.6,0.331,0.0,False
Ian Clark,NOP,2019,6.7,1.5,1.6,1.0,16.2,0.394,0.0,False
Jordan Clarkson,CLE,2019,16.8,3.3,2.4,1.7,27.3,0.448,0.0,False
Darren Collison,IND,2019,11.2,3.1,6.0,1.6,28.2,0.467,0.0,False
John Collins,ATL,2019,19.5,9.8,2.0,2.0,30.0,0.56,0.0,False
Zach Collins,POR,2019,6.6,4.2,0.9,1.0,17.6,0.473,0.0,False
Bonzie Colson,MIL,2019,4.9,3.8,0.4,0.4,12.3,0.333,0.0,False
Mike Conley,MEM,2019,21.1,3.4,6.4,1.9,33.5,0.438,0.0,False
Pat Connaughton,MIL,2019,6.9,4.2,2.0,0.5,20.7,0.466,0.0,False
Quinn Cook,GSW,2019,6.9,2.1,1.6,0.7,14.3,0.465,0.0,False
DeMarcus Cousins,GSW,2019,16.3,8.2,3.6,2.4,25.7,0.48,0.0,False
Robert Covington,2TM,2019,13.3,5.5,1.3,1.3,34.4,0.431,0.0,False
Robert Covington,PHI,2019,11.3,5.2,1.1,1.7,33.8,0.427,0.0,False
Robert Covington,MIN,2019,14.5,5.7,1.5,1.1,34.7,0.433,0.0,False
Allen Crabbe,BRK,2019,9.6,3.4,1.1,1.1,26.3,0.367,0.0,False
Torrey Craig,DEN,2019,5.7,3.5,1.0,0.6,20.0,0.442,0.0,False
Jamal Crawford,PHO,2019,7.9,1.3,3.6,1.5,18.9,0.397,0.0,False
Mitch Creek,2TM,2019,4.2,2.4,1.2,0.2,9.6,0.5,0.0,False
Mitch Creek,BRK,2019,3.8,2.5,1.3,0.0,9.0,0.5,0.0,False
Mitch Creek,MIN,2019,6.0,2.0,1.0,1.0,12.0,0.5,0.0,False
Jae Crowder,UTA,2019,11.9,4.8,1.7,1.1,27.1,0.399,0.0,False
Dante Cunningham,SAS,2019,3.0,2.9,0.8,0.3,14.5,0.475,0.0,False
Seth Curry,POR,2019,7.9,1.6,0.9,0.8,18.9,0.456,0.0,False
Stephen Curry,GSW,2019,27.3,5.3,5.2,2.8,33.8,0.472,0.0,False
Troy Daniels,PHO,2019,6.2,1.4,0.5,0.5,14.9,0.411,0.0,False
Anthony Davis,NOP,2019,25.9,12.0,3.9,2.0,33.0,0.517,0.0,False
Deyonta Davis,ATL,2019,4.0,4.0,0.6,0.3,13.1,0.682,0.0,False
Ed Davis,BRK,2019,5.8,8.6,0.8,0.8,17.9,0.616,0.0,False
Tyler Davis,OKC,2019,0.0,1.0,0.0,0.0,1.0,0.0,0.0,False
Dewayne Dedmon,ATL,2019,10.8,7.5,1.4,1.3,25.1,0.492,0.0,False
Sam Dekker,2TM,2019,6.1,3.1,1.0,0.5,16.8,0.469,0.0,False
Sam Dekker,CLE,2019,6.3,3.7,1.0,0.6,18.8,0.458,0.0,False
Sam Dekker,WAS,2019,6.1,3.0,1.0,0.5,16.3,0.471,0.0,False
Ángel Delgado,LAC,2019,1.5,2.0,0.0,0.0,7.5,0.2,0.0,False
Matthew Dellavedova,2TM,2019,5.9,1.6,3.8,1.4,16.9,0.405,0.0,False
Matthew Dellavedova,MIL,2019,1.7,0.8,2.4,0.9,8.1,0.316,0.0,False
Matthew Dellavedova,CLE,2019,7.3,1.9,4.2,1.6,19.9,0.413,0.0,False
Luol Deng,MIN,2019,7.1,3.3,0.8,0.6,17.8,0.5,0.0,False
DeMar DeRozan,SAS,2019,21.2,6.0,6.2,2.6,34.9,0.481,0.0,False
Marcus Derrickson,GSW,2019,4.2,1.2,0.1,0.3,6.1,0.485,0.0,False
Cheick Diallo,NOP,2019,6.0,5.2,0.5,0.8,14.0,0.62,0.0,False
Hamidou Diallo,OKC,2019,3.7,1.9,0.3,0.5,10.3,0.455,0.0,False
Gorgui Dieng,MIN,2019,6.4,4.1,0.9,0.8,13.6,0.501,0.0,False
Spencer Dinwiddie,BRK,2019,16.8,2.4,4.6,2.2,28.1,0.442,0.0,False
Donte DiVincenzo,MIL,2019,4.9,2.4,1.1,0.7,15.2,0.403,0.0,False
Luka Dončić,DAL,2019,21.2,7.8,6.0,3.4,32.2,0.427,0.0,False
Tyler Dorsey,2TM,2019,6.2,2.4,1.2,0.6,14.5,0.405,0.0,False
Tyler Dorsey,ATL,2019,3.3,1.6,0.6,0.4,9.3,0.36,0.0,False
Tyler Dorsey,MEM,2019,9.8,3.3,1.9,0.8,21.3,0.429,0.0,False
Damyean Dotson,NYK,2019,10.7,3.6,1.8,1.0,27.5,0.415,0.0,False
PJ Dozier,BOS,2019,3.2,2.8,0.8,0.0,8.5,0.381,0.0,False
Goran Dragić,MIA,2019,13.7,3.1,4.8,2.0,27.5,0.413,0.0,False
Andre Drummond,DET,2019,17.3,15.6,1.4,2.2,33.5,0.533,0.0,False
Jared Dudley,BRK,2019,4.9,2.6,1.4,0.7,20.7,0.423,0.0,False
Kris Dunn,CHI,2019,11.3,4.1,6.0,2.3,30.2,0.425,0.0,False
Kevin Durant,GSW,2019,26.0,6.4,5.9,2.9,34.6,0.521,0.0,False
Trevon Duval,MIL,2019,1.7,0.3,0.7,0.0,2.0,0.667,0.0,False
Vince Edwards,HOU,2019,1.5,1.0,0.0,0.0,8.0,0.25,0.0,False
Henry Ellenson,2TM,2019,6.0,3.5,0.8,0.5,13.6,0.411,0.0,False
Henry Ellenson,DET,2019,6.0,4.5,0.5,0.0,12.5,0.4,0.0,False
Henry Ellenson,NYK,2019,6.0,3.4,0.9,0.5,13.8,0.412,0.0,False
Wayne Ellington,2TM,2019,10.3,2.0,1.4,0.8,24.5,0.403,0.0,False
Wayne Ellington,MIA,2019,8.4,1.9,1.2,0.6,21.3,0.375,0.0,False
Wayne Ellington,DET,2019,12.0,2.1,1.5,0.9,27.3,0.421,0.0,False
Joel Embiid,PHI,2019,27.5,13.6,3.7,3.5,33.7,0.484,0.0,False
James Ennis III,2TM,2019,6.7,3.1,0.7,0.6,21.2,0.469,0.0,False
James Ennis III,HOU,2019,7.4,2.9,0.7,0.6,23.7,0.493,0.0,False
James Ennis III,PHI,2019,5.3,3.6,0.8,0.6,15.6,0.41,0.0,False
Drew Eubanks,SAS,2019,1.8,1.5,0.3,0.3,4.9,0.577,0.0,False
Jawun Evans,2TM,2019,0.8,1.5,1.3,0.8,8.1,0.214,0.0,False
Jawun Evans,PHO,2019,0.9,1.7,1.4,0.9,9.1,0.231,0.0,False
Jawun Evans,OKC,2019,0.0,0.0,0.0,0.0,1.0,0.0,0.0,False
Jacob Evans,GSW,2019,1.3,0.8,0.8,0.4,6.8,0.34,0.0,False
Tyreke Evans,IND,2019,10.2,2.9,2.4,1.7,20.3,0.389,0.0,False
Dante Exum,UTA,2019,6.9,1.6,2.6,1.2,15.8,0.419,0.0,False
Kenneth Faried,2TM,2019,10.4,6.8,0.5,0.9,19.7,0.589,0.0,False
Kenneth Faried,BRK,2019,5.1,3.7,0.2,0.5,9.8,0.595,0.0,False
Kenneth Faried,HOU,2019,12.9,8.2,0.7,1.1,24.4,0.587,0.0,False
Derrick Favors,UTA,2019,11.8,7.4,1.2,1.1,23.2,0.586,0.0,False
Cristiano Felício,CHI,2019,4.0,3.6,0.6,0.6,12.4,0.531,0.0,False
Raymond Felton,OKC,2019,4.3,1.0,1.6,0.4,11.5,0.407,0.0,False
Terrance Ferguson,OKC,2019,6.9,1.9,1.0,0.6,26.1,0.429,0.0,False
Yogi Ferrell,SAC,2019,5.9,1.5,1.9,0.6,15.0,0.435,0.0,False
Dorian Finney-Smith,DAL,2019,7.5,4.8,1.2,0.9,24.5,0.432,0.0,False
Bryn Forbes,SAS,2019,11.8,2.9,2.1,1.0,28.0,0.456,0.0,False
Evan Fournier,ORL,2019,15.1,3.2,3.6,1.9,31.5,0.438,0.0,False
De'Aaron Fox,SAC,2019,17.3,3.8,7.3,2.8,31.4,0.458,0.0,False
Melvin Frazier,ORL,2019,1.5,0.5,0.1,0.1,4.4,0.333,0.0,False
Tim Frazier,2TM,2019,5.3,2.8,4.2,1.3,19.0,0.444,0.0,False
Tim Frazier,NOP,2019,5.0,2.9,4.4,1.3,19.3,0.451,0.0,False
Tim Frazier,MIL,2019,6.3,2.6,3.5,1.3,17.6,0.424,0.0,False
Jimmer Fredette,PHO,2019,3.7,1.2,1.3,0.8,10.8,0.276,0.0,False
Channing Frye,CLE,2019,3.6,1.4,0.6,0.4,9.5,0.368,0.0,False
Markelle Fultz,PHI,2019,8.2,3.7,3.1,1.3,22.5,0.419,0.0,False
Danilo Gallinari,LAC,2019,19.8,6.1,2.6,1.5,30.3,0.463,0.0,False
Langston Galloway,DET,2019,8.4,2.1,1.1,0.3,21.8,0.388,0.0,False
Billy Garrett,NYK,2019,6.5,0.8,1.8,0.5,15.8,0.407,0.0,False
Marc Gasol,2TM,2019,13.6,7.9,4.4,2.0,30.8,0.448,0.0,False
Marc Gasol,MEM,2019,15.7,8.6,4.7,2.2,33.7,0.444,0.0,False
Marc Gasol,TOR,2019,9.1,6.6,3.9,1.4,24.9,0.465,0.0,False
Pau Gasol,2TM,2019,3.9,4.6,1.7,0.5,12.0,0.447,0.0,False
Pau Gasol,SAS,2019,4.2,4.7,1.9,0.5,12.2,0.466,0.0,False
Pau Gasol,MIL,2019,1.3,3.3,0.7,0.7,10.0,0.167,0.0,False
Rudy Gay,SAS,2019,13.7,6.8,2.6,1.7,26.7,0.504,0.0,False
Paul George,OKC,2019,28.0,8.2,4.1,2.7,36.9,0.438,0.0,False
Taj Gibson,MIN,2019,10.8,6.5,1.2,1.0,24.1,0.566,0.0,False
Harry Giles,SAC,2019,7.0,3.8,1.5,1.3,14.1,0.503,0.0,False
Shai Gilgeous-Alexander,LAC,2019,10.8,2.8,3.3,1.7,26.5,0.476,0.0,False
Rudy Gobert,UTA,2019,15.9,12.9,2.0,1.6,31.8,0.669,0.0,False
Brandon Goodwin,DEN,2019,1.4,0.2,0.9,0.2,3.6,0.261,0.0,False
Aaron Gordon,ORL,2019,16.0,7.4,3.7,2.1,33.8,0.449,0.0,False
Eric Gordon,HOU,2019,16.2,2.2,1.9,1.3,31.7,0.409,0.0,False
Marcin Gortat,LAC,2019,5.0,5.6,1.4,1.1,16.0,0.532,0.0,False
Devonte' Graham,CHO,2019,4.7,1.4,2.6,0.7,14.7,0.343,0.0,False
Treveon Graham,BRK,2019,5.3,3.1,1.0,0.5,20.4,0.335,0.0,False
Donte Grantham,OKC,2019,0.0,0.0,0.0,0.0,0.7,0.0,0.0,False
Jerami Grant,OKC,2019,13.6,5.2,1.0,0.8,32.7,0.497,0.0,False
Jerian Grant,ORL,2019,4.2,1.6,2.6,0.9,15.7,0.418,0.0,False
Danny Green,TOR,2019,10.3,4.0,1.6,0.9,27.7,0.465,0.0,False
Draymond Green,GSW,2019,7.4,7.3,6.9,2.6,31.3,0.445,0.0,False
Gerald Green,HOU,2019,9.2,2.5,0.5,0.8,20.2,0.4,0.0,False
JaMychal Green,2TM,2019,9.4,6.3,0.8,1.3,21.1,0.483,0.0,False
JaMychal Green,MEM,2019,9.8,6.1,0.9,1.6,22.0,0.484,0.0,False
JaMychal Green,LAC,2019,8.7,6.5,0.6,1.0,19.6,0.482,0.0,False
Jeff Green,WAS,2019,12.3,4.0,1.8,1.3,27.2,0.475,0.0,False
Blake Griffin,DET,2019,24.5,7.5,5.4,3.4,35.0,0.462,0.0,False
Daniel Hamilton,ATL,2019,3.0,2.5,1.2,0.8,10.7,0.383,0.0,False
Dusty Hannahs,MEM,2019,4.0,0.5,2.5,0.5,13.0,0.25,0.0,False
Tim Hardaway Jr.,2TM,2019,18.1,3.4,2.4,1.6,31.6,0.393,0.0,False
Tim Hardaway Jr.,NYK,2019,19.1,3.5,2.7,1.8,32.6,0.388,0.0,False
Tim Hardaway Jr.,DAL,2019,15.5,3.2,1.9,1.3,29.4,0.404,0.0,False
James Harden,HOU,2019,36.1,6.6,7.5,5.0,36.8,0.442,0.0,False
Maurice Harkless,POR,2019,7.7,4.5,1.2,0.8,23.6,0.487,0.0,False
Montrezl Harrell,LAC,2019,16.6,6.5,2.0,1.6,26.3,0.615,0.0,False
Andrew Harrison,3TM,2019,3.2,1.2,1.4,0.7,11.0,0.302,0.0,False
Andrew Harrison,MEM,2019,2.0,0.0,0.0,0.0,5.0,0.5,0.0,False
Andrew Harrison,CLE,2019,4.3,1.5,1.7,1.0,14.4,0.308,0.0,False
Andrew Harrison,NOP,2019,1.5,0.8,1.2,0.3,6.3,0.25,0.0,False
Devin Harris,DAL,2019,6.3,1.6,1.8,0.8,15.8,0.38,0.0,False
Gary Harris,DEN,2019,12.9,2.8,2.2,1.2,28.8,0.424,0.0,False
Joe Harris,BRK,2019,13.7,3.8,2.4,1.6,30.2,0.5,0.0,False
Shaquille Harrison,CHI,2019,6.5,3.0,1.9,0.8,19.6,0.432,0.0,False
Tobias Harris,2TM,2019,20.0,7.9,2.8,1.8,34.7,0.487,0.0,False
Tobias Harris,LAC,2019,20.9,7.9,2.7,2.0,34.6,0.496,0.0,False
Tobias Harris,PHI,2019,18.2,7.9,2.9,1.6,35.0,0.469,0.0,False
Isaiah Hartenstein,HOU,2019,1.9,1.7,0.5,0.5,7.9,0.488,0.0,False
Josh Hart,LAL,2019,7.8,3.7,1.4,0.9,25.6,0.407,0.0,False
Udonis Haslem,MIA,2019,2.5,2.7,0.2,0.3,7.4,0.333,0.0,False
Gordon Hayward,BOS,2019,11.5,4.5,3.4,1.5,25.9,0.466,0.0,False
John Henson,MIL,2019,5.6,5.1,1.0,0.9,13.4,0.463,0.0,False
Juancho Hernangómez,DEN,2019,5.8,3.8,0.8,0.5,19.4,0.439,0.0,False
Willy Hernangómez,CHO,2019,7.3,5.4,1.0,1.0,14.0,0.519,0.0,False
Mario Hezonja,NYK,2019,8.8,4.1,1.5,1.5,20.8,0.412,0.0,False
Isaiah Hicks,NYK,2019,4.0,2.3,0.7,0.3,10.7,0.5,0.0,False
Buddy Hield,SAC,2019,20.7,5.0,2.5,1.8,31.9,0.458,0.0,False
Haywood Highsmith,PHI,2019,1.8,1.0,0.4,0.2,8.0,0.4,0.0,False
Nenê,HOU,2019,3.6,2.9,0.6,0.3,13.0,0.517,0.0,False
George Hill,2TM,2019,7.6,2.5,2.3,0.9,21.7,0.452,0.0,False
George Hill,CLE,2019,10.8,2.1,2.8,1.5,26.5,0.514,0.0,False
George Hill,MIL,2019,6.8,2.6,2.1,0.7,20.4,0.428,0.0,False
Solomon Hill,NOP,2019,4.3,3.0,1.3,0.7,20.0,0.382,0.0,False
Aaron Holiday,IND,2019,5.9,1.3,1.7,0.8,12.9,0.401,0.0,False
Jrue Holiday,NOP,2019,21.2,5.0,7.7,3.1,35.9,0.472,0.0,False
Justin Holiday,2TM,2019,10.5,3.9,1.8,1.3,31.8,0.386,0.0,False
Justin Holiday,CHI,2019,11.6,4.4,2.2,1.2,34.9,0.383,0.0,False
Justin Holiday,MEM,2019,9.5,3.5,1.4,1.3,29.1,0.389,0.0,False
John Holland,CLE,2019,0.0,0.0,0.0,0.0,1.0,,0.0,False
Rondae Hollis-Jefferson,BRK,2019,8.9,5.3,1.6,1.2,20.9,0.411,0.0,False
Richaun Holmes,PHO,2019,8.2,4.7,0.9,0.7,16.9,0.608,0.0,False
Rodney Hood,2TM,2019,11.2,2.2,1.8,0.8,26.3,0.435,0.0,False
Rodney Hood,CLE,2019,12.2,2.5,2.0,0.8,27.4,0.427,0.0,False
Rodney Hood,POR,2019,9.6,1.7,1.3,0.7,24.4,0.452,0.0,False
Al Horford,BOS,2019,13.6,6.7,4.2,1.5,29.0,0.535,0.0,False
Danuel House Jr.,HOU,2019,9.4,3.6,1.0,0.9,25.1,0.468,0.0,False
Dwight Howard,WAS,2019,12.8,9.2,0.4,1.8,25.6,0.623,0.0,False
Kevin Huerter,ATL,2019,9.7,3.3,2.9,1.5,27.3,0.419,0.0,False
Isaac Humphries,ATL,2019,3.0,2.2,0.0,0.0,11.2,0.286,0.0,False
R.J. Hunter,BOS,2019,17.0,3.0,3.0,0.0,26.0,0.462,0.0,False
Chandler Hutchison,CHI,2019,5.2,4.2,0.8,0.6,20.3,0.459,0.0,False
Serge Ibaka,TOR,2019,15.0,8.1,1.3,1.5,27.2,0.529,0.0,False
Andre Iguodala,GSW,2019,5.7,3.7,3.2,0.8,23.2,0.5,0.0,False
Ersan İlyasova,MIL,2019,6.8,4.5,0.8,0.7,18.4,0.438,0.0,False
Joe Ingles,UTA,2019,12.1,4.0,5.7,2.4,31.3,0.448,0.0,False
Andre Ingram,LAL,2019,0.0,0.5,0.0,0.3,3.8,0.0,0.0,False
Brandon Ingram,LAL,2019,18.3,5.1,3.0,2.5,33.8,0.497,0.0,False
Kyrie Irving,BOS,2019,23.8,5.0,6.9,2.6,33.0,0.487,0.0,False
Jonathan Isaac,ORL,2019,9.6,5.5,1.1,1.0,26.6,0.429,0.0,False
Wes Iwundu,ORL,2019,5.0,2.7,1.1,0.6,18.1,0.412,0.0,False
Demetrius Jackson,PHI,2019,3.7,0.5,0.8,0.2,6.5,0.533,0.0,False
Frank Jackson,NOP,2019,8.1,2.2,1.1,0.8,19.2,0.434,0.0,False
Jaren Jackson Jr.,MEM,2019,13.8,4.7,1.1,1.7,26.1,0.506,0.0,False
Josh Jackson,PHO,2019,11.5,4.4,2.3,2.2,25.2,0.413,0.0,False
Justin Jackson,2TM,2019,7.2,2.6,1.2,0.4,19.9,0.447,0.0,False
Justin Jackson,SAC,2019,6.7,2.8,1.3,0.4,20.8,0.424,0.0,False
Justin Jackson,DAL,2019,8.2,2.3,1.0,0.2,18.3,0.484,0.0,False
Reggie Jackson,DET,2019,15.4,2.6,4.2,1.8,27.9,0.421,0.0,False
LeBron James,LAL,2019,27.4,8.5,8.3,3.6,35.2,0.51,0.0,False
Amile Jefferson,ORL,2019,2.3,1.8,0.3,0.1,5.7,0.625,0.0,False
John Jenkins,2TM,2019,4.7,1.4,0.8,0.3,12.8,0.4,0.0,False
John Jenkins,WAS,2019,1.5,0.3,0.3,0.0,3.5,1.0,0.0,False
John Jenkins,NYK,2019,5.2,1.6,1.0,0.4,14.5,0.388,0.0,False
Jonas Jerebko,GSW,2019,6.3,3.9,1.3,0.6,16.7,0.459,0.0,False
Alize Johnson,IND,2019,0.9,1.4,0.1,0.0,4.6,0.25,0.0,False
Amir Johnson,PHI,2019,3.9,2.9,1.2,0.9,10.4,0.503,0.0,False
B.J. Johnson,2TM,2019,3.3,1.1,0.0,0.3,7.0,0.5,0.0,False
B.J. Johnson,ATL,2019,3.5,1.3,0.0,0.3,7.2,0.5,0.0,False
B.J. Johnson,SAC,2019,2.0,0.0,0.0,0.0,6.0,0.5,0.0,False
James Johnson,MIA,2019,7.8,3.2,2.5,1.3,21.2,0.433,0.0,False
Stanley Johnson,2TM,2019,6.9,3.3,1.3,1.2,18.3,0.389,0.0,False
Stanley Johnson,DET,2019,7.5,3.6,1.3,1.1,20.0,0.381,0.0,False
Stanley Johnson,NOP,2019,5.3,2.3,1.6,1.4,13.7,0.418,0.0,False
Tyler Johnson,2TM,2019,10.9,3.0,2.9,1.4,26.8,0.413,0.0,False
Tyler Johnson,MIA,2019,10.8,2.8,2.5,1.4,25.5,0.426,0.0,False
Tyler Johnson,PHO,2019,11.1,4.0,4.2,1.1,31.2,0.368,0.0,False
Wesley Johnson,2TM,2019,3.4,1.9,0.6,0.5,14.1,0.352,0.0,False
Wesley Johnson,NOP,2019,3.7,2.1,0.6,0.5,14.5,0.398,0.0,False
Wesley Johnson,WAS,2019,2.8,1.5,0.6,0.5,13.1,0.25,0.0,False
Nikola Jokić,DEN,2019,20.1,10.8,7.3,3.1,31.3,0.511,0.0,False
Damian Jones,GSW,2019,5.4,3.1,1.2,0.7,17.1,0.716,0.0,False
Derrick Jones Jr.,MIA,2019,7.0,4.0,0.6,0.7,19.2,0.494,0.0,False
Jalen Jones,CLE,2019,5.1,2.1,0.4,0.5,13.4,0.419,0.0,False
Jemerrio Jones,LAL,2019,4.5,8.2,2.2,0.8,23.8,0.364,0.0,False
Terrence Jones,HOU,2019,1.0,2.0,0.0,0.5,2.5,0.25,0.0,False
Tyus Jones,MIN,2019,6.9,2.0,4.8,0.7,22.9,0.415,0.0,False
DeAndre Jordan,2TM,2019,11.0,13.1,2.3,2.2,29.7,0.641,0.0,False
DeAndre Jordan,DAL,2019,11.0,13.7,2.0,2.2,31.1,0.644,0.0,False
DeAndre Jordan,NYK,2019,10.9,11.4,3.0,2.2,25.9,0.634,0.0,False
Cory Joseph,IND,2019,6.5,3.4,3.9,1.0,25.2,0.412,0.0,False
Frank Kaminsky,CHO,2019,8.6,3.5,1.3,0.9,16.1,0.463,0.0,False
Enes Freedom,2TM,2019,13.7,9.8,1.7,1.8,24.5,0.549,0.0,False
Enes Freedom,NYK,2019,14.0,10.5,1.9,1.8,25.6,0.536,0.0,False
Enes Freedom,POR,2019,13.1,8.6,1.4,1.7,22.3,0.577,0.0,False
Luke Kennard,DET,2019,9.7,2.9,1.8,0.9,22.8,0.438,0.0,False
Michael Kidd-Gilchrist,CHO,2019,6.7,3.8,1.0,0.7,18.4,0.476,0.0,False
George King,PHO,2019,0.0,1.0,0.0,0.0,6.0,,0.0,False
Maxi Kleber,DAL,2019,6.8,4.6,1.0,0.8,21.2,0.453,0.0,False
Brandon Knight,2TM,2019,6.8,1.5,1.8,0.8,18.9,0.381,0.0,False
Brandon Knight,HOU,2019,3.0,0.8,0.8,0.4,9.8,0.234,0.0,False
Brandon Knight,CLE,2019,8.5,1.9,2.3,0.9,22.9,0.413,0.0,False
Kevin Knox,NYK,2019,12.8,4.5,1.1,1.5,28.8,0.37,0.0,False
Furkan Korkmaz,PHI,2019,5.8,2.2,1.1,0.5,14.1,0.4,0.0,False
Luke Kornet,NYK,2019,7.0,2.9,1.2,0.5,17.0,0.378,0.0,False
Kyle Korver,2TM,2019,8.6,2.3,1.2,0.8,19.1,0.416,0.0,False
Kyle Korver,CLE,2019,6.8,1.8,1.1,1.1,15.7,0.461,0.0,False
Kyle Korver,UTA,2019,9.1,2.5,1.2,0.8,20.1,0.408,0.0,False
Kosta Koufos,SAC,2019,3.7,4.2,0.9,0.6,12.0,0.477,0.0,False
Rodions Kurucs,BRK,2019,8.5,3.9,0.8,1.2,20.5,0.45,0.0,False
Kyle Kuzma,LAL,2019,18.7,5.5,2.5,1.9,33.1,0.456,0.0,False
Skal Labissière,2TM,2019,3.0,2.0,0.5,0.5,8.0,0.531,0.0,False
Skal Labissière,SAC,2019,2.8,1.8,0.5,0.5,8.7,0.433,0.0,False
Skal Labissière,POR,2019,3.4,2.1,0.6,0.4,7.0,0.684,0.0,False
Jeremy Lamb,CHO,2019,15.3,5.5,2.2,1.0,28.5,0.44,0.0,False
Zach LaVine,CHI,2019,23.7,4.7,4.5,3.4,34.5,0.467,0.0,False
Jake Layman,POR,2019,7.6,3.1,0.7,0.6,18.7,0.509,0.0,False
T.J. Leaf,IND,2019,3.9,2.2,0.4,0.2,9.0,0.541,0.0,False
Courtney Lee,2TM,2019,4.0,1.6,1.1,0.4,12.6,0.411,0.0,False
Courtney Lee,NYK,2019,4.7,2.3,1.3,0.4,13.3,0.447,0.0,False
Courtney Lee,DAL,2019,3.6,1.2,1.0,0.4,12.2,0.39,0.0,False
Damion Lee,GSW,2019,4.9,2.0,0.4,0.3,11.7,0.441,0.0,False
Walt Lemon Jr.,CHI,2019,14.3,4.5,5.0,1.7,27.8,0.437,0.0,False
Alex Len,ATL,2019,11.1,5.5,1.1,1.3,20.1,0.494,0.0,False
Kawhi Leonard,TOR,2019,26.6,7.3,3.3,2.0,34.0,0.496,0.0,False
Meyers Leonard,POR,2019,5.9,3.8,1.2,0.7,14.4,0.545,0.0,False
Jon Leuer,DET,2019,3.8,2.4,0.3,0.6,9.8,0.584,0.0,False
Caris LeVert,BRK,2019,13.7,3.8,3.9,1.7,26.6,0.429,0.0,False
Damian Lillard,POR,2019,25.8,4.6,6.9,2.7,35.5,0.444,0.0,False
Jeremy Lin,2TM,2019,9.6,2.4,3.1,1.7,19.4,0.44,0.0,False
Jeremy Lin,ATL,2019,10.7,2.3,3.5,1.9,19.7,0.466,0.0,False
Jeremy Lin,TOR,2019,7.0,2.6,2.2,1.1,18.8,0.374,0.0,False
Shaun Livingston,GSW,2019,4.0,1.8,1.8,0.6,15.1,0.519,0.0,False
Zach Lofton,DET,2019,0.0,0.0,0.0,1.0,4.0,0.0,0.0,False
Kevon Looney,GSW,2019,6.3,5.2,1.5,0.6,18.5,0.625,0.0,False
Brook Lopez,MIL,2019,12.5,4.9,1.2,1.0,28.7,0.452,0.0,False
Robin Lopez,CHI,2019,9.5,3.9,1.2,1.3,21.7,0.568,0.0,False
Kevin Love,CLE,2019,17.0,10.9,2.2,1.9,27.2,0.385,0.0,False
Kyle Lowry,TOR,2019,14.2,4.8,8.7,2.8,34.0,0.411,0.0,False
Jordan Loyd,TOR,2019,2.4,0.8,0.5,0.2,4.6,0.444,0.0,False
Kalin Lucas,DET,2019,2.0,3.0,1.0,0.0,6.0,0.0,0.0,False
Timothé Luwawu-Cabarrot,2TM,2019,4.6,1.9,0.5,0.4,13.4,0.376,0.0,False
Timothé Luwawu-Cabarrot,OKC,2019,1.7,0.9,0.2,0.2,5.9,0.302,0.0,False
Timothé Luwawu-Cabarrot,CHI,2019,6.8,2.7,0.8,0.6,18.8,0.394,0.0,False
Tyler Lydon,DEN,2019,0.9,0.7,0.2,0.2,3.8,0.5,0.0,False
Trey Lyles,DEN,2019,8.5,3.8,1.4,1.1,17.5,0.418,0.0,False
Scott Machado,LAL,2019,2.5,0.0,0.8,0.0,4.8,0.667,0.0,False
Shelvin Mack,2TM,2019,7.5,1.8,3.2,1.2,21.9,0.404,0.0,False
Shelvin Mack,MEM,2019,7.9,1.9,3.4,1.2,22.7,0.414,0.0,False
Shelvin Mack,CHO,2019,2.3,0.5,0.3,1.0,10.5,0.143,0.0,False
Daryl Macon,DAL,2019,3.6,1.5,0.9,0.8,11.3,0.37,0.0,False
J.P. Macura,CHO,2019,3.0,1.5,1.0,0.0,8.5,0.333,0.0,False
Ian Mahinmi,WAS,2019,4.1,3.8,0.7,0.6,14.6,0.452,0.0,False
Thon Maker,2TM,2019,5.0,3.2,0.7,0.5,15.2,0.407,0.0,False
Thon Maker,MIL,2019,4.7,2.7,0.5,0.3,11.7,0.44,0.0,False
Thon Maker,DET,2019,5.5,3.7,0.9,0.8,19.4,0.373,0.0,False
Boban Marjanović,2TM,2019,7.3,4.6,0.9,1.0,11.7,0.615,0.0,False
Boban Marjanović,LAC,2019,6.7,4.2,0.6,1.0,10.4,0.607,0.0,False
Boban Marjanović,PHI,2019,8.2,5.1,1.5,1.0,13.9,0.625,0.0,False
Lauri Markkanen,CHI,2019,18.7,9.0,1.4,1.6,32.3,0.43,0.0,False
Jarell Martin,ORL,2019,2.7,1.7,0.4,0.3,7.8,0.413,0.0,False
Frank Mason III,SAC,2019,5.1,1.1,2.2,0.9,11.4,0.42,0.0,False
Yante Maten,MIA,2019,1.0,1.5,0.0,0.0,6.5,0.25,0.0,False
Wesley Matthews,3TM,2019,12.2,2.5,2.3,1.3,30.3,0.4,0.0,False
Wesley Matthews,DAL,2019,13.1,2.3,2.3,1.3,29.8,0.414,0.0,False
Wesley Matthews,NYK,2019,7.0,1.5,2.5,1.0,27.0,0.211,0.0,False
Wesley Matthews,IND,2019,10.9,2.8,2.4,1.3,31.5,0.386,0.0,False
Luc Mbah a Moute,LAC,2019,5.0,1.8,0.5,0.5,15.3,0.444,0.0,False
Tahjere McCall,BRK,2019,4.0,1.0,0.0,0.0,8.0,0.667,0.0,False
Patrick McCaw,2TM,2019,2.6,1.7,1.0,0.6,13.7,0.413,0.0,False
Patrick McCaw,CLE,2019,1.7,1.0,0.7,1.0,17.7,0.222,0.0,False
Patrick McCaw,TOR,2019,2.7,1.7,1.0,0.5,13.2,0.444,0.0,False
CJ McCollum,POR,2019,21.0,4.0,3.0,1.5,33.9,0.459,0.0,False
T.J. McConnell,PHI,2019,6.4,2.3,3.4,1.2,19.3,0.525,0.0,False
Doug McDermott,IND,2019,7.3,1.4,0.9,0.5,17.4,0.491,0.0,False
JaVale McGee,LAL,2019,12.0,7.5,0.7,1.4,22.3,0.624,0.0,False
Rodney McGruder,MIA,2019,7.6,3.6,1.7,1.0,23.5,0.403,0.0,False
Alfonzo McKinnie,GSW,2019,4.7,3.4,0.4,0.4,13.9,0.487,0.0,False
Ben McLemore,SAC,2019,3.9,0.9,0.2,0.3,8.3,0.391,0.0,False
Jordan McRae,WAS,2019,5.9,1.5,1.1,0.6,12.3,0.469,0.0,False
Jodie Meeks,TOR,2019,6.4,1.5,1.0,0.3,13.0,0.538,0.0,False
Salah Mejri,DAL,2019,3.9,3.6,1.0,0.6,11.1,0.491,0.0,False
De'Anthony Melton,PHO,2019,5.0,2.7,3.2,1.5,19.7,0.391,0.0,False
Chimezie Metu,SAS,2019,1.8,1.2,0.4,0.5,5.0,0.328,0.0,False
Khris Middleton,MIL,2019,18.3,6.0,4.3,2.3,31.1,0.441,0.0,False
C.J. Miles,2TM,2019,6.4,1.8,0.7,0.6,16.2,0.36,0.0,False
C.J. Miles,TOR,2019,5.5,1.7,0.6,0.5,14.1,0.34,0.0,False
C.J. Miles,MEM,2019,9.3,2.1,1.1,0.7,22.6,0.4,0.0,False
Darius Miller,NOP,2019,8.2,1.9,2.1,0.9,25.5,0.39,0.0,False
Malcolm Miller,TOR,2019,3.5,0.5,0.1,0.1,6.7,0.423,0.0,False
Paul Millsap,DEN,2019,12.6,7.2,2.0,1.4,27.1,0.484,0.0,False
Patty Mills,SAS,2019,9.9,2.2,3.0,1.1,23.3,0.425,0.0,False
Shake Milton,PHI,2019,4.4,1.8,0.9,0.3,13.4,0.391,0.0,False
Nikola Mirotić,2TM,2019,15.2,7.4,1.2,1.0,27.1,0.439,0.0,False
Nikola Mirotić,NOP,2019,16.7,8.3,1.1,1.2,28.9,0.447,0.0,False
Nikola Mirotić,MIL,2019,11.6,5.4,1.4,0.8,22.9,0.415,0.0,False
Donovan Mitchell,UTA,2019,23.8,4.1,4.2,2.8,33.7,0.432,0.0,False
Naz Mitrou-Long,UTA,2019,1.1,0.4,1.1,0.6,6.0,0.3,0.0,False
Malik Monk,CHO,2019,8.9,1.9,1.6,1.2,17.2,0.387,0.0,False
Greg Monroe,3TM,2019,5.3,4.0,0.6,0.7,11.2,0.487,0.0,False
Greg Monroe,TOR,2019,4.8,4.1,0.4,0.8,11.1,0.46,0.0,False
Greg Monroe,BOS,2019,3.0,1.5,0.5,0.0,2.5,0.6,0.0,False
Greg Monroe,PHI,2019,13.7,4.3,2.3,0.3,17.3,0.652,0.0,False
E'Twaun Moore,NOP,2019,11.9,2.4,1.9,1.1,27.6,0.481,0.0,False
Eric Moreland,2TM,2019,1.4,4.0,0.8,1.0,8.6,0.429,0.0,False
Eric Moreland,PHO,2019,0.0,3.0,0.0,0.0,5.0,,0.0,False
Eric Moreland,TOR,2019,1.8,4.3,1.0,1.3,9.5,0.429,0.0,False
Jaylen Morris,MIL,2019,2.5,1.3,1.0,0.3,7.3,0.4,0.0,False
Markieff Morris,2TM,2019,9.4,4.6,1.4,0.9,21.9,0.421,0.0,False
Markieff Morris,WAS,2019,11.5,5.1,1.8,1.4,26.0,0.436,0.0,False
Markieff Morris,OKC,2019,6.5,3.8,0.8,0.3,16.1,0.391,0.0,False
Marcus Morris,BOS,2019,13.9,6.1,1.5,1.2,27.9,0.447,0.0,False
Monte Morris,DEN,2019,10.4,2.4,3.6,0.6,24.0,0.493,0.0,False
Donatas Motiejūnas,SAS,2019,2.0,1.0,0.3,1.0,4.3,0.5,0.0,False
Johnathan Motley,LAC,2019,4.6,2.3,0.5,0.7,7.1,0.534,0.0,False
Emmanuel Mudiay,NYK,2019,14.8,3.3,3.9,2.4,27.2,0.446,0.0,False
Jamal Murray,DEN,2019,18.2,4.2,4.8,2.1,32.6,0.437,0.0,False
Džanan Musa,BRK,2019,2.1,0.6,0.2,0.4,4.3,0.409,0.0,False
Mike Muscala,2TM,2019,7.0,3.8,1.2,0.8,20.4,0.402,0.0,False
Mike Muscala,PHI,2019,7.4,4.3,1.3,0.9,22.1,0.392,0.0,False
Mike Muscala,LAL,2019,5.9,2.6,0.8,0.3,15.6,0.434,0.0,False
Svi Mykhailiuk,2TM,2019,3.2,0.9,0.9,0.5,10.5,0.329,0.0,False
Svi Mykhailiuk,LAL,2019,3.3,0.9,0.8,0.5,10.8,0.333,0.0,False
Svi Mykhailiuk,DET,2019,2.0,0.7,1.3,0.3,6.7,0.25,0.0,False
Abdel Nader,OKC,2019,4.0,1.9,0.3,0.4,11.4,0.423,0.0,False
Larry Nance Jr.,CLE,2019,9.4,8.2,3.2,1.4,26.8,0.52,0.0,False
Shabazz Napier,BRK,2019,9.4,1.8,2.6,1.2,17.6,0.389,0.0,False
Raul Neto,UTA,2019,5.3,1.7,2.5,0.9,12.8,0.46,0.0,False
Georges Niang,UTA,2019,4.0,1.5,0.6,0.4,8.7,0.475,0.0,False
Joakim Noah,MEM,2019,7.1,5.7,2.1,1.2,16.5,0.516,0.0,False
Nerlens Noel,OKC,2019,4.9,4.2,0.6,0.6,13.7,0.587,0.0,False
Dirk Nowitzki,DAL,2019,7.3,3.1,0.7,0.4,15.6,0.359,0.0,False
Frank Ntilikina,NYK,2019,5.7,2.0,2.8,1.3,21.0,0.337,0.0,False
James Nunnally,2TM,2019,2.4,0.3,0.5,0.1,6.8,0.353,0.0,False
James Nunnally,MIN,2019,2.1,0.3,0.4,0.1,4.9,0.429,0.0,False
James Nunnally,HOU,2019,4.5,0.5,1.0,0.0,19.0,0.231,0.0,False
Jusuf Nurkić,POR,2019,15.6,10.4,3.2,2.3,27.4,0.508,0.0,False
David Nwaba,CLE,2019,6.5,3.2,1.1,0.6,19.3,0.481,0.0,False
Semi Ojeleye,BOS,2019,3.3,1.5,0.4,0.3,10.6,0.424,0.0,False
Jahlil Okafor,NOP,2019,8.2,4.7,0.7,0.9,15.8,0.586,0.0,False
Elie Okobo,PHO,2019,5.7,1.8,2.4,1.3,18.1,0.393,0.0,False
Josh Okogie,MIN,2019,7.7,2.9,1.2,0.9,23.7,0.386,0.0,False
Victor Oladipo,IND,2019,18.8,5.6,5.2,2.3,31.9,0.423,0.0,False
Kelly Olynyk,MIA,2019,10.0,4.7,1.8,1.4,22.9,0.463,0.0,False
Royce O'Neale,UTA,2019,5.2,3.5,1.5,0.9,20.4,0.475,0.0,False
Kyle O'Quinn,IND,2019,3.5,2.6,1.2,0.7,8.2,0.507,0.0,False
Cedi Osman,CLE,2019,13.0,4.7,2.6,1.5,32.2,0.427,0.0,False
Kelly Oubre Jr.,2TM,2019,15.2,4.7,1.2,1.5,28.0,0.445,0.0,False
Kelly Oubre Jr.,WAS,2019,12.9,4.4,0.7,1.0,26.0,0.433,0.0,False
Kelly Oubre Jr.,PHO,2019,16.9,4.9,1.6,1.8,29.5,0.453,0.0,False
Zaza Pachulia,DET,2019,3.9,3.9,1.3,0.8,12.9,0.44,0.0,False
Jabari Parker,2TM,2019,14.5,6.6,2.4,2.4,26.9,0.493,0.0,False
Jabari Parker,CHI,2019,14.3,6.2,2.2,2.2,26.7,0.474,0.0,False
Jabari Parker,WAS,2019,15.0,7.2,2.7,2.7,27.3,0.523,0.0,False
Tony Parker,CHO,2019,9.5,1.5,3.7,1.3,17.9,0.46,0.0,False
Chandler Parsons,MEM,2019,7.5,2.8,1.7,1.3,19.8,0.374,0.0,False
Patrick Patterson,OKC,2019,3.6,2.3,0.5,0.3,13.7,0.374,0.0,False
Justin Patton,PHI,2019,1.7,2.0,1.0,0.0,7.0,0.286,0.0,False
Chris Paul,HOU,2019,15.6,4.6,8.2,2.6,32.0,0.419,0.0,False
Cameron Payne,2TM,2019,6.3,1.8,2.7,1.1,17.8,0.43,0.0,False
Cameron Payne,CHI,2019,5.7,1.7,2.7,1.1,17.3,0.411,0.0,False
Cameron Payne,CLE,2019,8.2,2.1,2.6,1.2,19.6,0.491,0.0,False
Elfrid Payton,NOP,2019,10.6,5.2,7.6,2.7,29.8,0.434,0.0,False
Gary Payton II,WAS,2019,3.7,0.7,1.3,0.3,5.3,0.625,0.0,False
Theo Pinson,BRK,2019,4.5,2.0,1.2,1.0,11.7,0.342,0.0,False
Mason Plumlee,DEN,2019,7.8,6.4,3.0,1.5,21.1,0.593,0.0,False
Miles Plumlee,ATL,2019,4.4,2.2,0.9,0.6,9.6,0.667,0.0,False
Jakob Poeltl,SAS,2019,5.5,5.3,1.2,0.6,16.5,0.645,0.0,False
Quincy Pondexter,SAS,2019,1.8,0.9,0.5,0.2,5.5,0.5,0.0,False
Otto Porter Jr.,2TM,2019,13.9,5.6,2.1,1.2,30.1,0.465,0.0,False
Otto Porter Jr.,WAS,2019,12.6,5.6,2.0,1.0,29.0,0.457,0.0,False
Otto Porter Jr.,CHI,2019,17.5,5.5,2.7,1.7,32.8,0.483,0.0,False
Bobby Portis,2TM,2019,14.2,8.1,1.4,1.5,26.0,0.444,0.0,False
Bobby Portis,CHI,2019,14.1,7.3,1.3,1.3,24.1,0.45,0.0,False
Bobby Portis,WAS,2019,14.3,8.6,1.5,1.6,27.4,0.44,0.0,False
Dwight Powell,DAL,2019,10.6,5.3,1.5,0.9,21.6,0.597,0.0,False
Norman Powell,TOR,2019,8.6,2.3,1.5,1.1,18.8,0.483,0.0,False
Alex Poythress,ATL,2019,5.1,3.6,0.8,0.6,14.5,0.494,0.0,False
Taurean Prince,ATL,2019,13.5,3.6,2.1,1.8,28.2,0.441,0.0,False
Zhou Qi,HOU,2019,2.0,0.0,0.0,0.0,1.0,1.0,0.0,False
Ivan Rabb,MEM,2019,5.8,4.2,1.1,0.7,14.7,0.547,0.0,False
Chasson Randle,WAS,2019,5.5,1.1,2.0,0.9,15.2,0.419,0.0,False
Julius Randle,NOP,2019,21.4,8.7,3.1,2.8,30.6,0.524,0.0,False
JJ Redick,PHI,2019,18.1,2.4,2.7,1.3,31.3,0.44,0.0,False
Davon Reed,IND,2019,1.2,0.6,0.3,0.1,4.7,0.417,0.0,False
Cameron Reynolds,MIN,2019,5.0,1.6,0.7,0.3,13.6,0.423,0.0,False
Josh Richardson,MIA,2019,16.6,3.6,4.1,1.5,34.8,0.412,0.0,False
Malachi Richardson,TOR,2019,1.4,0.6,0.0,0.4,4.7,0.31,0.0,False
Austin Rivers,2TM,2019,8.1,2.1,2.2,0.9,26.7,0.406,0.0,False
Austin Rivers,WAS,2019,7.2,2.4,2.0,1.2,23.6,0.392,0.0,False
Austin Rivers,HOU,2019,8.7,1.9,2.3,0.7,28.6,0.413,0.0,False
Devin Robinson,WAS,2019,6.7,2.9,0.9,0.3,13.6,0.594,0.0,False
Duncan Robinson,MIA,2019,3.3,1.3,0.3,0.3,10.7,0.391,0.0,False
Glenn Robinson III,DET,2019,4.2,1.5,0.4,0.4,13.0,0.42,0.0,False
Jerome Robinson,LAC,2019,3.4,1.2,0.6,0.4,9.7,0.4,0.0,False
Mitchell Robinson,NYK,2019,7.3,6.4,0.6,0.5,20.6,0.694,0.0,False
Rajon Rondo,LAL,2019,9.2,5.3,8.0,2.8,29.8,0.405,0.0,False
Derrick Rose,MIN,2019,18.0,2.7,4.3,1.6,27.3,0.482,0.0,False
Terrence Ross,ORL,2019,15.1,3.5,1.7,1.1,26.5,0.428,0.0,False
Terry Rozier,BOS,2019,9.0,3.9,2.9,0.9,22.7,0.387,0.0,False
Ricky Rubio,UTA,2019,12.7,3.6,6.1,2.6,27.9,0.404,0.0,False
D'Angelo Russell,BRK,2019,21.1,3.9,7.0,3.1,30.2,0.434,0.0,False
Domantas Sabonis,IND,2019,14.1,9.3,2.9,2.2,24.8,0.59,0.0,False
Brandon Sampson,CHI,2019,5.1,1.1,0.7,0.9,15.3,0.467,0.0,False
JaKarr Sampson,CHI,2019,20.0,8.0,1.0,1.0,31.8,0.537,0.0,False
Dario Šarić,2TM,2019,10.6,5.6,1.6,1.2,25.0,0.437,0.0,False
Dario Šarić,PHI,2019,11.1,6.6,2.0,1.9,30.5,0.364,0.0,False
Dario Šarić,MIN,2019,10.5,5.5,1.5,1.1,23.9,0.454,0.0,False
Tomáš Satoranský,WAS,2019,8.9,3.5,5.0,1.5,27.1,0.485,0.0,False
Dennis Schröder,OKC,2019,15.5,3.6,4.1,2.2,29.3,0.414,0.0,False
Mike Scott,2TM,2019,5.8,3.5,0.8,0.6,17.7,0.4,0.0,False
Mike Scott,LAC,2019,4.8,3.3,0.8,0.5,14.4,0.4,0.0,False
Mike Scott,PHI,2019,7.8,3.8,0.8,0.6,24.0,0.4,0.0,False
Thabo Sefolosha,UTA,2019,3.8,2.5,0.5,0.5,12.2,0.477,0.0,False
Wayne Selden,2TM,2019,6.9,2.4,1.5,1.1,19.2,0.406,0.0,False
Wayne Selden,MEM,2019,5.4,1.4,1.1,0.7,14.2,0.404,0.0,False
Wayne Selden,CHI,2019,8.0,3.2,1.7,1.3,22.9,0.407,0.0,False
Collin Sexton,CLE,2019,16.7,2.9,3.0,2.3,31.8,0.43,0.0,False
Landry Shamet,2TM,2019,9.1,1.7,1.5,0.6,22.8,0.431,0.0,False
Landry Shamet,PHI,2019,8.3,1.4,1.1,0.5,20.5,0.441,0.0,False
Landry Shamet,LAC,2019,10.9,2.2,2.3,0.8,27.8,0.414,0.0,False
Iman Shumpert,2TM,2019,7.5,3.0,1.8,0.8,23.9,0.374,0.0,False
Iman Shumpert,SAC,2019,8.9,3.1,2.2,0.9,26.2,0.382,0.0,False
Iman Shumpert,HOU,2019,4.6,2.7,1.1,0.6,19.1,0.347,0.0,False
Pascal Siakam,TOR,2019,16.9,6.9,3.1,1.9,31.9,0.549,0.0,False
Jordan Sibert,ATL,2019,3.0,0.0,0.0,0.0,4.0,1.0,0.0,False
Ben Simmons,PHI,2019,16.9,8.8,7.7,3.5,34.2,0.563,0.0,False
Jonathon Simmons,2TM,2019,6.5,2.3,2.3,1.2,19.0,0.38,0.0,False
Jonathon Simmons,ORL,2019,6.9,2.4,2.3,1.4,20.6,0.364,0.0,False
Jonathon Simmons,PHI,2019,5.5,1.7,2.2,0.8,14.6,0.453,0.0,False
Kobi Simmons,CLE,2019,0.0,0.0,0.0,0.0,2.0,,0.0,False
Anfernee Simons,POR,2019,3.8,0.7,0.7,0.6,7.1,0.444,0.0,False
Marcus Smart,BOS,2019,8.9,2.9,4.0,1.5,27.5,0.422,0.0,False
Dennis Smith Jr.,2TM,2019,13.6,2.9,4.8,2.9,28.5,0.428,0.0,False
Dennis Smith Jr.,DAL,2019,12.9,3.0,4.3,3.1,28.4,0.44,0.0,False
Dennis Smith Jr.,NYK,2019,14.7,2.8,5.4,2.6,28.6,0.413,0.0,False
Ish Smith,DET,2019,8.9,2.6,3.6,1.1,22.3,0.419,0.0,False
Jason Smith,3TM,2019,3.3,2.6,0.7,0.7,9.5,0.356,0.0,False
Jason Smith,WAS,2019,3.7,3.1,1.0,0.6,10.8,0.405,0.0,False
Jason Smith,MIL,2019,2.2,1.8,0.2,0.8,6.7,0.308,0.0,False
Jason Smith,NOP,2019,4.0,2.0,0.5,0.5,10.0,0.222,0.0,False
J.R. Smith,CLE,2019,6.7,1.6,1.9,1.0,20.2,0.342,0.0,False
Zhaire Smith,PHI,2019,6.7,2.2,1.7,1.0,18.5,0.412,0.0,False
Tony Snell,MIL,2019,6.0,2.1,0.9,0.3,17.6,0.452,0.0,False
Ray Spalding,2TM,2019,3.9,3.4,0.4,0.6,10.6,0.532,0.0,False
Ray Spalding,DAL,2019,0.0,0.0,0.0,0.0,1.0,,0.0,False
Ray Spalding,PHO,2019,4.2,3.7,0.4,0.7,11.3,0.532,0.0,False
Omari Spellman,ATL,2019,5.9,4.2,1.0,0.7,17.5,0.402,0.0,False
Nik Stauskas,2TM,2019,5.9,1.9,1.2,0.8,14.9,0.402,0.0,False
Nik Stauskas,POR,2019,6.1,1.8,1.4,0.9,15.3,0.419,0.0,False
Nik Stauskas,CLE,2019,5.5,2.0,0.8,0.5,14.3,0.367,0.0,False
D.J. Stephens,MEM,2019,2.0,0.0,0.0,1.0,7.0,0.5,0.0,False
Lance Stephenson,LAL,2019,7.2,3.2,2.1,1.3,16.5,0.426,0.0,False
Edmond Sumner,IND,2019,2.9,1.0,0.4,0.4,9.1,0.344,0.0,False
Caleb Swanigan,2TM,2019,2.0,3.0,0.5,0.9,8.5,0.34,0.0,False
Caleb Swanigan,POR,2019,1.9,2.9,0.4,0.9,8.1,0.318,0.0,False
Caleb Swanigan,SAC,2019,2.7,4.0,1.3,0.7,11.0,0.444,0.0,False
Jayson Tatum,BOS,2019,15.7,6.0,2.1,1.5,31.1,0.45,0.0,False
Jeff Teague,MIN,2019,12.1,2.5,8.2,2.3,30.1,0.423,0.0,False
Garrett Temple,2TM,2019,7.8,2.9,1.4,0.9,27.2,0.422,0.0,False
Garrett Temple,MEM,2019,9.4,3.1,1.4,1.1,31.2,0.429,0.0,False
Garrett Temple,LAC,2019,4.7,2.5,1.4,0.6,19.6,0.396,0.0,False
Miloš Teodosić,LAC,2019,3.2,1.1,2.1,1.4,10.0,0.425,0.0,False
Jared Terrell,MIN,2019,2.2,0.4,0.9,0.7,7.9,0.308,0.0,False
Emanuel Terry,2TM,2019,3.3,2.3,0.7,0.7,7.7,0.571,0.0,False
Emanuel Terry,PHO,2019,4.5,3.0,0.5,1.0,10.0,0.667,0.0,False
Emanuel Terry,MIA,2019,1.0,1.0,1.0,0.0,3.0,0.0,0.0,False
Daniel Theis,BOS,2019,5.7,3.4,1.0,0.5,13.8,0.549,0.0,False
Isaiah Thomas,DEN,2019,8.1,1.1,1.9,1.5,15.1,0.343,0.0,False
Khyri Thomas,DET,2019,2.3,0.8,0.3,0.2,7.5,0.319,0.0,False
Lance Thomas,NYK,2019,4.5,2.5,0.6,0.5,17.0,0.396,0.0,False
Klay Thompson,GSW,2019,21.5,3.8,2.4,1.5,34.0,0.467,0.0,False
Tristan Thompson,CLE,2019,10.9,10.2,2.0,1.4,27.9,0.529,0.0,False
Sindarius Thornwell,LAC,2019,1.0,0.7,0.3,0.3,4.9,0.347,0.0,False
Anthony Tolliver,MIN,2019,5.0,2.7,0.7,0.6,16.6,0.382,0.0,False
Karl-Anthony Towns,MIN,2019,24.4,12.4,3.4,3.1,33.1,0.518,0.0,False
Gary Trent Jr.,POR,2019,2.7,0.7,0.3,0.3,7.4,0.32,0.0,False
Allonzo Trier,NYK,2019,10.9,3.1,1.9,1.8,22.8,0.448,0.0,False
P.J. Tucker,HOU,2019,7.3,5.8,1.2,0.8,34.2,0.396,0.0,False
Evan Turner,POR,2019,6.8,4.5,3.9,1.6,22.0,0.46,0.0,False
Myles Turner,IND,2019,13.3,7.2,1.6,1.4,28.6,0.487,0.0,False
Ekpe Udoh,UTA,2019,2.3,1.8,0.5,0.3,6.3,0.694,0.0,False
Tyler Ulis,CHI,2019,0.0,0.0,0.0,0.0,1.0,,0.0,False
Jonas Valančiūnas,2TM,2019,15.6,8.6,1.4,1.8,22.3,0.559,0.0,False
Jonas Valančiūnas,TOR,2019,12.8,7.2,1.0,1.3,18.8,0.575,0.0,False
Jonas Valančiūnas,MEM,2019,19.9,10.7,2.2,2.7,27.7,0.545,0.0,False
Jarred Vanderbilt,DEN,2019,1.4,1.4,0.2,0.5,4.1,0.474,0.0,False
Fred VanVleet,TOR,2019,11.0,2.6,4.8,1.3,27.5,0.41,0.0,False
Noah Vonleh,NYK,2019,8.4,7.8,1.9,1.3,25.3,0.47,0.0,False
Nikola Vučević,ORL,2019,20.8,12.0,3.8,2.0,31.4,0.518,0.0,False
Dwyane Wade,MIA,2019,15.0,4.0,4.2,2.3,26.2,0.433,0.0,False
Moritz Wagner,LAL,2019,4.8,2.0,0.6,0.9,10.4,0.415,0.0,False
Dion Waiters,MIA,2019,12.0,2.6,2.8,1.5,25.9,0.414,0.0,False
Kemba Walker,CHO,2019,25.6,4.4,5.9,2.6,34.9,0.434,0.0,False
Lonnie Walker IV,SAS,2019,2.6,1.0,0.5,0.2,6.9,0.348,0.0,False
Tyrone Wallace,LAC,2019,3.5,1.6,0.7,0.6,10.1,0.424,0.0,False
John Wall,WAS,2019,20.7,3.6,8.7,3.8,34.5,0.444,0.0,False
Brad Wanamaker,BOS,2019,3.9,1.1,1.6,0.5,9.5,0.476,0.0,False
T.J. Warren,PHO,2019,18.0,4.0,1.5,1.2,31.6,0.486,0.0,False
Julian Washburn,MEM,2019,2.2,2.3,0.8,0.4,14.1,0.333,0.0,False
Yuta Watanabe,MEM,2019,2.6,2.1,0.5,0.4,11.6,0.294,0.0,False
Thomas Welsh,DEN,2019,1.6,0.4,0.5,0.1,3.3,0.538,0.0,False
Russell Westbrook,OKC,2019,22.9,11.1,10.7,4.5,36.0,0.428,0.0,False
Derrick White,SAS,2019,9.9,3.7,3.9,1.4,25.8,0.479,0.0,False
Hassan Whiteside,MIA,2019,12.3,11.3,0.8,1.3,23.3,0.571,0.0,False
Okaro White,WAS,2019,0.0,0.7,0.0,0.0,2.0,0.0,0.0,False
Andrew Wiggins,MIN,2019,18.1,4.8,2.5,1.9,34.8,0.412,0.0,False
Alan Williams,BRK,2019,3.6,3.8,0.6,0.2,5.2,0.615,0.0,False
C.J. Williams,MIN,2019,2.6,0.5,0.8,0.3,8.5,0.486,0.0,False
Johnathan Williams,LAL,2019,6.5,4.1,0.5,0.7,15.5,0.591,0.0,False
Kenrich Williams,NOP,2019,6.1,4.8,1.8,0.8,23.5,0.384,0.0,False
Lou Williams,LAC,2019,20.0,3.0,5.4,2.4,26.6,0.425,0.0,False
Marvin Williams,CHO,2019,10.1,5.4,1.2,0.6,28.4,0.422,0.0,False
Robert Williams,BOS,2019,2.5,2.5,0.2,0.3,8.8,0.706,0.0,False
Troy Williams,SAC,2019,5.3,2.8,0.5,0.4,14.9,0.449,0.0,False
D.J. Wilson,MIL,2019,5.8,4.6,1.1,0.7,18.4,0.414,0.0,False
Justise Winslow,MIA,2019,12.6,5.4,4.3,2.2,29.7,0.433,0.0,False
Christian Wood,2TM,2019,8.2,4.0,0.4,0.8,12.0,0.521,0.0,False
Christian Wood,MIL,2019,2.8,1.5,0.2,0.2,4.8,0.48,0.0,False
Christian Wood,NOP,2019,16.9,7.9,0.8,1.8,23.6,0.533,0.0,False
Delon Wright,2TM,2019,8.7,3.5,3.3,1.0,22.7,0.434,0.0,False
Delon Wright,TOR,2019,6.9,2.6,2.2,0.8,18.3,0.433,0.0,False
Delon Wright,MEM,2019,12.2,5.4,5.3,1.5,30.8,0.434,0.0,False
Guerschon Yabusele,BOS,2019,2.3,1.3,0.4,0.4,6.1,0.455,0.0,False
Nick Young,DEN,2019,2.3,0.3,0.5,0.5,9.3,0.333,0.0,False
Thaddeus Young,IND,2019,12.6,6.5,2.5,1.5,30.7,0.527,0.0,False
Trae Young,ATL,2019,19.1,3.7,8.1,3.8,30.9,0.418,0.0,False
Cody Zeller,CHO,2019,10.1,6.8,2.1,1.3,25.4,0.551,0.0,False
Tyler Zeller,2TM,2019,7.7,4.0,0.7,0.7,15.5,0.533,0.0,False
Tyler Zeller,ATL,2019,0.0,3.0,0.5,0.0,5.5,0.0,0.0,False
Tyler Zeller,MEM,2019,11.5,4.5,0.8,1.0,20.5,0.571,0.0,False
Ante Žižić,CLE,2019,7.8,5.4,0.9,1.0,18.3,0.553,0.0,False
Ivica Zubac,2TM,2019,8.9,6.1,1.1,1.2,17.6,0.559,0.0,False
Ivica Zubac,LAL,2019,8.5,4.9,0.8,1.0,15.6,0.58,0.0,False
Ivica Zubac,LAC,2019,9.4,7.7,1.5,1.4,20.2,0.538,0.0,False
Álex Abrines,OKC,2018,4.7,1.5,0.4,0.3,15.1,0.395,0.0,False
Quincy Acy,BRK,2018,5.9,3.7,0.8,0.9,19.4,0.356,0.0,False
Steven Adams,OKC,2018,13.9,9.0,1.2,1.7,32.7,0.629,0.0,False
Bam Adebayo,MIA,2018,6.9,5.5,1.5,1.0,19.8,0.512,0.0,False
Arron Afflalo,ORL,2018,3.4,1.2,0.6,0.4,12.9,0.401,0.0,False
Cole Aldrich,MIN,2018,0.6,0.7,0.1,0.0,2.3,0.333,0.0,False
LaMarcus Aldridge,SAS,2018,23.1,8.5,2.0,1.5,33.5,0.51,0.0,False
Jarrett Allen,BRK,2018,8.2,5.4,0.7,1.1,20.0,0.589,0.0,False
Kadeem Allen,BOS,2018,1.1,0.6,0.7,0.5,5.9,0.273,0.0,False
Tony Allen,NOP,2018,4.7,2.1,0.4,0.9,12.4,0.484,0.0,False
Al-Farouq Aminu,POR,2018,9.3,7.6,1.2,1.1,30.0,0.395,0.0,False
Justin Anderson,PHI,2018,6.2,2.4,0.7,0.4,13.7,0.431,0.0,False
Kyle Anderson,SAS,2018,7.9,5.4,2.7,1.3,26.7,0.527,0.0,False
Ryan Anderson,HOU,2018,9.3,5.0,0.9,0.6,26.1,0.431,0.0,False
Ike Anigbogu,IND,2018,1.2,0.8,0.0,0.2,2.7,0.444,0.0,False
Giannis Antetokounmpo,MIL,2018,26.9,10.0,4.8,3.0,36.7,0.529,0.0,False
Carmelo Anthony,OKC,2018,16.2,5.8,1.3,1.3,32.1,0.404,0.0,False
OG Anunoby,TOR,2018,5.9,2.5,0.7,0.6,20.0,0.471,0.0,False
Ryan Arcidiacono,CHI,2018,2.0,1.0,1.5,0.5,12.7,0.415,0.0,False
Trevor Ariza,HOU,2018,11.7,4.4,1.6,0.8,33.9,0.412,0.0,False
Darrell Arthur,DEN,2018,2.8,0.8,0.5,0.8,7.4,0.468,0.0,False
Jamel Artis,ORL,2018,5.1,2.5,1.2,0.5,18.6,0.392,0.0,False
Ömer Aşık,2TM,2018,1.2,2.6,0.2,0.5,10.1,0.409,0.0,False
Ömer Aşık,NOP,2018,1.3,2.6,0.1,0.4,8.6,0.438,0.0,False
Ömer Aşık,CHI,2018,1.0,2.5,0.3,1.0,15.3,0.333,0.0,False
D.J. Augustin,ORL,2018,10.2,2.1,3.8,1.6,23.5,0.452,0.0,False
Luke Babbitt,2TM,2018,5.2,1.9,0.6,0.4,14.3,0.423,0.0,False
Luke Babbitt,ATL,2018,6.1,2.2,0.7,0.4,15.4,0.476,0.0,False
Luke Babbitt,MIA,2018,2.5,1.2,0.4,0.3,11.2,0.234,0.0,False
Dwayne Bacon,CHO,2018,3.3,2.3,0.7,0.4,13.5,0.375,0.0,False
Ron Baker,NYK,2018,2.4,1.0,1.6,0.6,13.3,0.339,0.0,False
Wade Baldwin,POR,2018,5.4,1.1,0.7,0.6,11.4,0.667,0.0,False
Lonzo Ball,LAL,2018,10.2,6.9,7.2,2.6,34.2,0.36,0.0,False
J.J. Barea,DAL,2018,11.6,2.9,6.3,2.1,23.2,0.439,0.0,False
Harrison Barnes,DAL,2018,18.9,6.1,2.0,1.5,34.2,0.445,0.0,False
Will Barton,DEN,2018,15.7,5.0,4.1,1.8,33.1,0.452,0.0,False
Nicolas Batum,CHO,2018,11.6,4.8,5.5,2.0,31.0,0.415,0.0,False
Jerryd Bayless,PHI,2018,7.9,2.1,1.4,1.2,23.7,0.416,0.0,False
Aron Baynes,BOS,2018,6.0,5.4,1.1,1.0,18.3,0.471,0.0,False
Kent Bazemore,ATL,2018,12.9,3.8,3.5,2.4,27.5,0.42,0.0,False
Bradley Beal,WAS,2018,22.6,4.4,4.5,2.6,36.3,0.46,0.0,False
Malik Beasley,DEN,2018,3.2,1.1,0.5,0.4,9.4,0.41,0.0,False
Michael Beasley,NYK,2018,13.2,5.6,1.7,1.9,22.3,0.507,0.0,False
Marco Belinelli,2TM,2018,12.1,1.9,1.9,1.2,24.3,0.441,0.0,False
Marco Belinelli,ATL,2018,11.4,1.9,2.0,1.0,23.3,0.41,0.0,False
Marco Belinelli,PHI,2018,13.6,1.8,1.6,1.4,26.3,0.495,0.0,False
Jordan Bell,GSW,2018,4.6,3.6,1.8,0.9,14.2,0.627,0.0,False
DeAndre' Bembry,ATL,2018,5.2,2.8,1.9,1.8,17.5,0.414,0.0,False
Dragan Bender,PHO,2018,6.5,4.4,1.6,1.4,25.2,0.386,0.0,False
Dāvis Bertāns,SAS,2018,5.9,2.0,1.0,0.5,14.1,0.44,0.0,False
Patrick Beverley,LAC,2018,12.2,4.1,2.9,2.3,30.4,0.403,0.0,False
Khem Birch,ORL,2018,4.2,4.3,0.8,0.5,13.8,0.54,0.0,False
Jabari Bird,BOS,2018,3.0,1.5,0.6,0.6,8.8,0.577,0.0,False
Bismack Biyombo,ORL,2018,5.7,5.7,0.8,1.0,18.2,0.52,0.0,False
Nemanja Bjelica,MIN,2018,6.8,4.1,1.3,0.8,20.5,0.461,0.0,False
Tarik Black,HOU,2018,3.5,3.2,0.3,0.7,10.5,0.591,0.0,False
Antonio Blakeney,CHI,2018,7.9,1.7,1.1,0.6,16.5,0.371,0.0,False
Eric Bledsoe,2TM,2018,17.7,3.8,5.0,2.9,31.4,0.473,0.0,False
Eric Bledsoe,PHO,2018,15.7,2.3,3.0,3.3,27.7,0.4,0.0,False
Eric Bledsoe,MIL,2018,17.8,3.9,5.1,2.9,31.5,0.476,0.0,False
Vander Blue,LAL,2018,0.6,0.2,0.6,0.6,9.0,0.2,0.0,False
Bogdan Bogdanović,SAC,2018,11.8,2.9,3.3,1.6,27.9,0.446,0.0,False
Bojan Bogdanović,IND,2018,14.3,3.4,1.5,1.3,30.8,0.474,0.0,False
Andrew Bogut,LAL,2018,1.5,3.3,0.6,0.8,9.0,0.68,0.0,False
Joel Bolomboy,MIL,2018,1.5,1.7,0.0,0.3,6.3,0.5,0.0,False
Devin Booker,PHO,2018,24.9,4.5,4.7,3.6,34.5,0.432,0.0,False
Trevor Booker,3TM,2018,6.3,4.7,1.2,0.9,17.0,0.516,0.0,False
Trevor Booker,BRK,2018,10.1,6.6,2.1,1.7,21.9,0.513,0.0,False
Trevor Booker,PHI,2018,4.7,3.7,0.8,0.6,15.0,0.56,0.0,False
Trevor Booker,IND,2018,5.4,4.5,1.0,0.5,15.8,0.464,0.0,False
Chris Boucher,GSW,2018,0.0,1.0,0.0,0.0,1.0,0.0,0.0,False
Avery Bradley,2TM,2018,14.3,2.5,2.0,2.2,31.2,0.414,0.0,False
Avery Bradley,DET,2018,15.0,2.4,2.1,2.3,31.7,0.409,0.0,False
Avery Bradley,LAC,2018,9.2,3.7,1.8,1.3,27.5,0.473,0.0,False
Tony Bradley,UTA,2018,0.9,1.2,0.1,0.0,3.2,0.273,0.0,False
Corey Brewer,2TM,2018,5.3,2.1,0.9,0.7,16.8,0.449,0.0,False
Corey Brewer,LAL,2018,3.7,1.7,0.8,0.7,12.9,0.453,0.0,False
Corey Brewer,OKC,2018,10.1,3.4,1.3,0.6,28.6,0.444,0.0,False
Malcolm Brogdon,MIL,2018,13.0,3.3,3.2,1.4,29.9,0.485,0.0,False
Aaron Brooks,MIN,2018,2.3,0.5,0.6,0.3,5.9,0.406,0.0,False
Dillon Brooks,MEM,2018,11.0,3.1,1.6,1.5,28.7,0.44,0.0,False
MarShon Brooks,MEM,2018,20.1,3.0,3.6,2.3,27.6,0.5,0.0,False
Anthony Brown,MIN,2018,3.0,0.0,1.0,0.0,4.0,1.0,0.0,False
Bobby Brown,HOU,2018,2.5,0.4,0.6,0.5,5.8,0.328,0.0,False
Jaylen Brown,BOS,2018,14.5,4.9,1.6,1.8,30.7,0.465,0.0,False
Lorenzo Brown,TOR,2018,2.3,1.1,0.9,0.2,9.9,0.412,0.0,False
Markel Brown,HOU,2018,1.3,1.3,0.5,0.5,7.8,0.286,0.0,False
Sterling Brown,MIL,2018,4.0,2.6,0.5,0.5,14.4,0.4,0.0,False
Nicolás Brussino,ATL,2018,0.0,0.8,0.0,0.0,2.5,0.0,0.0,False
Thomas Bryant,LAL,2018,1.5,1.1,0.4,0.1,4.8,0.381,0.0,False
Reggie Bullock,DET,2018,11.3,2.5,1.5,0.8,27.9,0.489,0.0,False
Trey Burke,NYK,2018,12.8,2.0,4.7,1.2,21.8,0.503,0.0,False
Alec Burks,UTA,2018,7.7,3.0,1.0,0.9,16.5,0.411,0.0,False
Jimmy Butler,MIN,2018,22.2,5.3,4.9,1.8,36.7,0.474,0.0,False
Dwight Buycks,DET,2018,7.4,1.4,2.0,1.3,14.7,0.414,0.0,False
Bruno Caboclo,2TM,2018,2.2,1.8,0.3,0.3,8.9,0.29,0.0,False
Bruno Caboclo,TOR,2018,0.0,0.5,0.5,0.0,3.5,0.0,0.0,False
Bruno Caboclo,SAC,2018,2.6,2.1,0.3,0.4,10.0,0.31,0.0,False
José Calderón,CLE,2018,4.5,1.5,2.1,0.7,16.0,0.503,0.0,False
Kentavious Caldwell-Pope,LAL,2018,13.4,5.2,2.2,1.3,33.2,0.426,0.0,False
Isaiah Canaan,2TM,2018,8.6,2.3,3.8,1.5,21.1,0.38,0.0,False
Isaiah Canaan,HOU,2018,0.0,1.0,0.0,0.0,4.0,0.0,0.0,False
Isaiah Canaan,PHO,2018,9.1,2.3,4.0,1.5,22.0,0.382,0.0,False
Clint Capela,HOU,2018,13.9,10.8,0.9,1.4,27.5,0.652,0.0,False
DeMarre Carroll,BRK,2018,13.5,6.6,2.0,1.4,29.9,0.414,0.0,False
Michael Carter-Williams,CHO,2018,4.6,2.7,2.2,1.0,16.1,0.332,0.0,False
Vince Carter,SAC,2018,5.4,2.6,1.2,0.6,17.7,0.403,0.0,False
Alex Caruso,LAL,2018,3.6,1.8,2.0,1.1,15.2,0.431,0.0,False
Omri Casspi,GSW,2018,5.7,3.8,1.0,0.7,14.0,0.58,0.0,False
Willie Cauley-Stein,SAC,2018,12.8,7.0,2.4,1.5,28.0,0.502,0.0,False
Tyler Cavanaugh,ATL,2018,4.7,3.3,0.7,0.4,13.3,0.441,0.0,False
Mario Chalmers,MEM,2018,7.7,2.4,3.0,1.8,21.5,0.379,0.0,False
Tyson Chandler,PHO,2018,6.5,9.1,1.2,1.3,25.0,0.647,0.0,False
Wilson Chandler,DEN,2018,10.0,5.4,2.1,1.2,31.7,0.445,0.0,False
Marquese Chriss,PHO,2018,7.7,5.5,1.2,1.5,21.2,0.423,0.0,False
Ian Clark,NOP,2018,7.4,1.7,1.5,0.8,19.7,0.448,0.0,False
Jordan Clarkson,2TM,2018,13.9,2.7,2.7,1.6,23.3,0.451,0.0,False
Jordan Clarkson,LAL,2018,14.5,3.0,3.3,1.8,23.7,0.448,0.0,False
Jordan Clarkson,CLE,2018,12.6,2.1,1.7,1.1,22.6,0.456,0.0,False
Gian Clavell,DAL,2018,2.9,1.0,0.4,0.3,9.1,0.333,0.0,False
Antonius Cleveland,2TM,2018,1.4,0.8,0.1,0.4,7.2,0.381,0.0,False
Antonius Cleveland,DAL,2018,0.8,0.8,0.2,0.2,6.2,0.286,0.0,False
Antonius Cleveland,ATL,2018,3.3,1.0,0.0,1.3,10.5,0.571,0.0,False
Darren Collison,IND,2018,12.4,2.6,5.3,1.2,29.2,0.495,0.0,False
John Collins,ATL,2018,10.5,7.3,1.3,1.4,24.1,0.576,0.0,False
Kyle Collinsworth,DAL,2018,3.2,3.3,1.8,0.8,15.0,0.384,0.0,False
Nick Collison,OKC,2018,2.1,1.3,0.3,0.5,5.0,0.684,0.0,False
Zach Collins,POR,2018,4.4,3.3,0.8,0.9,15.8,0.398,0.0,False
Mike Conley,MEM,2018,17.1,2.3,4.1,1.5,31.1,0.381,0.0,False
Pat Connaughton,POR,2018,5.4,2.0,1.1,0.5,18.1,0.423,0.0,False
Charles Cooke,NOP,2018,0.5,0.2,0.1,0.1,2.9,0.143,0.0,False
Quinn Cook,GSW,2018,9.5,2.5,2.7,1.0,22.4,0.484,0.0,False
Jack Cooley,SAC,2018,5.7,4.3,0.9,0.4,12.4,0.481,0.0,False
Matt Costello,SAS,2018,1.0,2.3,0.5,0.3,8.0,0.5,0.0,False
DeMarcus Cousins,NOP,2018,25.2,12.9,5.4,5.0,36.2,0.47,0.0,False
Robert Covington,PHI,2018,12.6,5.4,2.0,1.6,31.7,0.413,0.0,False
Allen Crabbe,BRK,2018,13.2,4.3,1.6,1.0,29.3,0.407,0.0,False
Torrey Craig,DEN,2018,4.2,3.3,0.6,0.5,16.1,0.453,0.0,False
Jamal Crawford,MIN,2018,10.3,1.2,2.3,1.2,20.7,0.415,0.0,False
Jordan Crawford,NOP,2018,6.6,0.8,2.6,1.0,10.6,0.444,0.0,False
Jae Crowder,2TM,2018,9.7,3.4,1.2,0.9,26.1,0.404,0.0,False
Jae Crowder,CLE,2018,8.6,3.3,1.1,0.8,25.4,0.418,0.0,False
Jae Crowder,UTA,2018,11.8,3.8,1.5,1.2,27.6,0.386,0.0,False
Dante Cunningham,2TM,2018,5.7,4.1,0.7,0.5,21.4,0.451,0.0,False
Dante Cunningham,NOP,2018,5.0,3.8,0.5,0.3,21.9,0.44,0.0,False
Dante Cunningham,BRK,2018,7.5,4.8,1.0,0.8,20.3,0.468,0.0,False
Stephen Curry,GSW,2018,26.4,5.1,6.1,3.0,32.0,0.495,0.0,False
Troy Daniels,PHO,2018,8.9,1.6,0.6,0.7,20.5,0.403,0.0,False
Anthony Davis,NOP,2018,28.1,11.1,2.3,2.2,36.4,0.534,0.0,False
Deyonta Davis,MEM,2018,5.8,4.0,0.6,0.5,15.2,0.608,0.0,False
Ed Davis,POR,2018,5.3,7.4,0.5,0.8,18.9,0.582,0.0,False
Dewayne Dedmon,ATL,2018,10.0,7.9,1.5,1.4,24.9,0.524,0.0,False
Sam Dekker,LAC,2018,4.2,2.4,0.5,0.5,12.1,0.494,0.0,False
Malcolm Delaney,ATL,2018,6.3,1.9,3.0,1.2,18.8,0.382,0.0,False
Matthew Dellavedova,MIL,2018,4.3,1.7,3.8,1.3,18.7,0.362,0.0,False
Luol Deng,LAL,2018,2.0,0.0,1.0,1.0,13.0,0.5,0.0,False
DeMar DeRozan,TOR,2018,23.0,3.9,5.2,2.2,33.9,0.456,0.0,False
Cheick Diallo,NOP,2018,4.9,4.1,0.4,0.5,11.2,0.58,0.0,False
Gorgui Dieng,MIN,2018,5.9,4.6,0.9,0.7,16.9,0.479,0.0,False
Spencer Dinwiddie,BRK,2018,12.6,3.2,6.6,1.6,28.8,0.387,0.0,False
Tyler Dorsey,ATL,2018,7.2,2.3,1.4,0.7,17.4,0.377,0.0,False
Damyean Dotson,NYK,2018,4.1,1.9,0.7,0.4,10.8,0.447,0.0,False
Milton Doyle,BRK,2018,3.4,1.8,1.0,0.2,12.5,0.277,0.0,False
PJ Dozier,OKC,2018,1.0,0.5,0.0,0.5,1.5,0.5,0.0,False
Goran Dragić,MIA,2018,17.3,4.1,4.8,2.2,31.7,0.45,0.0,False
Larry Drew II,2TM,2018,1.7,0.3,1.0,0.3,7.0,0.292,0.0,False
Larry Drew II,PHI,2018,0.7,0.3,0.7,0.3,5.0,0.143,0.0,False
Larry Drew II,NOP,2018,2.1,0.3,1.1,0.3,7.9,0.353,0.0,False
Andre Drummond,DET,2018,15.0,16.0,3.0,2.6,33.7,0.529,0.0,False
Jared Dudley,PHO,2018,3.2,2.0,1.6,0.6,14.3,0.393,0.0,False
Kris Dunn,CHI,2018,13.4,4.3,6.0,2.9,29.3,0.429,0.0,False
Kevin Durant,GSW,2018,26.4,6.8,5.4,3.0,34.2,0.516,0.0,False
Jarell Eddie,2TM,2018,0.0,0.3,0.0,0.0,3.0,0.0,0.0,False
Jarell Eddie,BOS,2018,0.0,0.5,0.0,0.0,3.0,0.0,0.0,False
Jarell Eddie,CHI,2018,0.0,0.0,0.0,0.0,3.0,0.0,0.0,False
Henry Ellenson,DET,2018,4.0,2.1,0.5,0.5,8.7,0.363,0.0,False
Wayne Ellington,MIA,2018,11.2,2.8,1.0,0.7,26.5,0.407,0.0,False
Joel Embiid,PHI,2018,22.9,11.0,3.2,3.7,30.3,0.483,0.0,False
James Ennis III,2TM,2018,7.1,3.1,1.0,0.8,22.3,0.474,0.0,False
James Ennis III,MEM,2018,6.9,3.5,1.1,0.8,23.4,0.486,0.0,False
James Ennis III,DET,2018,7.5,2.5,0.8,0.7,20.4,0.457,0.0,False
Tyler Ennis,LAL,2018,4.1,1.8,1.9,0.7,12.6,0.42,0.0,False
Jawun Evans,LAC,2018,4.8,1.8,2.1,0.9,16.2,0.352,0.0,False
Jeremy Evans,ATL,2018,2.0,1.0,0.0,1.0,5.0,1.0,0.0,False
Tyreke Evans,MEM,2018,19.4,5.1,5.2,2.3,30.9,0.452,0.0,False
Dante Exum,UTA,2018,8.1,1.9,3.1,1.4,16.8,0.483,0.0,False
Kenneth Faried,DEN,2018,5.9,4.8,0.6,0.7,14.4,0.514,0.0,False
Derrick Favors,UTA,2018,12.3,7.2,1.3,1.1,28.0,0.563,0.0,False
Kay Felder,2TM,2018,3.6,1.1,1.3,1.0,8.8,0.3,0.0,False
Kay Felder,CHI,2018,3.9,1.0,1.4,1.1,9.6,0.303,0.0,False
Kay Felder,DET,2018,1.0,2.0,0.0,0.5,3.0,0.25,0.0,False
Cristiano Felício,CHI,2018,5.6,4.2,1.0,1.0,17.8,0.591,0.0,False
Raymond Felton,OKC,2018,6.9,1.9,2.5,0.9,16.6,0.406,0.0,False
Terrance Ferguson,OKC,2018,3.1,0.8,0.3,0.2,12.5,0.414,0.0,False
Yogi Ferrell,DAL,2018,10.2,3.0,2.5,1.0,27.8,0.426,0.0,False
Dorian Finney-Smith,DAL,2018,5.9,3.6,1.2,1.0,21.3,0.38,0.0,False
Bryn Forbes,SAS,2018,6.9,1.4,1.0,0.5,19.0,0.421,0.0,False
Evan Fournier,ORL,2018,17.8,3.2,2.9,1.7,32.2,0.459,0.0,False
De'Aaron Fox,SAC,2018,11.6,2.8,4.4,2.4,27.8,0.412,0.0,False
Tim Frazier,WAS,2018,3.0,1.9,3.3,1.0,14.2,0.395,0.0,False
Channing Frye,2TM,2018,5.0,2.5,0.7,0.4,13.1,0.491,0.0,False
Channing Frye,CLE,2018,4.8,2.5,0.6,0.4,12.4,0.497,0.0,False
Channing Frye,LAL,2018,5.8,2.8,1.1,0.4,16.7,0.465,0.0,False
Markelle Fultz,PHI,2018,7.1,3.1,3.8,1.2,18.1,0.405,0.0,False
Danilo Gallinari,LAC,2018,15.3,4.8,2.0,1.2,32.0,0.398,0.0,False
Langston Galloway,DET,2018,6.2,1.6,1.0,0.3,14.9,0.371,0.0,False
Marc Gasol,MEM,2018,17.2,8.1,4.2,2.7,33.0,0.42,0.0,False
Pau Gasol,SAS,2018,10.1,8.0,3.1,1.4,23.5,0.458,0.0,False
Rudy Gay,SAS,2018,11.5,5.1,1.3,1.4,21.6,0.471,0.0,False
Marcus Georges-Hunt,MIN,2018,1.4,0.4,0.2,0.1,5.3,0.438,0.0,False
Paul George,OKC,2018,21.9,5.7,3.3,2.7,36.6,0.43,0.0,False
Jonathan Gibson,BOS,2018,8.5,0.8,1.0,0.8,10.0,0.609,0.0,False
Taj Gibson,MIN,2018,12.2,7.1,1.2,1.1,33.2,0.577,0.0,False
Manu Ginóbili,SAS,2018,8.9,2.2,2.5,1.6,20.0,0.434,0.0,False
Rudy Gobert,UTA,2018,13.5,10.7,1.4,1.9,32.4,0.622,0.0,False
Aaron Gordon,ORL,2018,17.6,7.9,2.3,1.8,32.9,0.434,0.0,False
Eric Gordon,HOU,2018,18.0,2.5,2.2,1.9,31.2,0.428,0.0,False
Marcin Gortat,WAS,2018,8.4,7.6,1.8,1.2,25.3,0.518,0.0,False
Treveon Graham,CHO,2018,4.3,1.9,0.9,0.4,16.7,0.434,0.0,False
Jerami Grant,OKC,2018,8.4,3.9,0.7,0.7,20.3,0.535,0.0,False
Jerian Grant,CHI,2018,8.4,2.3,4.6,1.2,22.8,0.416,0.0,False
Josh Gray,PHO,2018,6.4,2.0,2.4,1.4,17.2,0.268,0.0,False
Danny Green,SAS,2018,8.6,3.6,1.6,1.1,25.6,0.387,0.0,False
Draymond Green,GSW,2018,11.0,7.6,7.3,2.9,32.7,0.454,0.0,False
Gerald Green,HOU,2018,12.1,3.2,0.6,0.8,22.7,0.407,0.0,False
JaMychal Green,MEM,2018,10.3,8.4,1.4,1.4,28.0,0.457,0.0,False
Jeff Green,CLE,2018,10.8,3.2,1.3,1.0,23.4,0.477,0.0,False
Blake Griffin,2TM,2018,21.4,7.4,5.8,2.8,34.0,0.438,0.0,False
Blake Griffin,LAC,2018,22.6,7.9,5.4,3.0,34.5,0.441,0.0,False
Blake Griffin,DET,2018,19.8,6.6,6.2,2.6,33.2,0.433,0.0,False
Daniel Hamilton,OKC,2018,2.0,0.8,1.3,0.3,4.7,0.455,0.0,False
Tim Hardaway Jr.,NYK,2018,17.5,3.9,2.7,1.6,33.1,0.421,0.0,False
James Harden,HOU,2018,30.4,5.4,8.8,4.4,35.4,0.449,0.0,False
Maurice Harkless,POR,2018,6.5,2.7,0.9,0.7,21.4,0.495,0.0,False
Montrezl Harrell,LAC,2018,11.0,4.0,1.0,0.9,17.0,0.635,0.0,False
Aaron Harrison,DAL,2018,6.7,2.7,1.2,0.3,25.9,0.275,0.0,False
Andrew Harrison,MEM,2018,9.5,2.3,3.2,1.4,23.7,0.422,0.0,False
Devin Harris,2TM,2018,8.4,1.8,2.1,1.1,18.9,0.412,0.0,False
Devin Harris,DAL,2018,8.5,1.9,1.9,1.1,18.3,0.415,0.0,False
Devin Harris,DEN,2018,8.2,1.6,2.5,1.0,19.7,0.406,0.0,False
Gary Harris,DEN,2018,17.5,2.6,2.9,1.8,34.4,0.485,0.0,False
Joe Harris,BRK,2018,10.8,3.3,1.6,1.2,25.3,0.491,0.0,False
Shaquille Harrison,PHO,2018,6.6,2.7,2.4,1.0,16.7,0.476,0.0,False
Tobias Harris,2TM,2018,18.6,5.5,2.4,1.3,33.4,0.46,0.0,False
Tobias Harris,DET,2018,18.1,5.1,2.0,1.1,32.6,0.451,0.0,False
Tobias Harris,LAC,2018,19.3,6.0,3.1,1.7,34.5,0.473,0.0,False
Josh Hart,LAL,2018,7.9,4.2,1.3,0.7,23.2,0.469,0.0,False
Udonis Haslem,MIA,2018,0.6,0.7,0.4,0.1,5.1,0.2,0.0,False
Nigel Hayes,3TM,2018,3.0,2.4,0.7,0.2,13.6,0.333,0.0,False
Nigel Hayes,LAL,2018,1.5,0.0,1.0,0.0,5.5,0.333,0.0,False
Nigel Hayes,TOR,2018,3.0,0.0,0.0,0.5,3.0,1.0,0.0,False
Nigel Hayes,SAC,2018,3.6,4.4,0.8,0.2,21.0,0.286,0.0,False
Gordon Hayward,BOS,2018,2.0,1.0,0.0,0.0,5.0,0.5,0.0,False
Reggie Hearn,DET,2018,1.0,0.0,0.0,0.0,2.3,0.5,0.0,False
Myke Henry,MEM,2018,5.4,1.9,1.1,1.0,18.9,0.376,0.0,False
John Henson,MIL,2018,8.8,6.8,1.5,1.1,25.9,0.572,0.0,False
Juancho Hernangómez,DEN,2018,3.3,2.2,0.5,0.4,11.1,0.387,0.0,False
Willy Hernangómez,2TM,2018,5.1,3.8,0.7,0.7,10.3,0.555,0.0,False
Willy Hernangómez,NYK,2018,4.3,2.6,0.8,1.0,9.0,0.605,0.0,False
Willy Hernangómez,CHO,2018,6.1,5.3,0.5,0.4,11.9,0.506,0.0,False
Mario Hezonja,ORL,2018,9.6,3.7,1.4,1.1,22.1,0.442,0.0,False
Isaiah Hicks,NYK,2018,4.4,2.3,0.9,0.9,13.3,0.458,0.0,False
Buddy Hield,SAC,2018,13.5,3.8,1.9,1.6,25.3,0.446,0.0,False
Nenê,HOU,2018,6.5,3.4,0.9,0.7,14.6,0.569,0.0,False
George Hill,2TM,2018,10.0,2.7,2.8,1.3,27.0,0.46,0.0,False
George Hill,SAC,2018,10.3,2.7,2.8,1.4,26.6,0.469,0.0,False
George Hill,CLE,2018,9.4,2.7,2.8,1.2,27.9,0.444,0.0,False
Darrun Hilliard,SAS,2018,1.1,0.5,0.8,0.3,6.8,0.263,0.0,False
Solomon Hill,NOP,2018,2.4,3.0,1.8,0.8,15.6,0.268,0.0,False
Jrue Holiday,NOP,2018,19.0,4.5,6.0,2.6,36.1,0.494,0.0,False
Justin Holiday,CHI,2018,12.2,4.0,2.1,1.3,31.5,0.371,0.0,False
John Holland,CLE,2018,2.3,1.0,0.2,0.3,7.3,0.288,0.0,False
Rondae Hollis-Jefferson,BRK,2018,13.9,6.8,2.5,1.8,28.2,0.472,0.0,False
Richaun Holmes,PHI,2018,6.5,4.4,1.3,0.5,15.5,0.56,0.0,False
Rodney Hood,2TM,2018,14.7,2.8,1.6,1.2,26.9,0.429,0.0,False
Rodney Hood,UTA,2018,16.8,2.8,1.7,1.6,27.8,0.424,0.0,False
Rodney Hood,CLE,2018,10.8,2.6,1.4,0.3,25.3,0.442,0.0,False
Scotty Hopson,DAL,2018,1.0,0.0,1.0,1.0,8.0,0.0,0.0,False
Al Horford,BOS,2018,12.9,7.4,4.7,1.8,31.6,0.489,0.0,False
Danuel House Jr.,PHO,2018,6.6,3.3,1.1,0.5,17.5,0.434,0.0,False
Dwight Howard,CHO,2018,16.6,12.5,1.3,2.6,30.4,0.555,0.0,False
Josh Huestis,OKC,2018,2.3,2.3,0.3,0.4,14.2,0.33,0.0,False
R.J. Hunter,HOU,2018,3.8,1.0,0.6,0.4,9.0,0.35,0.0,False
Vince Hunter,MEM,2018,1.5,0.8,0.0,0.3,1.8,0.6,0.0,False
Serge Ibaka,TOR,2018,12.6,6.3,0.8,1.2,27.5,0.483,0.0,False
Andre Iguodala,GSW,2018,6.0,3.8,3.3,1.0,25.3,0.463,0.0,False
Ersan İlyasova,2TM,2018,10.9,5.9,1.3,1.0,25.1,0.452,0.0,False
Ersan İlyasova,ATL,2018,10.9,5.5,1.1,0.9,25.5,0.459,0.0,False
Ersan İlyasova,PHI,2018,10.8,6.7,1.7,1.3,24.1,0.439,0.0,False
Joe Ingles,UTA,2018,11.5,4.2,4.8,1.9,31.4,0.467,0.0,False
Andre Ingram,LAL,2018,12.0,3.0,3.5,1.5,32.0,0.471,0.0,False
Brandon Ingram,LAL,2018,16.1,5.3,3.9,2.5,33.5,0.47,0.0,False
Kyrie Irving,BOS,2018,24.4,3.8,5.1,2.3,32.2,0.491,0.0,False
Jonathan Isaac,ORL,2018,5.4,3.7,0.7,1.0,19.9,0.379,0.0,False
Wes Iwundu,ORL,2018,3.7,2.2,0.9,0.5,16.5,0.427,0.0,False
Jarrett Jack,NYK,2018,7.5,3.1,5.6,1.9,25.0,0.427,0.0,False
Aaron Jackson,HOU,2018,8.0,3.0,1.0,1.0,35.0,0.333,0.0,False
Demetrius Jackson,2TM,2018,1.1,0.8,0.6,0.7,5.3,0.389,0.0,False
Demetrius Jackson,HOU,2018,0.7,0.9,0.4,0.8,5.3,0.286,0.0,False
Demetrius Jackson,PHI,2018,2.7,0.3,1.3,0.3,5.7,0.75,0.0,False
Josh Jackson,PHO,2018,13.1,4.6,1.5,1.9,25.4,0.417,0.0,False
Justin Jackson,SAC,2018,6.7,2.8,1.1,0.6,22.1,0.442,0.0,False
Reggie Jackson,DET,2018,14.6,2.8,5.3,2.2,26.7,0.426,0.0,False
LeBron James,CLE,2018,27.5,8.6,9.1,4.2,36.9,0.542,0.0,False
Mike James,2TM,2018,9.3,2.5,3.5,1.4,19.1,0.383,0.0,False
Mike James,PHO,2018,10.4,2.8,3.8,1.5,20.9,0.388,0.0,False
Mike James,NOP,2018,1.0,0.3,1.5,0.3,4.5,0.222,0.0,False
Al Jefferson,IND,2018,7.0,4.0,0.8,0.6,13.4,0.534,0.0,False
Richard Jefferson,DEN,2018,1.5,0.9,0.8,0.3,8.2,0.444,0.0,False
Brandon Jennings,MIL,2018,5.2,2.2,3.1,1.3,14.6,0.375,0.0,False
Jonas Jerebko,UTA,2018,5.8,3.3,0.6,0.4,15.3,0.466,0.0,False
Amir Johnson,PHI,2018,4.6,4.5,1.6,0.7,15.8,0.538,0.0,False
Brice Johnson,2TM,2018,2.4,1.7,0.1,0.3,5.4,0.476,0.0,False
Brice Johnson,LAC,2018,1.8,1.4,0.1,0.4,4.2,0.636,0.0,False
Brice Johnson,MEM,2018,3.0,2.0,0.1,0.1,6.7,0.419,0.0,False
Dakari Johnson,OKC,2018,1.8,1.1,0.3,0.1,5.2,0.564,0.0,False
James Johnson,MIA,2018,10.8,4.9,3.8,1.9,26.6,0.503,0.0,False
Joe Johnson,2TM,2018,6.8,3.1,1.5,0.9,21.9,0.406,0.0,False
Joe Johnson,UTA,2018,7.3,3.3,1.4,1.0,21.9,0.42,0.0,False
Joe Johnson,HOU,2018,6.0,2.8,1.7,0.8,22.0,0.381,0.0,False
Omari Johnson,MEM,2018,5.5,2.8,1.8,0.8,18.8,0.429,0.0,False
Stanley Johnson,DET,2018,8.7,3.7,1.6,1.1,27.4,0.375,0.0,False
Tyler Johnson,MIA,2018,11.7,3.4,2.3,1.1,28.5,0.435,0.0,False
Wesley Johnson,LAC,2018,5.4,2.9,0.8,0.7,20.1,0.408,0.0,False
Nikola Jokić,DEN,2018,18.5,10.7,6.1,2.8,32.6,0.499,0.0,False
Damian Jones,GSW,2018,1.7,0.9,0.1,0.3,5.9,0.5,0.0,False
Derrick Jones Jr.,2TM,2018,3.1,1.9,0.5,0.4,12.3,0.396,0.0,False
Derrick Jones Jr.,PHO,2018,1.5,0.7,0.5,0.2,5.5,0.5,0.0,False
Derrick Jones Jr.,MIA,2018,3.7,2.4,0.4,0.4,15.1,0.388,0.0,False
Jalen Jones,2TM,2018,4.6,2.4,0.3,0.4,11.3,0.382,0.0,False
Jalen Jones,NOP,2018,1.3,0.8,0.0,0.0,4.8,0.25,0.0,False
Jalen Jones,DAL,2018,5.8,2.9,0.3,0.6,13.5,0.391,0.0,False
Tyus Jones,MIN,2018,5.1,1.6,2.8,0.7,17.9,0.457,0.0,False
DeAndre Jordan,LAC,2018,12.0,15.2,1.5,1.8,31.5,0.645,0.0,False
Cory Joseph,IND,2018,7.9,3.2,3.2,1.1,27.0,0.424,0.0,False
Frank Kaminsky,CHO,2018,11.1,3.6,1.6,0.8,23.2,0.429,0.0,False
Enes Freedom,NYK,2018,14.1,11.0,1.5,1.7,25.8,0.592,0.0,False
Luke Kennard,DET,2018,7.6,2.4,1.7,0.9,20.0,0.443,0.0,False
Michael Kidd-Gilchrist,CHO,2018,9.2,4.1,1.0,0.7,25.0,0.504,0.0,False
Sean Kilpatrick,4TM,2018,6.3,1.7,0.9,0.7,12.3,0.374,0.0,False
Sean Kilpatrick,BRK,2018,4.9,2.2,0.9,1.0,11.4,0.287,0.0,False
Sean Kilpatrick,MIL,2018,4.0,1.1,0.7,0.4,8.9,0.378,0.0,False
Sean Kilpatrick,LAC,2018,4.8,0.5,0.8,0.3,9.5,0.389,0.0,False
Sean Kilpatrick,CHI,2018,15.4,2.8,1.4,1.3,23.8,0.439,0.0,False
Maxi Kleber,DAL,2018,5.4,3.3,0.7,0.4,16.8,0.489,0.0,False
Furkan Korkmaz,PHI,2018,1.6,0.8,0.3,0.1,5.7,0.286,0.0,False
Luke Kornet,NYK,2018,6.7,3.2,1.3,0.6,16.3,0.392,0.0,False
Kyle Korver,CLE,2018,9.2,2.3,1.2,0.8,21.6,0.459,0.0,False
Kosta Koufos,SAC,2018,6.7,6.6,1.2,0.7,19.6,0.571,0.0,False
Kyle Kuzma,LAL,2018,16.1,6.3,1.8,1.8,31.2,0.45,0.0,False
Mindaugas Kuzminskas,NYK,2018,0.0,0.0,0.0,0.0,2.0,0.0,0.0,False
Skal Labissière,SAC,2018,8.7,4.8,1.2,1.2,20.7,0.448,0.0,False
Jeremy Lamb,CHO,2018,12.9,4.1,2.3,1.2,24.6,0.457,0.0,False
Shane Larkin,BOS,2018,4.3,1.7,1.8,0.6,14.4,0.384,0.0,False
Joffrey Lauvergne,SAS,2018,4.1,3.1,0.7,0.6,9.7,0.516,0.0,False
Zach LaVine,CHI,2018,16.7,3.9,3.0,1.8,27.3,0.383,0.0,False
Jake Layman,POR,2018,1.0,0.5,0.3,0.1,4.6,0.298,0.0,False
T.J. Leaf,IND,2018,2.9,1.5,0.2,0.2,8.7,0.471,0.0,False
Courtney Lee,NYK,2018,12.0,2.9,2.4,1.1,30.4,0.454,0.0,False
Damion Lee,ATL,2018,10.7,4.7,1.9,0.9,26.9,0.408,0.0,False
Walt Lemon Jr.,NOP,2018,3.4,0.4,1.0,0.8,7.0,0.438,0.0,False
Alex Len,PHO,2018,8.5,7.5,1.2,1.1,20.2,0.566,0.0,False
Kawhi Leonard,SAS,2018,16.2,4.7,2.3,1.8,23.3,0.468,0.0,False
Meyers Leonard,POR,2018,3.4,2.1,0.5,0.3,7.7,0.59,0.0,False
Jon Leuer,DET,2018,5.4,4.0,0.6,0.9,17.0,0.417,0.0,False
Caris LeVert,BRK,2018,12.1,3.7,4.2,2.2,26.3,0.435,0.0,False
DeAndre Liggins,2TM,2018,1.7,1.3,0.8,0.3,12.5,0.377,0.0,False
DeAndre Liggins,MIL,2018,1.8,1.6,0.9,0.4,15.5,0.338,0.0,False
DeAndre Liggins,NOP,2018,1.6,1.0,0.8,0.3,9.0,0.439,0.0,False
Damian Lillard,POR,2018,26.9,4.5,6.6,2.8,36.6,0.439,0.0,False
Jeremy Lin,BRK,2018,18.0,0.0,4.0,3.0,25.0,0.417,0.0,False
Shaun Livingston,GSW,2018,5.5,1.8,2.0,0.8,15.9,0.501,0.0,False
Kevon Looney,GSW,2018,4.0,3.3,0.6,0.5,13.8,0.58,0.0,False
Brook Lopez,LAL,2018,13.0,4.0,1.7,1.3,23.4,0.465,0.0,False
Robin Lopez,CHI,2018,11.8,4.5,1.9,1.7,26.4,0.53,0.0,False
Kevin Love,CLE,2018,17.6,9.3,1.7,1.5,28.0,0.458,0.0,False
Kyle Lowry,TOR,2018,16.2,5.6,6.9,2.3,32.2,0.427,0.0,False
Timothé Luwawu-Cabarrot,PHI,2018,5.8,1.4,1.0,0.7,15.5,0.375,0.0,False
Tyler Lydon,DEN,2018,0.0,0.0,0.0,0.0,2.0,,0.0,False
Trey Lyles,DEN,2018,9.9,4.8,1.2,0.8,19.1,0.491,0.0,False
Shelvin Mack,ORL,2018,6.9,2.4,3.9,1.3,19.8,0.43,0.0,False
Josh Magette,ATL,2018,2.6,1.1,3.2,0.5,12.0,0.326,0.0,False
Ian Mahinmi,WAS,2018,4.8,4.1,0.7,1.3,14.9,0.556,0.0,False
Thon Maker,MIL,2018,4.8,3.0,0.6,0.6,16.7,0.411,0.0,False
Boban Marjanović,2TM,2018,6.0,3.7,0.6,0.9,8.6,0.534,0.0,False
Boban Marjanović,DET,2018,6.2,3.0,0.7,1.2,9.0,0.519,0.0,False
Boban Marjanović,LAC,2018,5.9,4.4,0.4,0.7,8.3,0.551,0.0,False
Lauri Markkanen,CHI,2018,15.2,7.5,1.2,1.2,29.7,0.434,0.0,False
Jarell Martin,MEM,2018,7.7,4.4,1.0,1.2,22.8,0.446,0.0,False
Frank Mason III,SAC,2018,7.9,2.5,2.8,1.3,18.9,0.379,0.0,False
Mangok Mathiang,CHO,2018,2.0,2.5,0.0,0.0,5.0,0.571,0.0,False
Wesley Matthews,DAL,2018,12.7,3.1,2.7,1.3,33.8,0.406,0.0,False
Luc Mbah a Moute,HOU,2018,7.5,3.0,0.9,1.1,25.6,0.481,0.0,False
James Michael McAdoo,PHI,2018,2.7,0.7,0.0,0.3,6.0,0.286,0.0,False
Patrick McCaw,GSW,2018,4.0,1.4,1.4,0.7,16.9,0.409,0.0,False
CJ McCollum,POR,2018,21.4,4.0,3.4,1.9,36.1,0.443,0.0,False
T.J. McConnell,PHI,2018,6.3,3.0,4.0,1.5,22.4,0.499,0.0,False
Erik McCree,UTA,2018,0.0,0.3,0.0,0.3,2.0,0.0,0.0,False
Chris McCullough,WAS,2018,2.4,1.3,0.2,0.1,4.7,0.429,0.0,False
Doug McDermott,2TM,2018,7.8,2.5,1.0,0.7,21.8,0.467,0.0,False
Doug McDermott,NYK,2018,7.2,2.4,0.9,0.6,21.3,0.46,0.0,False
Doug McDermott,DAL,2018,9.0,2.5,1.1,0.8,22.9,0.478,0.0,False
JaVale McGee,GSW,2018,4.8,2.6,0.5,0.4,9.5,0.621,0.0,False
Rodney McGruder,MIA,2018,5.1,1.8,0.9,0.2,16.6,0.493,0.0,False
Alfonzo McKinnie,TOR,2018,1.5,0.5,0.1,0.2,3.8,0.533,0.0,False
Trey McKinney-Jones,IND,2018,0.0,0.0,0.0,0.0,1.0,,0.0,False
Ben McLemore,MEM,2018,7.5,2.5,0.9,1.1,19.5,0.421,0.0,False
Josh McRoberts,DAL,2018,0.0,0.0,0.0,0.0,3.0,0.0,0.0,False
Jodie Meeks,WAS,2018,6.3,1.6,0.9,0.5,14.5,0.399,0.0,False
Salah Mejri,DAL,2018,3.5,4.0,0.6,0.6,12.0,0.642,0.0,False
Jordan Mickey,MIA,2018,4.0,3.5,0.4,0.8,12.3,0.476,0.0,False
Khris Middleton,MIL,2018,20.1,5.2,4.0,2.3,36.4,0.466,0.0,False
C.J. Miles,TOR,2018,10.0,2.2,0.8,0.6,19.1,0.379,0.0,False
Darius Miller,NOP,2018,7.8,2.0,1.4,0.7,23.7,0.444,0.0,False
Malcolm Miller,TOR,2018,2.5,1.0,0.2,0.3,8.4,0.464,0.0,False
Paul Millsap,DEN,2018,14.6,6.4,2.8,1.9,30.1,0.464,0.0,False
Patty Mills,SAS,2018,10.0,1.9,2.8,1.3,25.7,0.411,0.0,False
Nikola Mirotić,2TM,2018,15.6,7.4,1.5,1.1,27.2,0.447,0.0,False
Nikola Mirotić,CHI,2018,16.8,6.4,1.6,1.2,24.9,0.474,0.0,False
Nikola Mirotić,NOP,2018,14.6,8.2,1.4,1.0,29.1,0.427,0.0,False
Donovan Mitchell,UTA,2018,20.5,3.7,3.7,2.7,33.4,0.437,0.0,False
Naz Mitrou-Long,UTA,2018,3.0,0.0,0.0,0.0,1.0,1.0,0.0,False
Malik Monk,CHO,2018,6.7,1.0,1.4,0.8,13.6,0.36,0.0,False
Greg Monroe,3TM,2018,10.3,6.9,2.2,1.8,20.4,0.565,0.0,False
Greg Monroe,MIL,2018,6.8,5.0,1.0,1.2,15.8,0.485,0.0,False
Greg Monroe,PHO,2018,11.3,8.0,2.5,2.0,23.3,0.626,0.0,False
Greg Monroe,BOS,2018,10.2,6.3,2.3,1.8,19.1,0.53,0.0,False
Luis Montero,DET,2018,0.0,1.0,0.0,1.0,4.0,0.0,0.0,False
Ben Moore,IND,2018,0.0,0.5,0.5,0.0,4.5,,0.0,False
E'Twaun Moore,NOP,2018,12.5,2.9,2.3,1.2,31.5,0.508,0.0,False
Eric Moreland,DET,2018,2.1,4.1,1.2,0.6,12.0,0.541,0.0,False
Jaylen Morris,ATL,2018,4.7,2.7,1.2,1.0,16.3,0.406,0.0,False
Markieff Morris,WAS,2018,11.5,5.6,1.9,1.7,27.0,0.48,0.0,False
Marcus Morris,BOS,2018,13.6,5.4,1.3,1.2,26.7,0.429,0.0,False
Monte Morris,DEN,2018,3.3,0.7,2.3,0.3,8.3,0.667,0.0,False
Johnathan Motley,DAL,2018,8.7,4.5,0.6,0.8,16.0,0.533,0.0,False
Timofey Mozgov,BRK,2018,4.2,3.2,0.4,1.1,11.6,0.559,0.0,False
Emmanuel Mudiay,2TM,2018,8.6,2.4,3.2,1.8,19.5,0.388,0.0,False
Emmanuel Mudiay,DEN,2018,8.5,2.2,2.9,1.7,17.9,0.401,0.0,False
Emmanuel Mudiay,NYK,2018,8.8,2.6,3.9,1.9,22.4,0.368,0.0,False
Shabazz Muhammad,2TM,2018,5.0,1.8,0.3,0.1,9.7,0.447,0.0,False
Shabazz Muhammad,MIN,2018,3.8,1.4,0.2,0.2,9.4,0.388,0.0,False
Shabazz Muhammad,MIL,2018,8.5,2.8,0.6,0.1,10.6,0.552,0.0,False
Xavier Munford,MIL,2018,0.5,0.2,0.7,0.3,3.5,0.167,0.0,False
Dejounte Murray,SAS,2018,8.1,5.7,2.9,1.7,21.5,0.443,0.0,False
Jamal Murray,DEN,2018,16.7,3.7,3.4,2.1,31.7,0.451,0.0,False
Mike Muscala,ATL,2018,7.6,4.3,1.0,0.8,20.0,0.458,0.0,False
Abdel Nader,BOS,2018,3.0,1.5,0.5,0.7,10.9,0.336,0.0,False
Larry Nance Jr.,2TM,2018,8.7,6.8,1.2,0.8,21.5,0.581,0.0,False
Larry Nance Jr.,LAL,2018,8.6,6.8,1.4,1.0,22.0,0.601,0.0,False
Larry Nance Jr.,CLE,2018,8.9,7.0,1.0,0.4,20.8,0.55,0.0,False
Shabazz Napier,POR,2018,8.7,2.3,2.0,1.2,20.7,0.42,0.0,False
Jameer Nelson,2TM,2018,4.9,2.1,3.6,1.3,20.3,0.389,0.0,False
Jameer Nelson,NOP,2018,5.1,2.2,3.6,1.3,20.9,0.41,0.0,False
Jameer Nelson,DET,2018,3.7,1.1,3.3,1.6,16.6,0.282,0.0,False
Raul Neto,UTA,2018,4.5,1.2,1.8,0.9,12.1,0.457,0.0,False
Georges Niang,UTA,2018,1.0,1.0,0.3,0.3,3.6,0.364,0.0,False
Joakim Noah,NYK,2018,1.7,2.0,0.6,0.6,5.7,0.5,0.0,False
Nerlens Noel,DAL,2018,4.4,5.6,0.7,0.9,15.7,0.524,0.0,False
Lucas Nogueira,TOR,2018,2.5,1.8,0.4,0.3,8.5,0.613,0.0,False
Dirk Nowitzki,DAL,2018,12.0,5.7,1.6,0.7,24.7,0.456,0.0,False
Frank Ntilikina,NYK,2018,5.9,2.3,3.2,1.7,21.9,0.364,0.0,False
Jusuf Nurkić,POR,2018,14.3,9.0,1.8,2.3,26.4,0.505,0.0,False
David Nwaba,CHI,2018,7.9,4.7,1.5,1.1,23.5,0.478,0.0,False
Johnny O'Bryant,CHO,2018,4.8,2.6,0.4,0.4,10.5,0.398,0.0,False
Semi Ojeleye,BOS,2018,2.7,2.2,0.3,0.3,15.8,0.346,0.0,False
Emeka Okafor,NOP,2018,4.4,4.6,0.3,0.5,13.6,0.505,0.0,False
Jahlil Okafor,2TM,2018,6.3,3.0,0.4,0.8,12.6,0.558,0.0,False
Jahlil Okafor,PHI,2018,5.0,4.5,0.5,1.5,12.5,0.444,0.0,False
Jahlil Okafor,BRK,2018,6.4,2.9,0.4,0.7,12.6,0.566,0.0,False
Victor Oladipo,IND,2018,23.1,5.2,4.3,2.9,34.0,0.477,0.0,False
Kelly Olynyk,MIA,2018,11.5,5.7,2.7,1.9,23.4,0.497,0.0,False
Royce O'Neale,UTA,2018,5.0,3.4,1.4,0.8,16.7,0.423,0.0,False
Chinanu Onuaku,HOU,2018,4.0,4.0,1.0,3.0,22.0,0.4,0.0,False
Kyle O'Quinn,NYK,2018,7.1,6.1,2.1,1.3,18.0,0.583,0.0,False
Cedi Osman,CLE,2018,3.9,2.0,0.7,0.5,11.0,0.484,0.0,False
Kelly Oubre Jr.,WAS,2018,11.8,4.5,1.2,1.1,27.5,0.403,0.0,False
Zaza Pachulia,GSW,2018,5.4,4.7,1.6,1.0,14.1,0.564,0.0,False
Marcus Paige,CHO,2018,2.4,0.8,0.6,0.0,5.6,0.286,0.0,False
Georgios Papagiannis,2TM,2018,2.1,2.2,0.5,0.5,7.2,0.429,0.0,False
Georgios Papagiannis,SAC,2018,2.1,2.3,0.6,0.5,7.4,0.415,0.0,False
Georgios Papagiannis,POR,2018,2.0,1.0,0.0,0.0,4.0,1.0,0.0,False
Jabari Parker,MIL,2018,12.6,4.9,1.9,1.5,24.0,0.482,0.0,False
Tony Parker,SAS,2018,7.7,1.7,3.5,1.2,19.5,0.459,0.0,False
Chandler Parsons,MEM,2018,7.9,2.5,1.9,1.0,19.2,0.462,0.0,False
Patrick Patterson,OKC,2018,3.9,2.4,0.7,0.4,15.5,0.398,0.0,False
Justin Patton,MIN,2018,2.0,0.0,0.0,0.0,4.0,0.5,0.0,False
Brandon Paul,SAS,2018,2.3,1.1,0.6,0.5,9.0,0.433,0.0,False
Chris Paul,HOU,2018,18.6,5.4,7.9,2.2,31.8,0.46,0.0,False
Adreian Payne,ORL,2018,4.2,1.8,0.0,0.4,8.6,0.7,0.0,False
Cameron Payne,CHI,2018,8.8,2.8,4.5,1.4,23.3,0.405,0.0,False
Elfrid Payton,2TM,2018,12.7,4.3,6.2,2.7,28.7,0.493,0.0,False
Elfrid Payton,ORL,2018,13.0,4.0,6.3,2.6,28.6,0.52,0.0,False
Elfrid Payton,PHO,2018,11.8,5.3,6.2,2.8,29.0,0.435,0.0,False
Gary Payton II,2TM,2018,3.0,1.9,0.9,0.3,9.6,0.405,0.0,False
Gary Payton II,MIL,2018,2.5,1.4,0.8,0.3,8.8,0.394,0.0,False
Gary Payton II,LAL,2018,3.5,2.5,1.1,0.4,10.5,0.415,0.0,False
Kendrick Perkins,CLE,2018,3.0,1.0,2.0,1.0,15.0,0.5,0.0,False
London Perrantes,CLE,2018,0.5,0.3,0.4,0.1,4.7,0.154,0.0,False
Alec Peters,PHO,2018,4.1,1.9,0.6,0.2,11.3,0.378,0.0,False
Mason Plumlee,DEN,2018,7.1,5.4,1.9,1.4,19.4,0.601,0.0,False
Marshall Plumlee,MIL,2018,1.8,2.1,0.3,0.4,6.5,0.333,0.0,False
Miles Plumlee,ATL,2018,4.3,4.1,0.8,1.1,16.7,0.583,0.0,False
Jakob Poeltl,TOR,2018,6.9,4.8,0.7,1.0,18.6,0.659,0.0,False
Quincy Pondexter,CHI,2018,2.0,1.2,0.4,0.5,8.5,0.286,0.0,False
Otto Porter Jr.,WAS,2018,14.7,6.4,2.0,1.0,31.6,0.503,0.0,False
Bobby Portis,CHI,2018,13.2,6.8,1.7,1.4,22.5,0.471,0.0,False
Kristaps Porziņģis,NYK,2018,22.7,6.6,1.2,1.9,32.4,0.439,0.0,False
Dwight Powell,DAL,2018,8.5,5.6,1.2,0.7,21.2,0.593,0.0,False
Norman Powell,TOR,2018,5.5,1.7,1.3,0.9,15.2,0.401,0.0,False
Alex Poythress,IND,2018,1.0,0.7,0.1,0.1,4.2,0.423,0.0,False
Taurean Prince,ATL,2018,14.1,4.7,2.6,2.3,30.0,0.426,0.0,False
Jacob Pullen,PHI,2018,0.7,0.0,0.0,0.3,2.0,0.5,0.0,False
Rodney Purvis,ORL,2018,6.0,1.7,1.1,0.6,18.1,0.327,0.0,False
Zhou Qi,HOU,2018,1.2,1.2,0.1,0.6,6.9,0.188,0.0,False
Tim Quarterman,HOU,2018,1.3,1.0,0.3,0.7,4.3,0.333,0.0,False
Ivan Rabb,MEM,2018,5.6,4.4,0.9,1.0,14.3,0.566,0.0,False
Julius Randle,LAL,2018,16.1,8.0,2.6,2.6,26.7,0.558,0.0,False
Zach Randolph,SAC,2018,14.5,6.7,2.2,2.0,25.6,0.473,0.0,False
Xavier Rathan-Mayes,MEM,2018,5.8,1.0,3.6,2.2,23.6,0.286,0.0,False
JJ Redick,PHI,2018,17.1,2.5,3.0,1.5,30.2,0.46,0.0,False
Davon Reed,PHO,2018,3.0,1.9,0.6,0.5,11.5,0.289,0.0,False
Willie Reed,2TM,2018,4.6,2.9,0.2,0.5,10.2,0.669,0.0,False
Willie Reed,LAC,2018,4.9,3.1,0.2,0.5,10.7,0.667,0.0,False
Willie Reed,DET,2018,0.7,0.3,0.3,0.0,3.0,1.0,0.0,False
Josh Richardson,MIA,2018,12.9,3.5,2.9,1.7,33.2,0.451,0.0,False
Malachi Richardson,2TM,2018,3.4,1.3,0.5,0.4,12.5,0.333,0.0,False
Malachi Richardson,SAC,2018,3.5,1.3,0.5,0.4,12.8,0.33,0.0,False
Malachi Richardson,TOR,2018,2.0,1.0,0.0,0.0,5.0,0.5,0.0,False
Austin Rivers,LAC,2018,15.1,2.4,4.0,1.8,33.7,0.424,0.0,False
Andre Roberson,OKC,2018,5.0,4.7,1.2,0.8,26.6,0.537,0.0,False
Devin Robinson,WAS,2018,2.0,5.0,0.0,0.0,13.0,0.333,0.0,False
Glenn Robinson III,IND,2018,4.1,1.6,0.7,0.2,14.7,0.424,0.0,False
Rajon Rondo,NOP,2018,8.3,4.0,8.2,2.3,26.2,0.468,0.0,False
Derrick Rose,2TM,2018,8.4,1.4,1.5,1.4,16.8,0.435,0.0,False
Derrick Rose,CLE,2018,9.8,1.8,1.6,1.8,19.3,0.439,0.0,False
Derrick Rose,MIN,2018,5.8,0.7,1.2,0.8,12.4,0.426,0.0,False
Terrence Ross,ORL,2018,8.7,3.0,1.6,1.2,25.0,0.398,0.0,False
Terry Rozier,BOS,2018,11.3,4.7,2.9,1.0,25.9,0.395,0.0,False
Ricky Rubio,UTA,2018,13.1,4.6,5.3,2.7,29.3,0.418,0.0,False
D'Angelo Russell,BRK,2018,15.5,3.9,5.2,3.1,25.7,0.414,0.0,False
Domantas Sabonis,IND,2018,11.6,7.7,2.0,1.9,24.5,0.514,0.0,False
JaKarr Sampson,SAC,2018,4.7,3.5,0.4,0.4,15.6,0.543,0.0,False
Dario Šarić,PHI,2018,14.6,6.7,2.6,1.9,29.6,0.453,0.0,False
Tomáš Satoranský,WAS,2018,7.2,3.2,3.9,1.1,22.5,0.523,0.0,False
Dennis Schröder,ATL,2018,19.4,3.1,6.2,2.7,31.0,0.436,0.0,False
Mike Scott,WAS,2018,8.8,3.3,1.1,1.0,18.5,0.527,0.0,False
Thabo Sefolosha,UTA,2018,8.2,4.2,0.9,0.8,21.2,0.492,0.0,False
Wayne Selden,MEM,2018,9.3,1.6,1.9,1.5,19.8,0.431,0.0,False
Ramon Sessions,2TM,2018,4.9,1.4,2.8,1.1,14.0,0.359,0.0,False
Ramon Sessions,NYK,2018,3.7,1.4,2.1,1.2,12.8,0.321,0.0,False
Ramon Sessions,WAS,2018,5.9,1.3,3.3,1.0,15.0,0.391,0.0,False
Iman Shumpert,CLE,2018,4.4,2.9,1.2,1.1,19.7,0.379,0.0,False
Pascal Siakam,TOR,2018,7.3,4.5,2.0,0.8,20.7,0.508,0.0,False
Xavier Silas,BOS,2018,0.0,1.0,0.0,0.0,3.5,0.0,0.0,False
Ben Simmons,PHI,2018,15.8,8.1,8.2,3.4,33.7,0.545,0.0,False
Jonathon Simmons,ORL,2018,13.9,3.5,2.5,2.1,29.4,0.465,0.0,False
Kobi Simmons,MEM,2018,6.1,1.6,2.1,1.4,20.1,0.423,0.0,False
Kyle Singler,OKC,2018,1.9,0.8,0.2,0.3,4.9,0.333,0.0,False
Marcus Smart,BOS,2018,10.2,3.5,4.8,2.4,29.9,0.367,0.0,False
Dennis Smith Jr.,DAL,2018,15.2,3.8,5.2,2.8,29.7,0.395,0.0,False
Ish Smith,DET,2018,10.9,2.7,4.4,1.3,24.9,0.486,0.0,False
Jason Smith,WAS,2018,3.4,1.6,0.4,0.5,8.6,0.391,0.0,False
Josh Smith,NOP,2018,0.7,1.3,0.0,0.0,4.0,0.25,0.0,False
J.R. Smith,CLE,2018,8.3,2.9,1.8,1.0,28.1,0.403,0.0,False
Tony Snell,MIL,2018,6.9,1.9,1.3,0.5,27.4,0.435,0.0,False
Marreese Speights,ORL,2018,7.7,2.6,0.8,0.8,13.0,0.395,0.0,False
Nik Stauskas,2TM,2018,4.4,1.6,1.0,0.6,12.8,0.39,0.0,False
Nik Stauskas,PHI,2018,0.7,0.2,0.2,0.7,7.5,0.25,0.0,False
Nik Stauskas,BRK,2018,5.1,1.8,1.1,0.6,13.7,0.393,0.0,False
Lance Stephenson,IND,2018,9.2,5.2,2.9,1.6,22.6,0.427,0.0,False
David Stockton,UTA,2018,3.3,0.0,0.0,0.3,3.0,0.667,0.0,False
Julyan Stone,CHO,2018,0.8,1.3,1.1,0.3,7.6,0.462,0.0,False
Edmond Sumner,IND,2018,2.0,1.0,0.0,0.0,2.0,1.0,0.0,False
Caleb Swanigan,POR,2018,2.3,2.0,0.5,0.7,7.0,0.4,0.0,False
Jayson Tatum,BOS,2018,13.9,5.0,1.6,1.4,30.5,0.475,0.0,False
Isaiah Taylor,ATL,2018,6.6,1.4,3.1,1.3,17.4,0.418,0.0,False
Jeff Teague,MIN,2018,14.2,3.0,7.0,2.5,33.0,0.446,0.0,False
Marquis Teague,MEM,2018,3.7,2.0,4.3,1.0,24.7,0.25,0.0,False
Mirza Teletović,MIL,2018,7.1,2.3,1.0,0.7,15.9,0.439,0.0,False
Garrett Temple,SAC,2018,8.4,2.3,1.9,1.2,24.8,0.418,0.0,False
Miloš Teodosić,LAC,2018,9.5,2.8,4.6,2.2,25.2,0.419,0.0,False
Jason Terry,MIL,2018,3.3,0.9,1.2,0.5,16.0,0.383,0.0,False
Daniel Theis,BOS,2018,5.3,4.3,0.9,0.9,14.9,0.541,0.0,False
Isaiah Thomas,2TM,2018,15.2,2.1,4.8,3.0,26.9,0.373,0.0,False
Isaiah Thomas,CLE,2018,14.7,2.1,4.5,2.7,27.1,0.361,0.0,False
Isaiah Thomas,LAL,2018,15.6,2.1,5.0,3.2,26.8,0.383,0.0,False
Lance Thomas,NYK,2018,4.1,2.4,0.6,0.5,18.5,0.382,0.0,False
Klay Thompson,GSW,2018,20.0,3.8,2.5,1.8,34.3,0.488,0.0,False
Tristan Thompson,CLE,2018,5.8,6.6,0.6,0.7,20.2,0.562,0.0,False
Sindarius Thornwell,LAC,2018,3.9,1.9,0.9,0.7,15.8,0.429,0.0,False
Anthony Tolliver,DET,2018,8.9,3.1,1.1,0.7,22.2,0.464,0.0,False
Karl-Anthony Towns,MIN,2018,21.3,12.3,2.4,1.9,35.6,0.545,0.0,False
P.J. Tucker,HOU,2018,6.1,5.6,0.9,0.9,27.8,0.39,0.0,False
Evan Turner,POR,2018,8.2,3.1,2.2,1.3,25.7,0.447,0.0,False
Myles Turner,IND,2018,12.7,6.4,1.3,1.5,28.2,0.479,0.0,False
Ekpe Udoh,UTA,2018,2.6,2.4,0.8,0.3,12.9,0.5,0.0,False
Tyler Ulis,PHO,2018,7.8,1.8,4.4,1.8,23.4,0.388,0.0,False
Jonas Valančiūnas,TOR,2018,12.7,8.6,1.1,1.5,22.4,0.568,0.0,False
Denzel Valentine,CHI,2018,10.2,5.1,3.2,1.3,27.2,0.417,0.0,False
Fred VanVleet,TOR,2018,8.6,2.4,3.2,1.0,20.0,0.426,0.0,False
Rashad Vaughn,3TM,2018,2.3,0.8,0.5,0.2,7.6,0.411,0.0,False
Rashad Vaughn,MIL,2018,2.7,0.8,0.5,0.2,7.9,0.42,0.0,False
Rashad Vaughn,BRK,2018,0.0,0.0,1.0,0.0,4.0,,0.0,False
Rashad Vaughn,ORL,2018,1.0,0.8,0.0,0.4,7.0,0.333,0.0,False
Noah Vonleh,2TM,2018,4.9,5.8,0.6,0.6,16.2,0.444,0.0,False
Noah Vonleh,POR,2018,3.6,5.1,0.4,0.5,14.4,0.49,0.0,False
Noah Vonleh,CHI,2018,6.9,6.9,1.0,0.8,19.0,0.413,0.0,False
Nikola Vučević,ORL,2018,16.5,9.2,3.4,1.9,29.5,0.475,0.0,False
Dwyane Wade,2TM,2018,11.4,3.8,3.4,2.1,22.9,0.438,0.0,False
Dwyane Wade,CLE,2018,11.2,3.9,3.5,2.0,23.2,0.455,0.0,False
Dwyane Wade,MIA,2018,12.0,3.4,3.1,2.3,22.2,0.409,0.0,False
Dion Waiters,MIA,2018,14.3,2.6,3.8,2.3,30.6,0.398,0.0,False
Kemba Walker,CHO,2018,22.1,3.1,5.6,2.2,34.2,0.431,0.0,False
Tyrone Wallace,LAC,2018,9.7,3.5,2.4,1.5,28.4,0.445,0.0,False
John Wall,WAS,2018,19.4,3.7,9.6,3.9,34.4,0.42,0.0,False
Derrick Walton,MIA,2018,1.8,1.0,1.0,0.1,9.2,0.32,0.0,False
Jameel Warney,DAL,2018,5.7,3.0,0.0,0.3,9.0,0.583,0.0,False
T.J. Warren,PHO,2018,19.6,5.1,1.3,1.3,33.0,0.498,0.0,False
Travis Wear,LAL,2018,4.4,2.2,0.4,0.4,13.4,0.347,0.0,False
James Webb III,BRK,2018,1.6,2.4,0.4,0.4,12.0,0.25,0.0,False
Briante Weber,2TM,2018,2.8,1.9,1.2,0.8,13.2,0.442,0.0,False
Briante Weber,HOU,2018,2.0,1.4,1.0,0.5,9.1,0.409,0.0,False
Briante Weber,MEM,2018,4.8,3.4,1.8,1.6,23.8,0.476,0.0,False
Russell Westbrook,OKC,2018,25.4,10.1,10.3,4.8,36.4,0.449,0.0,False
David West,GSW,2018,6.8,3.3,1.9,1.1,13.7,0.571,0.0,False
Andrew White,ATL,2018,4.6,2.3,0.4,0.5,13.9,0.342,0.0,False
Derrick White,SAS,2018,3.2,1.5,0.5,0.4,8.2,0.485,0.0,False
Hassan Whiteside,MIA,2018,14.0,11.4,1.0,1.7,25.3,0.54,0.0,False
Isaiah Whitehead,BRK,2018,6.3,1.6,1.3,1.5,11.3,0.465,0.0,False
Okaro White,MIA,2018,3.3,1.8,0.3,0.2,13.3,0.438,0.0,False
Andrew Wiggins,MIN,2018,17.7,4.4,2.0,1.7,36.3,0.438,0.0,False
Jacob Wiley,BRK,2018,0.8,2.2,0.4,0.0,6.6,0.25,0.0,False
Damien Wilkins,IND,2018,1.7,0.8,0.5,0.3,8.0,0.333,0.0,False
Alan Williams,PHO,2018,4.0,4.4,1.6,1.4,14.0,0.389,0.0,False
C.J. Williams,LAC,2018,5.5,1.5,1.1,0.5,18.6,0.442,0.0,False
Derrick Williams,LAL,2018,1.0,0.5,0.0,0.0,4.5,0.25,0.0,False
Lou Williams,LAC,2018,22.6,2.5,5.3,3.0,32.8,0.435,0.0,False
Marvin Williams,CHO,2018,9.5,4.7,1.2,0.8,25.7,0.458,0.0,False
Matt Williams,MIA,2018,1.7,0.3,0.0,0.3,3.7,0.333,0.0,False
Troy Williams,2TM,2018,6.3,3.0,0.8,0.9,14.6,0.468,0.0,False
Troy Williams,HOU,2018,1.3,1.0,0.3,0.3,4.3,0.222,0.0,False
Troy Williams,NYK,2018,7.5,3.5,0.9,1.1,17.1,0.49,0.0,False
D.J. Wilson,MIL,2018,1.0,0.5,0.1,0.2,3.2,0.563,0.0,False
Jamil Wilson,LAC,2018,7.0,2.1,0.7,0.5,18.3,0.469,0.0,False
Justise Winslow,MIA,2018,7.8,5.4,2.2,1.1,24.7,0.424,0.0,False
Jeff Withey,DAL,2018,1.5,1.0,0.0,0.2,3.9,0.375,0.0,False
Nate Wolters,UTA,2018,0.4,0.4,0.2,0.0,3.8,0.167,0.0,False
Brandan Wright,2TM,2018,5.0,3.4,0.5,0.3,13.6,0.578,0.0,False
Brandan Wright,MEM,2018,5.0,3.4,0.5,0.3,13.6,0.576,0.0,False
Brandan Wright,HOU,2018,4.0,2.0,0.0,0.0,15.0,0.667,0.0,False
Delon Wright,TOR,2018,8.0,2.9,2.9,1.1,20.8,0.465,0.0,False
Guerschon Yabusele,BOS,2018,2.4,1.6,0.5,0.4,7.1,0.426,0.0,False
James Young,PHI,2018,2.8,0.3,0.3,0.2,10.2,0.357,0.0,False
Joe Young,IND,2018,3.9,1.2,0.7,0.5,10.5,0.43,0.0,False
Nick Young,GSW,2018,7.3,1.6,0.5,0.5,17.4,0.412,0.0,False
Thaddeus Young,IND,2018,11.8,6.3,1.9,1.3,32.2,0.487,0.0,False
Cody Zeller,CHO,2018,7.1,5.4,0.9,1.0,19.0,0.545,0.0,False
Tyler Zeller,2TM,2018,6.7,4.6,0.7,0.7,16.8,0.56,0.0,False
Tyler Zeller,BRK,2018,7.1,4.6,0.7,0.8,16.7,0.546,0.0,False
Tyler Zeller,MIL,2018,5.9,4.6,0.8,0.5,16.9,0.59,0.0,False
Paul Zipser,CHI,2018,4.0,2.4,0.9,0.8,15.3,0.346,0.0,False
Ante Žižić,CLE,2018,3.7,1.9,0.2,0.3,6.7,0.731,0.0,False
Ivica Zubac,LAL,2018,3.7,2.9,0.6,0.6,9.5,0.5,0.0,False
Álex Abrines,OKC,2017,6.0,1.3,0.6,0.5,15.5,0.393,0.0,False
Quincy Acy,2TM,2017,5.8,3.0,0.5,0.6,14.7,0.412,0.0,False
Quincy Acy,DAL,2017,2.2,1.3,0.0,0.3,8.0,0.294,0.0,False
Quincy Acy,BRK,2017,6.5,3.3,0.6,0.6,15.9,0.425,0.0,False
Steven Adams,OKC,2017,11.3,7.7,1.1,1.8,29.9,0.571,0.0,False
Arron Afflalo,SAC,2017,8.4,2.0,1.3,0.7,25.9,0.44,0.0,False
Alexis Ajinça,NOP,2017,5.3,4.5,0.3,0.8,15.0,0.5,0.0,False
Cole Aldrich,MIN,2017,1.7,2.5,0.4,0.3,8.6,0.523,0.0,False
LaMarcus Aldridge,SAS,2017,17.3,7.3,1.9,1.4,32.4,0.477,0.0,False
Lavoy Allen,IND,2017,2.9,3.6,0.9,0.5,14.3,0.458,0.0,False
Tony Allen,MEM,2017,9.1,5.5,1.4,1.4,27.0,0.461,0.0,False
Al-Farouq Aminu,POR,2017,8.7,7.4,1.6,1.5,29.1,0.393,0.0,False
Alan Anderson,LAC,2017,2.9,0.8,0.4,0.2,10.3,0.375,0.0,False
Chris Andersen,CLE,2017,2.3,2.6,0.4,0.4,9.5,0.409,0.0,False
Justin Anderson,2TM,2017,7.1,3.3,0.9,0.9,16.4,0.424,0.0,False
Justin Anderson,DAL,2017,6.5,2.9,0.6,0.8,13.9,0.401,0.0,False
Justin Anderson,PHI,2017,8.5,4.0,1.4,1.1,21.6,0.463,0.0,False
Kyle Anderson,SAS,2017,3.4,2.9,1.3,0.5,14.2,0.445,0.0,False
Ryan Anderson,HOU,2017,13.6,4.6,0.9,0.8,29.4,0.418,0.0,False
Giannis Antetokounmpo,MIL,2017,22.9,8.8,5.4,2.9,35.6,0.521,0.0,False
Carmelo Anthony,NYK,2017,22.4,5.9,2.9,2.1,34.3,0.433,0.0,False
Joel Anthony,SAS,2017,1.3,1.6,0.2,0.2,6.4,0.625,0.0,False
Trevor Ariza,HOU,2017,11.7,5.7,2.2,0.9,34.7,0.409,0.0,False
Metta World Peace,LAL,2017,2.3,0.8,0.4,0.3,6.4,0.279,0.0,False
Darrell Arthur,DEN,2017,6.4,2.7,1.0,0.9,15.6,0.442,0.0,False
Ömer Aşık,NOP,2017,2.7,5.3,0.5,0.5,15.5,0.477,0.0,False
D.J. Augustin,ORL,2017,7.9,1.5,2.7,1.2,19.7,0.377,0.0,False
Luke Babbitt,MIA,2017,4.8,2.1,0.5,0.4,15.7,0.402,0.0,False
Ron Baker,NYK,2017,4.1,1.9,2.1,1.1,16.5,0.378,0.0,False
Wade Baldwin,MEM,2017,3.2,1.4,1.8,1.2,12.3,0.313,0.0,False
Leandro Barbosa,PHO,2017,6.3,1.6,1.2,0.7,14.4,0.439,0.0,False
J.J. Barea,DAL,2017,10.9,2.4,5.5,1.8,22.0,0.414,0.0,False
Harrison Barnes,DAL,2017,19.2,5.0,1.5,1.3,35.5,0.468,0.0,False
Matt Barnes,2TM,2017,7.1,5.2,2.6,1.4,24.0,0.391,0.0,False
Matt Barnes,SAC,2017,7.6,5.4,2.8,1.5,25.3,0.384,0.0,False
Matt Barnes,GSW,2017,5.7,4.6,2.3,1.2,20.5,0.422,0.0,False
Will Barton,DEN,2017,13.7,4.3,3.4,1.6,28.4,0.443,0.0,False
Brandon Bass,LAC,2017,5.6,2.5,0.4,0.6,11.1,0.575,0.0,False
Nicolas Batum,CHO,2017,15.1,6.2,5.9,2.5,34.0,0.403,0.0,False
Jerryd Bayless,PHI,2017,11.0,4.0,4.3,3.0,23.7,0.344,0.0,False
Aron Baynes,DET,2017,4.9,4.4,0.4,0.7,15.5,0.513,0.0,False
Kent Bazemore,ATL,2017,11.0,3.2,2.4,1.7,26.9,0.409,0.0,False
Bradley Beal,WAS,2017,23.1,3.1,3.5,2.0,34.9,0.482,0.0,False
Malik Beasley,DEN,2017,3.8,0.8,0.5,0.4,7.5,0.452,0.0,False
Michael Beasley,MIL,2017,9.4,3.4,0.9,1.2,16.7,0.532,0.0,False
Marco Belinelli,CHO,2017,10.5,2.4,2.0,0.9,24.0,0.429,0.0,False
DeAndre' Bembry,ATL,2017,2.7,1.6,0.7,0.4,9.8,0.48,0.0,False
Dragan Bender,PHO,2017,3.4,2.4,0.5,0.7,13.3,0.354,0.0,False
Anthony Bennett,BRK,2017,5.0,3.4,0.5,0.5,11.5,0.413,0.0,False
Ben Bentil,DAL,2017,0.0,0.7,0.0,0.3,3.3,0.0,0.0,False
Dāvis Bertāns,SAS,2017,4.5,1.5,0.7,0.5,12.1,0.44,0.0,False
Patrick Beverley,HOU,2017,9.5,5.9,4.2,1.5,30.7,0.42,0.0,False
Bismack Biyombo,ORL,2017,6.0,7.0,0.9,1.2,22.1,0.528,0.0,False
Nemanja Bjelica,MIN,2017,6.2,3.8,1.2,0.9,18.3,0.424,0.0,False
Tarik Black,LAL,2017,5.7,5.1,0.6,0.9,16.3,0.51,0.0,False
Eric Bledsoe,PHO,2017,21.1,4.8,6.3,3.4,33.0,0.434,0.0,False
Bojan Bogdanović,2TM,2017,13.7,3.4,1.4,1.6,25.7,0.445,0.0,False
Bojan Bogdanović,BRK,2017,14.2,3.6,1.6,1.7,26.9,0.44,0.0,False
Bojan Bogdanović,WAS,2017,12.7,3.1,0.8,1.5,23.1,0.457,0.0,False
Andrew Bogut,2TM,2017,2.9,8.1,1.8,1.6,21.6,0.469,0.0,False
Andrew Bogut,DAL,2017,3.0,8.4,1.9,1.7,22.4,0.469,0.0,False
Andrew Bogut,CLE,2017,0.0,0.0,0.0,0.0,1.0,,0.0,False
Joel Bolomboy,UTA,2017,1.8,1.4,0.2,0.2,4.4,0.563,0.0,False
Devin Booker,PHO,2017,22.1,3.2,3.4,3.1,35.0,0.423,0.0,False
Trevor Booker,BRK,2017,10.0,8.0,1.9,1.8,24.7,0.516,0.0,False
Avery Bradley,BOS,2017,16.3,6.1,2.2,1.6,33.4,0.463,0.0,False
Corey Brewer,2TM,2017,4.5,2.0,1.2,0.7,15.6,0.422,0.0,False
Corey Brewer,HOU,2017,4.2,2.0,1.1,0.6,15.9,0.414,0.0,False
Corey Brewer,LAL,2017,5.4,2.2,1.5,0.8,14.9,0.438,0.0,False
Malcolm Brogdon,MIL,2017,10.2,2.8,4.2,1.5,26.4,0.457,0.0,False
Aaron Brooks,IND,2017,5.0,1.1,1.9,1.0,13.8,0.403,0.0,False
Anthony Brown,2TM,2017,3.9,3.0,0.7,0.5,14.5,0.36,0.0,False
Anthony Brown,NOP,2017,3.8,2.9,0.7,0.6,15.9,0.341,0.0,False
Anthony Brown,ORL,2017,4.5,3.5,1.0,0.5,8.0,0.444,0.0,False
Bobby Brown,HOU,2017,2.5,0.2,0.6,0.2,4.9,0.383,0.0,False
Jaylen Brown,BOS,2017,6.6,2.8,0.8,0.9,17.2,0.454,0.0,False
Nicolás Brussino,DAL,2017,2.8,1.8,0.9,0.5,9.6,0.369,0.0,False
Reggie Bullock,DET,2017,4.5,2.1,0.9,0.3,15.1,0.422,0.0,False
Trey Burke,WAS,2017,5.0,0.8,1.8,0.8,12.3,0.455,0.0,False
Alec Burks,UTA,2017,6.7,2.9,0.7,0.8,15.5,0.399,0.0,False
Jimmy Butler,CHI,2017,23.9,6.2,5.5,2.1,37.0,0.455,0.0,False
Bruno Caboclo,TOR,2017,1.6,1.1,0.4,0.2,4.4,0.375,0.0,False
José Calderón,2TM,2017,3.4,1.8,2.1,1.0,13.1,0.41,0.0,False
José Calderón,LAL,2017,3.3,1.8,2.1,1.1,12.2,0.416,0.0,False
José Calderón,ATL,2017,3.6,1.9,2.2,0.9,14.5,0.404,0.0,False
Kentavious Caldwell-Pope,DET,2017,13.8,3.3,2.5,1.1,33.3,0.399,0.0,False
Isaiah Canaan,CHI,2017,4.6,1.3,0.9,0.5,15.2,0.364,0.0,False
Clint Capela,HOU,2017,12.6,8.1,1.0,1.3,23.9,0.643,0.0,False
DeMarre Carroll,TOR,2017,8.9,3.8,1.0,0.8,26.1,0.4,0.0,False
Michael Carter-Williams,CHI,2017,6.6,3.4,2.5,1.5,18.8,0.366,0.0,False
Vince Carter,MEM,2017,8.0,3.1,1.8,0.7,24.6,0.394,0.0,False
Omri Casspi,3TM,2017,5.2,3.1,1.0,0.8,17.9,0.47,0.0,False
Omri Casspi,SAC,2017,5.9,4.1,1.2,0.8,18.0,0.453,0.0,False
Omri Casspi,NOP,2017,12.0,2.0,0.0,2.0,24.0,0.556,0.0,False
Omri Casspi,MIN,2017,3.5,1.5,0.8,0.8,17.1,0.5,0.0,False
Willie Cauley-Stein,SAC,2017,8.1,4.5,1.1,0.9,18.9,0.53,0.0,False
Tyson Chandler,PHO,2017,8.4,11.5,0.6,1.4,27.6,0.671,0.0,False
Wilson Chandler,DEN,2017,15.7,6.5,2.0,1.6,30.9,0.461,0.0,False
Marquese Chriss,PHO,2017,9.2,4.2,0.7,1.3,21.3,0.449,0.0,False
Rakeem Christmas,IND,2017,2.0,1.9,0.1,0.3,7.6,0.442,0.0,False
Semaj Christon,OKC,2017,2.9,1.4,2.0,0.7,15.2,0.345,0.0,False
Ian Clark,GSW,2017,6.8,1.6,1.2,0.7,14.8,0.487,0.0,False
Jordan Clarkson,LAL,2017,14.7,3.0,2.6,2.0,29.2,0.445,0.0,False
Norris Cole,OKC,2017,3.3,0.8,1.1,0.5,9.6,0.308,0.0,False
Darren Collison,SAC,2017,13.2,2.2,4.6,1.7,30.3,0.476,0.0,False
Nick Collison,OKC,2017,1.7,1.6,0.6,0.2,6.4,0.609,0.0,False
Mike Conley,MEM,2017,20.5,3.5,6.3,2.3,33.2,0.46,0.0,False
Pat Connaughton,POR,2017,2.5,1.3,0.7,0.4,8.1,0.514,0.0,False
Quinn Cook,2TM,2017,5.6,0.5,1.9,0.9,13.4,0.5,0.0,False
Quinn Cook,DAL,2017,5.4,0.6,2.4,1.6,15.4,0.44,0.0,False
Quinn Cook,NOP,2017,5.8,0.4,1.6,0.6,12.3,0.537,0.0,False
DeMarcus Cousins,2TM,2017,27.0,11.0,4.6,3.7,34.2,0.452,0.0,False
DeMarcus Cousins,SAC,2017,27.8,10.6,4.8,3.8,34.4,0.452,0.0,False
DeMarcus Cousins,NOP,2017,24.4,12.4,3.9,3.6,33.8,0.452,0.0,False
Robert Covington,PHI,2017,12.9,6.5,1.5,2.0,31.6,0.399,0.0,False
Allen Crabbe,POR,2017,10.7,2.9,1.2,0.8,28.5,0.468,0.0,False
Jamal Crawford,LAC,2017,12.3,1.6,2.6,1.6,26.3,0.413,0.0,False
Jordan Crawford,NOP,2017,14.1,1.8,3.0,1.3,23.3,0.482,0.0,False
Jae Crowder,BOS,2017,13.9,5.8,2.2,1.1,32.4,0.463,0.0,False
Dante Cunningham,NOP,2017,6.6,4.2,0.6,0.4,25.0,0.485,0.0,False
Seth Curry,DAL,2017,12.8,2.6,2.7,1.3,29.0,0.481,0.0,False
Stephen Curry,GSW,2017,25.3,4.5,6.6,3.0,33.4,0.468,0.0,False
Troy Daniels,MEM,2017,8.2,1.5,0.7,0.7,17.7,0.374,0.0,False
Anthony Davis,NOP,2017,28.0,11.8,2.1,2.4,36.1,0.505,0.0,False
Deyonta Davis,MEM,2017,1.6,1.7,0.1,0.2,6.6,0.511,0.0,False
Ed Davis,POR,2017,4.3,5.3,0.6,0.8,17.2,0.528,0.0,False
Dewayne Dedmon,SAS,2017,5.1,6.5,0.6,0.8,17.5,0.622,0.0,False
Sam Dekker,HOU,2017,6.5,3.7,1.0,0.5,18.4,0.473,0.0,False
Malcolm Delaney,ATL,2017,5.4,1.7,2.6,1.3,17.1,0.374,0.0,False
Matthew Dellavedova,MIL,2017,7.6,1.9,4.7,1.8,26.1,0.39,0.0,False
Luol Deng,LAL,2017,7.6,5.3,1.3,0.8,26.5,0.387,0.0,False
DeMar DeRozan,TOR,2017,27.3,5.2,3.9,2.4,35.4,0.467,0.0,False
Cheick Diallo,NOP,2017,5.1,4.3,0.2,0.4,11.7,0.474,0.0,False
Boris Diaw,UTA,2017,4.6,2.2,2.3,1.2,17.6,0.446,0.0,False
Gorgui Dieng,MIN,2017,10.0,7.9,1.9,1.3,32.4,0.502,0.0,False
Spencer Dinwiddie,BRK,2017,7.3,2.8,3.1,1.1,22.6,0.444,0.0,False
Toney Douglas,MEM,2017,4.9,2.5,2.3,0.9,16.4,0.368,0.0,False
Goran Dragić,MIA,2017,20.3,3.8,5.8,2.9,33.7,0.475,0.0,False
Andre Drummond,DET,2017,13.6,13.8,1.1,1.9,29.7,0.53,0.0,False
Jared Dudley,PHO,2017,6.8,3.5,1.9,1.1,21.3,0.454,0.0,False
Mike Dunleavy,2TM,2017,5.2,2.2,0.9,0.5,15.9,0.423,0.0,False
Mike Dunleavy,CLE,2017,4.6,2.0,0.9,0.6,15.9,0.4,0.0,False
Mike Dunleavy,ATL,2017,5.6,2.3,1.0,0.5,15.8,0.438,0.0,False
Kris Dunn,MIN,2017,3.8,2.1,2.4,1.1,17.1,0.377,0.0,False
Kevin Durant,GSW,2017,25.1,8.3,4.8,2.2,33.4,0.537,0.0,False
Jarell Eddie,PHO,2017,4.8,1.4,0.0,0.2,12.4,0.316,0.0,False
Henry Ellenson,DET,2017,3.2,2.2,0.4,0.7,7.7,0.359,0.0,False
Wayne Ellington,MIA,2017,10.5,2.1,1.1,0.5,24.2,0.416,0.0,False
Monta Ellis,IND,2017,8.5,2.8,3.2,1.8,27.0,0.443,0.0,False
Joel Embiid,PHI,2017,20.2,7.8,2.1,3.8,25.4,0.466,0.0,False
James Ennis III,MEM,2017,6.7,4.0,1.0,0.9,23.5,0.455,0.0,False
Tyler Ennis,2TM,2017,4.3,0.8,1.6,0.8,11.1,0.433,0.0,False
Tyler Ennis,HOU,2017,1.9,0.6,1.1,0.8,6.3,0.391,0.0,False
Tyler Ennis,LAL,2017,7.7,1.2,2.4,1.0,17.8,0.451,0.0,False
Tyreke Evans,2TM,2017,10.3,3.4,3.1,1.5,19.7,0.405,0.0,False
Tyreke Evans,NOP,2017,9.5,3.3,3.5,1.5,18.2,0.401,0.0,False
Tyreke Evans,SAC,2017,11.6,3.6,2.4,1.6,22.4,0.413,0.0,False
Dante Exum,UTA,2017,6.2,2.0,1.7,1.2,18.6,0.427,0.0,False
Kenneth Faried,DEN,2017,9.6,7.6,0.9,1.0,21.2,0.548,0.0,False
Jordan Farmar,SAC,2017,6.0,1.5,4.5,1.5,17.5,0.333,0.0,False
Derrick Favors,UTA,2017,9.5,6.1,1.1,1.2,23.7,0.487,0.0,False
Kay Felder,CLE,2017,4.0,1.0,1.4,0.7,9.2,0.392,0.0,False
Cristiano Felício,CHI,2017,4.8,4.7,0.6,0.5,15.8,0.579,0.0,False
Raymond Felton,LAC,2017,6.7,2.7,2.4,1.0,21.3,0.43,0.0,False
Yogi Ferrell,2TM,2017,10.0,2.4,3.7,1.5,26.0,0.406,0.0,False
Yogi Ferrell,BRK,2017,5.4,1.2,1.7,1.4,15.1,0.367,0.0,False
Yogi Ferrell,DAL,2017,11.3,2.8,4.3,1.6,29.1,0.412,0.0,False
Dorian Finney-Smith,DAL,2017,4.3,2.7,0.8,0.6,20.3,0.372,0.0,False
Bryn Forbes,SAS,2017,2.6,0.6,0.6,0.3,7.9,0.364,0.0,False
Evan Fournier,ORL,2017,17.2,3.1,3.0,2.1,32.9,0.439,0.0,False
Randy Foye,BRK,2017,5.2,2.2,2.0,1.2,18.6,0.363,0.0,False
Tim Frazier,NOP,2017,7.1,2.7,5.2,1.6,23.5,0.403,0.0,False
Channing Frye,CLE,2017,9.1,3.9,0.6,0.7,18.9,0.458,0.0,False
Danilo Gallinari,DEN,2017,18.2,5.2,2.1,1.3,33.9,0.447,0.0,False
Langston Galloway,2TM,2017,7.9,2.1,1.3,0.6,20.2,0.38,0.0,False
Langston Galloway,NOP,2017,8.6,2.2,1.2,0.5,20.4,0.374,0.0,False
Langston Galloway,SAC,2017,6.0,1.8,1.5,0.9,19.7,0.404,0.0,False
Patricio Garino,ORL,2017,0.0,1.4,0.0,0.6,8.6,0.0,0.0,False
Marc Gasol,MEM,2017,19.5,6.3,4.6,2.2,34.2,0.459,0.0,False
Pau Gasol,SAS,2017,12.4,7.8,2.3,1.3,25.4,0.502,0.0,False
Rudy Gay,SAC,2017,18.7,6.3,2.8,2.5,33.8,0.455,0.0,False
Michael Gbinije,DET,2017,0.4,0.3,0.2,0.0,3.6,0.1,0.0,False
Alonzo Gee,DEN,2017,0.8,1.2,0.5,0.3,6.8,0.214,0.0,False
Marcus Georges-Hunt,ORL,2017,2.8,1.8,0.6,0.4,9.6,0.286,0.0,False
Paul George,IND,2017,23.7,6.6,3.3,2.9,35.9,0.461,0.0,False
Jonathan Gibson,DAL,2017,6.2,1.3,1.5,1.2,13.6,0.368,0.0,False
Taj Gibson,2TM,2017,10.8,6.2,0.9,1.3,25.5,0.515,0.0,False
Taj Gibson,CHI,2017,11.6,6.9,1.1,1.4,27.3,0.521,0.0,False
Taj Gibson,OKC,2017,9.0,4.5,0.6,1.2,21.2,0.497,0.0,False
Manu Ginóbili,SAS,2017,7.5,2.3,2.7,1.4,18.7,0.39,0.0,False
Rudy Gobert,UTA,2017,14.0,12.8,1.2,1.8,33.9,0.661,0.0,False
Archie Goodwin,2TM,2017,7.3,1.9,1.6,0.9,14.3,0.545,0.0,False
Archie Goodwin,NOP,2017,5.0,0.0,0.3,0.0,10.0,0.4,0.0,False
Archie Goodwin,BRK,2017,7.9,2.3,1.9,1.2,15.3,0.557,0.0,False
Aaron Gordon,ORL,2017,12.7,5.1,1.9,1.1,28.7,0.454,0.0,False
Eric Gordon,HOU,2017,16.2,2.7,2.5,1.6,31.0,0.406,0.0,False
Marcin Gortat,WAS,2017,10.8,10.4,1.5,1.5,31.2,0.579,0.0,False
Treveon Graham,CHO,2017,2.1,0.8,0.2,0.1,7.0,0.475,0.0,False
Jerami Grant,2TM,2017,5.5,2.6,0.6,0.6,19.1,0.463,0.0,False
Jerami Grant,PHI,2017,8.0,3.0,0.0,1.5,20.5,0.353,0.0,False
Jerami Grant,OKC,2017,5.4,2.6,0.6,0.5,19.1,0.469,0.0,False
Jerian Grant,CHI,2017,5.9,1.8,1.9,0.7,16.3,0.425,0.0,False
Danny Green,SAS,2017,7.3,3.3,1.8,1.1,26.6,0.392,0.0,False
Draymond Green,GSW,2017,10.2,7.9,7.0,2.4,32.5,0.418,0.0,False
Gerald Green,BOS,2017,5.6,1.8,0.7,0.5,11.4,0.409,0.0,False
JaMychal Green,MEM,2017,8.9,7.1,1.1,1.2,27.3,0.5,0.0,False
Jeff Green,ORL,2017,9.2,3.1,1.2,1.1,22.2,0.394,0.0,False
Blake Griffin,LAC,2017,21.6,8.1,4.9,2.3,34.0,0.493,0.0,False
Justin Hamilton,BRK,2017,6.9,4.1,0.9,0.7,18.4,0.459,0.0,False
A.J. Hammons,DAL,2017,2.2,1.6,0.2,0.5,7.4,0.405,0.0,False
Tim Hardaway Jr.,ATL,2017,14.5,2.8,2.3,1.3,27.3,0.455,0.0,False
James Harden,HOU,2017,29.1,8.1,11.2,5.7,36.4,0.44,0.0,False
Maurice Harkless,POR,2017,10.0,4.4,1.1,1.1,28.9,0.503,0.0,False
Justin Harper,PHI,2017,4.0,1.7,0.7,1.3,10.3,0.417,0.0,False
Montrezl Harrell,HOU,2017,9.1,3.8,1.1,0.8,18.3,0.652,0.0,False
Aaron Harrison,CHO,2017,0.2,0.6,0.6,0.0,3.4,0.0,0.0,False
Andrew Harrison,MEM,2017,5.9,1.9,2.8,1.2,20.5,0.325,0.0,False
Devin Harris,DAL,2017,6.7,2.0,2.1,0.9,16.7,0.399,0.0,False
Gary Harris,DEN,2017,14.9,3.1,2.9,1.3,31.3,0.502,0.0,False
Joe Harris,BRK,2017,8.2,2.8,1.0,1.1,21.9,0.425,0.0,False
Manny Harris,DAL,2017,2.0,2.3,0.5,0.5,6.3,0.2,0.0,False
Tobias Harris,DET,2017,16.1,5.1,1.7,1.2,31.3,0.481,0.0,False
Udonis Haslem,MIA,2017,1.9,2.3,0.4,0.5,8.1,0.478,0.0,False
Spencer Hawes,2TM,2017,6.2,3.5,1.5,0.9,14.8,0.484,0.0,False
Spencer Hawes,CHO,2017,7.3,4.2,1.8,1.1,17.9,0.477,0.0,False
Spencer Hawes,MIL,2017,4.4,2.4,1.0,0.5,9.0,0.508,0.0,False
Gordon Hayward,UTA,2017,21.9,5.4,3.5,1.9,34.5,0.471,0.0,False
Gerald Henderson,PHI,2017,9.2,2.6,1.6,0.9,23.2,0.423,0.0,False
John Henson,MIL,2017,6.8,5.1,1.0,0.9,19.4,0.515,0.0,False
Juancho Hernangómez,DEN,2017,4.9,3.0,0.5,0.5,13.6,0.451,0.0,False
Willy Hernangómez,NYK,2017,8.2,7.0,1.3,1.4,18.4,0.529,0.0,False
Mario Hezonja,ORL,2017,4.9,2.2,1.0,0.9,14.8,0.355,0.0,False
Roy Hibbert,2TM,2017,4.6,3.2,0.4,0.7,14.2,0.544,0.0,False
Roy Hibbert,CHO,2017,5.2,3.6,0.5,0.7,16.0,0.542,0.0,False
Roy Hibbert,DEN,2017,0.7,0.3,0.2,0.2,1.8,0.667,0.0,False
Buddy Hield,2TM,2017,10.6,3.3,1.5,1.2,23.0,0.426,0.0,False
Buddy Hield,NOP,2017,8.6,2.9,1.4,0.8,20.4,0.393,0.0,False
Buddy Hield,SAC,2017,15.1,4.1,1.8,2.1,29.1,0.48,0.0,False
Nenê,HOU,2017,9.1,4.2,1.0,1.1,17.9,0.617,0.0,False
George Hill,UTA,2017,16.9,3.4,4.2,1.7,31.5,0.477,0.0,False
Darrun Hilliard,DET,2017,3.3,0.8,0.8,0.7,9.8,0.373,0.0,False
Jordan Hill,MIN,2017,1.7,2.0,0.0,0.6,6.7,0.385,0.0,False
Solomon Hill,NOP,2017,7.0,3.8,1.8,1.0,29.7,0.383,0.0,False
Jrue Holiday,NOP,2017,15.4,3.9,7.3,2.9,32.7,0.454,0.0,False
Justin Holiday,NYK,2017,7.7,2.7,1.2,0.8,20.0,0.433,0.0,False
Rondae Hollis-Jefferson,BRK,2017,8.7,5.8,2.0,1.5,22.6,0.434,0.0,False
Richaun Holmes,PHI,2017,9.8,5.5,1.0,1.0,20.9,0.558,0.0,False
Rodney Hood,UTA,2017,12.7,3.4,1.6,1.1,27.0,0.408,0.0,False
Al Horford,BOS,2017,14.0,6.8,5.0,1.7,32.3,0.473,0.0,False
Danuel House Jr.,WAS,2017,0.0,1.0,0.0,0.0,1.0,,0.0,False
Dwight Howard,ATL,2017,13.5,12.7,1.4,2.3,29.7,0.633,0.0,False
Marcelo Huertas,LAL,2017,2.7,1.0,2.3,0.8,10.3,0.368,0.0,False
Josh Huestis,OKC,2017,7.0,4.5,1.5,0.0,15.5,0.545,0.0,False
Kris Humphries,ATL,2017,4.6,3.7,0.5,0.5,12.3,0.407,0.0,False
R.J. Hunter,CHI,2017,0.0,0.3,0.0,0.0,3.0,0.0,0.0,False
Serge Ibaka,2TM,2017,14.8,6.8,0.9,1.3,30.7,0.48,0.0,False
Serge Ibaka,ORL,2017,15.1,6.8,1.1,1.2,30.5,0.488,0.0,False
Serge Ibaka,TOR,2017,14.2,6.8,0.7,1.7,31.0,0.459,0.0,False
Andre Iguodala,GSW,2017,7.6,4.0,3.4,0.8,26.3,0.528,0.0,False
Ersan İlyasova,3TM,2017,13.1,5.9,1.7,1.4,26.1,0.431,0.0,False
Ersan İlyasova,OKC,2017,5.0,5.3,0.3,1.3,20.7,0.375,0.0,False
Ersan İlyasova,PHI,2017,14.8,5.9,1.8,1.5,27.3,0.44,0.0,False
Ersan İlyasova,ATL,2017,10.4,5.8,1.7,1.3,24.3,0.412,0.0,False
Joe Ingles,UTA,2017,7.1,3.2,2.7,1.3,24.0,0.452,0.0,False
Brandon Ingram,LAL,2017,9.4,4.0,2.1,1.5,28.8,0.402,0.0,False
Kyrie Irving,CLE,2017,25.2,3.2,5.8,2.5,35.1,0.473,0.0,False
Jarrett Jack,NOP,2017,3.0,0.0,2.5,1.5,16.5,0.667,0.0,False
Demetrius Jackson,BOS,2017,2.0,0.8,0.6,0.0,3.4,0.75,0.0,False
Pierre Jackson,DAL,2017,4.4,1.1,2.4,0.4,10.5,0.333,0.0,False
Reggie Jackson,DET,2017,14.5,2.2,5.2,2.2,27.4,0.419,0.0,False
LeBron James,CLE,2017,26.4,8.6,8.7,4.1,37.8,0.548,0.0,False
Al Jefferson,IND,2017,8.1,4.2,0.9,0.5,14.1,0.499,0.0,False
Richard Jefferson,CLE,2017,5.7,2.6,1.0,0.7,20.4,0.446,0.0,False
John Jenkins,PHO,2017,1.8,0.3,0.3,0.0,3.3,0.4,0.0,False
Brandon Jennings,2TM,2017,7.1,2.4,4.9,1.6,22.2,0.359,0.0,False
Brandon Jennings,NYK,2017,8.6,2.6,4.9,1.8,24.6,0.38,0.0,False
Brandon Jennings,WAS,2017,3.5,1.9,4.7,1.0,16.3,0.274,0.0,False
Jonas Jerebko,BOS,2017,3.8,3.5,0.9,0.5,15.8,0.435,0.0,False
Amir Johnson,BOS,2017,6.5,4.6,1.8,1.0,20.1,0.576,0.0,False
Brice Johnson,LAC,2017,1.3,1.0,0.3,0.3,3.0,0.286,0.0,False
James Johnson,MIA,2017,12.8,4.9,3.6,2.3,27.4,0.479,0.0,False
Joe Johnson,UTA,2017,9.2,3.1,1.8,0.9,23.6,0.436,0.0,False
Stanley Johnson,DET,2017,4.4,2.5,1.4,0.9,17.8,0.353,0.0,False
Tyler Johnson,MIA,2017,13.7,4.0,3.2,1.2,29.8,0.433,0.0,False
Wesley Johnson,LAC,2017,2.7,2.7,0.3,0.3,11.9,0.365,0.0,False
Nikola Jokić,DEN,2017,16.7,9.8,4.9,2.3,27.9,0.578,0.0,False
Dahntay Jones,CLE,2017,9.0,2.0,1.0,1.0,12.0,0.375,0.0,False
Damian Jones,GSW,2017,1.9,2.3,0.0,0.6,8.5,0.5,0.0,False
Derrick Jones Jr.,PHO,2017,5.3,2.5,0.4,0.4,17.0,0.562,0.0,False
James Jones,CLE,2017,2.8,0.8,0.3,0.2,7.9,0.478,0.0,False
Terrence Jones,2TM,2017,10.8,5.7,1.1,0.9,23.5,0.47,0.0,False
Terrence Jones,NOP,2017,11.5,5.9,1.2,0.9,24.8,0.472,0.0,False
Terrence Jones,MIL,2017,0.0,1.0,0.0,0.0,2.0,0.0,0.0,False
Tyus Jones,MIN,2017,3.5,1.1,2.6,0.6,12.9,0.414,0.0,False
DeAndre Jordan,LAC,2017,12.7,13.8,1.2,1.4,31.7,0.714,0.0,False
Cory Joseph,TOR,2017,9.3,2.9,3.3,1.4,25.0,0.452,0.0,False
Frank Kaminsky,CHO,2017,11.7,4.5,2.2,1.0,26.1,0.399,0.0,False
Enes Freedom,OKC,2017,14.3,6.7,0.9,1.7,21.3,0.545,0.0,False
Ryan Kelly,ATL,2017,1.6,1.1,0.5,0.3,6.9,0.286,0.0,False
Michael Kidd-Gilchrist,CHO,2017,9.2,7.0,1.4,0.7,29.0,0.477,0.0,False
Sean Kilpatrick,BRK,2017,13.1,4.0,2.2,1.9,25.1,0.415,0.0,False
Brandon Knight,PHO,2017,11.0,2.2,2.4,1.6,21.1,0.398,0.0,False
Kyle Korver,2TM,2017,10.1,2.8,1.6,1.0,26.2,0.464,0.0,False
Kyle Korver,ATL,2017,9.5,2.8,2.3,1.3,27.9,0.439,0.0,False
Kyle Korver,CLE,2017,10.7,2.8,1.0,0.8,24.5,0.487,0.0,False
Kosta Koufos,SAC,2017,6.6,5.7,0.7,0.9,20.0,0.551,0.0,False
Mindaugas Kuzminskas,NYK,2017,6.3,1.9,1.0,0.8,14.9,0.428,0.0,False
Skal Labissière,SAC,2017,8.8,4.9,0.8,1.1,18.5,0.537,0.0,False
Jeremy Lamb,CHO,2017,9.7,4.3,1.2,0.6,18.4,0.46,0.0,False
Nicolás Laprovíttola,SAS,2017,3.3,0.6,1.6,1.1,9.7,0.426,0.0,False
Joffrey Lauvergne,2TM,2017,5.4,3.6,1.0,0.8,14.0,0.44,0.0,False
Joffrey Lauvergne,OKC,2017,5.7,3.7,1.0,0.8,14.8,0.455,0.0,False
Joffrey Lauvergne,CHI,2017,4.5,3.4,1.0,0.8,12.1,0.402,0.0,False
Zach LaVine,MIN,2017,18.9,3.4,3.0,1.8,37.2,0.459,0.0,False
Ty Lawson,SAC,2017,9.9,2.6,4.8,1.9,25.1,0.454,0.0,False
Jake Layman,POR,2017,2.2,0.7,0.3,0.3,7.1,0.292,0.0,False
Courtney Lee,NYK,2017,10.8,3.4,2.3,0.9,31.9,0.456,0.0,False
David Lee,SAS,2017,7.3,5.6,1.6,1.0,18.7,0.59,0.0,False
Alex Len,PHO,2017,8.0,6.6,0.6,1.3,20.3,0.497,0.0,False
Kawhi Leonard,SAS,2017,25.5,5.8,3.5,2.1,33.4,0.485,0.0,False
Meyers Leonard,POR,2017,5.4,3.2,1.0,0.5,16.5,0.386,0.0,False
Jon Leuer,DET,2017,10.2,5.4,1.5,0.9,25.9,0.48,0.0,False
Caris LeVert,BRK,2017,8.2,3.3,1.9,1.0,21.7,0.45,0.0,False
DeAndre Liggins,2TM,2017,2.5,1.7,0.9,0.7,12.5,0.387,0.0,False
DeAndre Liggins,CLE,2017,2.4,1.7,0.9,0.7,12.3,0.382,0.0,False
DeAndre Liggins,DAL,2017,8.0,7.0,0.0,0.0,25.0,0.5,0.0,False
Damian Lillard,POR,2017,27.0,4.9,5.9,2.6,35.9,0.444,0.0,False
Jeremy Lin,BRK,2017,14.5,3.8,5.1,2.4,24.5,0.438,0.0,False
Shaun Livingston,GSW,2017,5.1,2.0,1.8,0.8,17.7,0.547,0.0,False
Shawn Long,PHI,2017,8.2,4.7,0.7,0.7,13.0,0.56,0.0,False
Kevon Looney,GSW,2017,2.5,2.3,0.5,0.3,8.4,0.523,0.0,False
Brook Lopez,BRK,2017,20.5,5.4,2.3,2.5,29.6,0.474,0.0,False
Robin Lopez,CHI,2017,10.4,6.4,1.0,1.1,28.0,0.493,0.0,False
Kevin Love,CLE,2017,19.0,11.1,1.9,2.0,31.4,0.427,0.0,False
Kyle Lowry,TOR,2017,22.4,4.8,7.0,2.9,37.4,0.464,0.0,False
John Lucas III,MIN,2017,0.4,0.0,0.2,0.0,2.2,0.25,0.0,False
Timothé Luwawu-Cabarrot,PHI,2017,6.4,2.2,1.1,1.1,17.2,0.402,0.0,False
Trey Lyles,UTA,2017,6.2,3.3,1.0,0.9,16.3,0.362,0.0,False
Shelvin Mack,UTA,2017,7.8,2.3,2.8,1.6,21.9,0.446,0.0,False
Ian Mahinmi,WAS,2017,5.6,4.8,0.6,1.1,17.9,0.586,0.0,False
Thon Maker,MIL,2017,4.0,2.0,0.4,0.3,9.9,0.459,0.0,False
Boban Marjanović,DET,2017,5.5,3.7,0.3,0.3,8.4,0.545,0.0,False
Jarell Martin,MEM,2017,3.9,3.9,0.2,0.7,13.3,0.384,0.0,False
Wesley Matthews,DAL,2017,13.5,3.5,2.9,1.4,34.2,0.393,0.0,False
Luc Mbah a Moute,LAC,2017,6.1,2.1,0.5,0.6,22.3,0.505,0.0,False
James Michael McAdoo,GSW,2017,2.8,1.8,0.3,0.4,8.8,0.53,0.0,False
Patrick McCaw,GSW,2017,4.0,1.4,1.1,0.5,15.1,0.433,0.0,False
Sheldon Mac,WAS,2017,3.0,1.1,0.5,0.2,9.6,0.4,0.0,False
CJ McCollum,POR,2017,23.0,3.6,3.6,2.2,35.0,0.48,0.0,False
T.J. McConnell,PHI,2017,6.9,3.1,6.6,2.0,26.3,0.461,0.0,False
Chris McCullough,2TM,2017,2.3,1.2,0.1,0.2,5.0,0.5,0.0,False
Chris McCullough,BRK,2017,2.5,1.2,0.1,0.1,5.1,0.516,0.0,False
Chris McCullough,WAS,2017,0.5,1.0,0.0,0.5,4.0,0.0,0.0,False
K.J. McDaniels,2TM,2017,4.2,1.7,0.3,0.6,10.3,0.456,0.0,False
K.J. McDaniels,HOU,2017,2.8,1.0,0.1,0.3,7.3,0.456,0.0,False
K.J. McDaniels,BRK,2017,6.3,2.6,0.5,1.0,14.7,0.455,0.0,False
Doug McDermott,2TM,2017,9.0,2.7,0.9,0.6,22.8,0.447,0.0,False
Doug McDermott,CHI,2017,10.2,3.0,1.0,0.7,24.5,0.445,0.0,False
Doug McDermott,OKC,2017,6.6,2.2,0.6,0.3,19.5,0.452,0.0,False
JaVale McGee,GSW,2017,6.1,3.2,0.2,0.5,9.6,0.652,0.0,False
Rodney McGruder,MIA,2017,6.4,3.3,1.6,0.7,25.2,0.413,0.0,False
Ben McLemore,SAC,2017,8.1,2.1,0.8,1.0,19.3,0.43,0.0,False
Jordan McRae,CLE,2017,4.4,1.1,0.5,0.4,10.4,0.387,0.0,False
Josh McRoberts,MIA,2017,4.9,3.4,2.3,1.0,17.3,0.373,0.0,False
Jodie Meeks,ORL,2017,9.1,2.1,1.3,1.0,20.5,0.402,0.0,False
Salah Mejri,DAL,2017,2.9,4.2,0.2,0.5,12.4,0.642,0.0,False
Jordan Mickey,BOS,2017,1.5,1.4,0.3,0.4,5.6,0.441,0.0,False
Khris Middleton,MIL,2017,14.7,4.2,3.4,2.2,30.7,0.45,0.0,False
C.J. Miles,IND,2017,10.7,3.0,0.6,0.5,23.4,0.434,0.0,False
Mike Miller,DEN,2017,1.4,1.9,1.1,0.7,7.6,0.391,0.0,False
Elijah Millsap,PHO,2017,1.5,3.0,0.5,1.0,11.5,0.143,0.0,False
Paul Millsap,ATL,2017,18.1,7.7,3.7,2.3,34.0,0.442,0.0,False
Patty Mills,SAS,2017,9.5,1.8,3.5,1.3,21.9,0.44,0.0,False
Nikola Mirotić,CHI,2017,10.6,5.5,1.1,1.1,24.0,0.413,0.0,False
Greg Monroe,MIL,2017,11.7,6.6,2.3,1.7,22.5,0.533,0.0,False
E'Twaun Moore,NOP,2017,9.6,2.1,2.2,0.8,24.9,0.457,0.0,False
Markieff Morris,WAS,2017,14.0,6.5,1.7,1.7,31.2,0.457,0.0,False
Marcus Morris,DET,2017,14.0,4.6,2.0,1.1,32.5,0.418,0.0,False
Anthony Morrow,2TM,2017,5.5,0.6,0.5,0.1,14.6,0.389,0.0,False
Anthony Morrow,OKC,2017,5.8,0.7,0.5,0.2,15.7,0.386,0.0,False
Anthony Morrow,CHI,2017,4.6,0.2,0.7,0.0,9.7,0.414,0.0,False
Donatas Motiejūnas,NOP,2017,4.4,3.0,0.9,0.9,14.1,0.413,0.0,False
Timofey Mozgov,LAL,2017,7.4,4.9,0.8,1.3,20.4,0.515,0.0,False
Emmanuel Mudiay,DEN,2017,11.0,3.2,3.9,2.2,25.6,0.377,0.0,False
Shabazz Muhammad,MIN,2017,9.9,2.8,0.4,0.7,19.4,0.482,0.0,False
Dejounte Murray,SAS,2017,3.4,1.1,1.3,1.0,8.5,0.431,0.0,False
Jamal Murray,DEN,2017,9.9,2.6,2.1,1.4,21.5,0.404,0.0,False
Mike Muscala,ATL,2017,6.2,3.4,1.4,0.8,17.7,0.504,0.0,False
Larry Nance Jr.,LAL,2017,7.1,5.9,1.5,0.9,22.9,0.526,0.0,False
Shabazz Napier,POR,2017,4.1,1.2,1.3,0.8,9.7,0.399,0.0,False
Maurice Ndour,NYK,2017,3.1,2.0,0.3,0.4,10.3,0.453,0.0,False
Gary Neal,ATL,2017,2.0,0.5,0.5,0.0,9.0,0.0,0.0,False
Jameer Nelson,DEN,2017,9.2,2.6,5.1,1.7,27.3,0.444,0.0,False
Raul Neto,UTA,2017,2.5,0.8,0.9,0.4,8.7,0.451,0.0,False
Georges Niang,IND,2017,0.9,0.7,0.2,0.2,4.0,0.25,0.0,False
Andrew Nicholson,2TM,2017,2.6,1.6,0.3,0.4,9.0,0.387,0.0,False
Andrew Nicholson,WAS,2017,2.5,1.2,0.3,0.4,8.3,0.39,0.0,False
Andrew Nicholson,BRK,2017,3.0,2.7,0.3,0.6,11.1,0.382,0.0,False
Joakim Noah,NYK,2017,5.0,8.8,2.2,1.3,22.1,0.49,0.0,False
Nerlens Noel,2TM,2017,8.7,5.8,1.0,1.0,20.5,0.595,0.0,False
Nerlens Noel,PHI,2017,8.9,5.0,1.0,1.0,19.4,0.611,0.0,False
Nerlens Noel,DAL,2017,8.5,6.8,0.9,1.0,22.0,0.575,0.0,False
Lucas Nogueira,TOR,2017,4.4,4.3,0.7,0.8,19.1,0.66,0.0,False
Steve Novak,MIL,2017,0.6,0.4,0.0,0.0,2.8,0.286,0.0,False
Dirk Nowitzki,DAL,2017,14.2,6.5,1.5,0.9,26.4,0.437,0.0,False
Jusuf Nurkić,2TM,2017,10.2,7.2,1.9,2.2,21.4,0.507,0.0,False
Jusuf Nurkić,DEN,2017,8.0,5.8,1.3,1.8,17.9,0.507,0.0,False
Jusuf Nurkić,POR,2017,15.2,10.4,3.2,3.1,29.2,0.508,0.0,False
David Nwaba,LAL,2017,6.0,3.2,0.7,0.6,19.9,0.58,0.0,False
Johnny O'Bryant,2TM,2017,3.5,1.7,0.5,0.5,7.3,0.5,0.0,False
Johnny O'Bryant,DEN,2017,2.9,1.6,0.3,0.4,6.6,0.467,0.0,False
Johnny O'Bryant,CHO,2017,4.5,2.0,1.0,0.8,8.5,0.533,0.0,False
Daniel Ochefu,WAS,2017,1.3,1.2,0.2,0.2,3.9,0.444,0.0,False
Jahlil Okafor,PHI,2017,11.8,4.8,1.2,1.8,22.7,0.514,0.0,False
Victor Oladipo,OKC,2017,15.9,4.3,2.6,1.8,33.2,0.442,0.0,False
Kelly Olynyk,BOS,2017,9.0,4.8,2.0,1.3,20.5,0.512,0.0,False
Arinze Onuaku,ORL,2017,0.5,0.8,0.3,0.3,3.5,0.5,0.0,False
Chinanu Onuaku,HOU,2017,2.8,2.0,0.6,0.8,10.4,0.714,0.0,False
Kyle O'Quinn,NYK,2017,6.3,5.6,1.5,1.0,15.6,0.521,0.0,False
Kelly Oubre Jr.,WAS,2017,6.3,3.3,0.6,0.6,20.3,0.421,0.0,False
Zaza Pachulia,GSW,2017,6.1,5.9,1.9,1.2,18.1,0.534,0.0,False
Georgios Papagiannis,SAC,2017,5.6,3.9,0.9,1.1,16.1,0.549,0.0,False
Jabari Parker,MIL,2017,20.1,6.2,2.8,1.8,33.9,0.49,0.0,False
Tony Parker,SAS,2017,10.1,1.8,4.5,1.4,25.2,0.466,0.0,False
Chandler Parsons,MEM,2017,6.2,2.5,1.6,0.7,19.9,0.338,0.0,False
Lamar Patterson,ATL,2017,1.8,1.4,1.2,0.8,8.0,0.2,0.0,False
Patrick Patterson,TOR,2017,6.8,4.5,1.2,0.6,24.6,0.401,0.0,False
Chris Paul,LAC,2017,18.1,5.0,9.2,2.4,31.5,0.476,0.0,False
Adreian Payne,MIN,2017,3.5,1.8,0.4,0.4,7.5,0.426,0.0,False
Cameron Payne,2TM,2017,5.2,1.5,1.8,0.9,14.9,0.332,0.0,False
Cameron Payne,OKC,2017,5.3,1.6,2.0,0.8,16.0,0.331,0.0,False
Cameron Payne,CHI,2017,4.9,1.5,1.4,1.2,12.9,0.333,0.0,False
Elfrid Payton,ORL,2017,12.8,4.7,6.5,2.2,29.4,0.471,0.0,False
Gary Payton II,MIL,2017,3.3,2.0,2.2,1.7,16.5,0.364,0.0,False
Paul Pierce,LAC,2017,3.2,1.9,0.4,0.6,11.1,0.4,0.0,False
Mason Plumlee,2TM,2017,10.4,7.5,3.5,1.7,26.5,0.536,0.0,False
Mason Plumlee,POR,2017,11.1,8.0,4.0,1.6,28.1,0.532,0.0,False
Mason Plumlee,DEN,2017,9.1,6.4,2.6,1.7,23.4,0.547,0.0,False
Marshall Plumlee,NYK,2017,1.9,2.4,0.5,0.6,8.1,0.533,0.0,False
Miles Plumlee,2TM,2017,2.5,2.1,0.5,0.7,10.8,0.478,0.0,False
Miles Plumlee,MIL,2017,2.6,1.7,0.6,0.7,9.7,0.441,0.0,False
Miles Plumlee,CHO,2017,2.4,3.2,0.2,0.6,13.4,0.583,0.0,False
Jakob Poeltl,TOR,2017,3.1,3.1,0.2,0.5,11.6,0.583,0.0,False
Otto Porter Jr.,WAS,2017,13.4,6.4,1.5,0.6,32.6,0.516,0.0,False
Bobby Portis,CHI,2017,6.8,4.6,0.5,0.6,15.6,0.488,0.0,False
Kristaps Porziņģis,NYK,2017,18.1,7.2,1.5,1.8,32.8,0.45,0.0,False
Dwight Powell,DAL,2017,6.7,4.0,0.6,0.4,17.3,0.515,0.0,False
Norman Powell,TOR,2017,8.4,2.2,1.1,0.9,18.0,0.449,0.0,False
Alex Poythress,PHI,2017,10.7,4.8,0.8,0.5,26.2,0.463,0.0,False
Ronnie Price,PHO,2017,1.0,0.8,1.3,0.2,9.6,0.167,0.0,False
Taurean Prince,ATL,2017,5.7,2.7,0.9,1.0,16.6,0.4,0.0,False
Tim Quarterman,POR,2017,1.9,0.9,0.7,0.7,5.0,0.448,0.0,False
Chasson Randle,2TM,2017,5.3,1.2,1.3,0.7,11.5,0.408,0.0,False
Chasson Randle,PHI,2017,5.3,0.6,0.8,0.4,9.3,0.462,0.0,False
Chasson Randle,NYK,2017,5.3,1.5,1.6,0.9,12.5,0.389,0.0,False
Julius Randle,LAL,2017,13.2,8.6,3.6,2.3,28.8,0.488,0.0,False
Zach Randolph,MEM,2017,14.1,8.2,1.7,1.4,24.5,0.449,0.0,False
JJ Redick,LAC,2017,15.0,2.2,1.4,1.3,28.2,0.445,0.0,False
Willie Reed,MIA,2017,5.3,4.7,0.4,0.4,14.5,0.568,0.0,False
Josh Richardson,MIA,2017,10.2,3.2,2.6,1.2,30.5,0.394,0.0,False
Malachi Richardson,SAC,2017,3.6,1.0,0.5,0.4,9.0,0.412,0.0,False
Austin Rivers,LAC,2017,12.0,2.2,2.8,1.6,27.8,0.442,0.0,False
Andre Roberson,OKC,2017,6.6,5.1,1.0,0.6,30.1,0.464,0.0,False
Brian Roberts,CHO,2017,3.5,1.0,1.3,0.6,10.1,0.377,0.0,False
Glenn Robinson III,IND,2017,6.1,3.6,0.7,0.5,20.7,0.467,0.0,False
Thomas Robinson,LAL,2017,5.0,4.6,0.6,1.0,11.7,0.536,0.0,False
Sergio Rodríguez,PHI,2017,7.8,2.3,5.1,1.9,22.3,0.392,0.0,False
Rajon Rondo,CHI,2017,7.8,5.1,6.7,2.4,26.7,0.408,0.0,False
Derrick Rose,NYK,2017,18.0,3.8,4.4,2.3,32.5,0.471,0.0,False
Terrence Ross,2TM,2017,11.0,2.6,1.1,0.9,25.1,0.437,0.0,False
Terrence Ross,TOR,2017,10.4,2.6,0.8,0.6,22.4,0.441,0.0,False
Terrence Ross,ORL,2017,12.5,2.8,1.8,1.5,31.2,0.431,0.0,False
Terry Rozier,BOS,2017,5.5,3.1,1.8,0.6,17.1,0.367,0.0,False
Ricky Rubio,MIN,2017,11.1,4.1,9.1,2.6,32.9,0.402,0.0,False
Damjan Rudež,ORL,2017,1.8,0.6,0.4,0.2,7.0,0.352,0.0,False
Brandon Rush,MIN,2017,4.2,2.1,1.0,0.6,21.9,0.374,0.0,False
D'Angelo Russell,LAL,2017,15.6,3.5,4.8,2.8,28.7,0.405,0.0,False
Domantas Sabonis,OKC,2017,5.9,3.6,1.0,1.0,20.1,0.399,0.0,False
Larry Sanders,CLE,2017,0.8,0.8,0.0,0.4,2.6,0.25,0.0,False
Dario Šarić,PHI,2017,12.8,6.3,2.2,2.3,26.3,0.411,0.0,False
Tomáš Satoranský,WAS,2017,2.7,1.5,1.6,0.7,12.6,0.415,0.0,False
Dennis Schröder,ATL,2017,17.9,3.1,6.3,3.3,31.5,0.451,0.0,False
Luis Scola,BRK,2017,5.1,3.9,1.0,0.9,12.8,0.47,0.0,False
Mike Scott,ATL,2017,2.5,2.1,0.9,0.4,10.8,0.288,0.0,False
Thabo Sefolosha,ATL,2017,7.2,4.4,1.7,0.9,25.7,0.441,0.0,False
Wayne Selden,2TM,2017,5.1,1.1,0.9,0.9,16.9,0.431,0.0,False
Wayne Selden,NOP,2017,5.3,1.7,0.3,1.0,15.7,0.625,0.0,False
Wayne Selden,MEM,2017,5.0,1.0,1.1,0.8,17.2,0.4,0.0,False
Kevin Séraphin,IND,2017,4.7,2.9,0.5,0.6,11.4,0.551,0.0,False
Ramon Sessions,CHO,2017,6.2,1.5,2.6,0.9,16.2,0.38,0.0,False
Iman Shumpert,CLE,2017,7.5,2.9,1.4,1.0,25.5,0.411,0.0,False
Pascal Siakam,TOR,2017,4.2,3.4,0.3,0.6,15.6,0.502,0.0,False
Jonathon Simmons,SAS,2017,6.2,2.1,1.6,1.0,17.8,0.42,0.0,False
Kyle Singler,OKC,2017,2.8,1.5,0.3,0.3,12.0,0.41,0.0,False
Marcus Smart,BOS,2017,10.6,3.9,4.6,2.0,30.4,0.359,0.0,False
Ish Smith,DET,2017,9.4,2.9,5.2,1.4,24.1,0.439,0.0,False
Jason Smith,WAS,2017,5.7,3.5,0.5,0.8,14.4,0.529,0.0,False
J.R. Smith,CLE,2017,8.6,2.8,1.5,0.6,29.0,0.346,0.0,False
Tony Snell,MIL,2017,8.5,3.1,1.2,0.7,29.2,0.455,0.0,False
Marreese Speights,LAC,2017,8.7,4.5,0.8,0.8,15.7,0.445,0.0,False
Tiago Splitter,PHI,2017,4.9,2.8,0.5,0.8,9.5,0.452,0.0,False
Nik Stauskas,PHI,2017,9.5,2.8,2.4,1.6,27.4,0.396,0.0,False
Lance Stephenson,3TM,2017,6.8,2.9,3.3,1.4,20.1,0.45,0.0,False
Lance Stephenson,NOP,2017,9.7,3.0,4.8,1.8,27.0,0.473,0.0,False
Lance Stephenson,MIN,2017,3.5,1.7,0.8,0.7,11.2,0.476,0.0,False
Lance Stephenson,IND,2017,7.2,4.0,4.2,1.8,22.0,0.409,0.0,False
Jarnell Stokes,DEN,2017,1.5,1.0,1.0,0.0,3.5,1.0,0.0,False
Diamond Stone,LAC,2017,1.4,0.9,0.0,0.3,3.4,0.231,0.0,False
Rodney Stuckey,IND,2017,7.2,2.2,2.2,1.4,17.8,0.373,0.0,False
Jared Sullinger,TOR,2017,3.4,2.5,0.3,0.4,10.7,0.319,0.0,False
Edy Tavares,2TM,2017,4.0,5.5,0.5,1.0,14.0,0.8,0.0,False
Edy Tavares,ATL,2017,2.0,1.0,0.0,0.0,4.0,1.0,0.0,False
Edy Tavares,CLE,2017,6.0,10.0,1.0,2.0,24.0,0.75,0.0,False
Isaiah Taylor,HOU,2017,0.8,0.8,0.8,0.0,13.0,0.143,0.0,False
Jeff Teague,IND,2017,15.3,4.0,7.8,2.6,32.4,0.442,0.0,False
Mirza Teletović,MIL,2017,6.4,2.3,0.7,0.5,16.2,0.373,0.0,False
Garrett Temple,SAC,2017,7.8,2.8,2.6,1.2,26.6,0.424,0.0,False
Jason Terry,MIL,2017,4.1,1.4,1.3,0.5,18.4,0.432,0.0,False
Isaiah Thomas,BOS,2017,28.9,2.7,5.9,2.8,33.8,0.463,0.0,False
Lance Thomas,NYK,2017,6.0,3.1,0.8,0.5,21.0,0.398,0.0,False
Hollis Thompson,2TM,2017,5.1,2.8,0.9,0.3,18.8,0.385,0.0,False
Hollis Thompson,PHI,2017,5.5,2.7,0.8,0.3,18.1,0.415,0.0,False
Hollis Thompson,NOP,2017,3.8,3.1,1.0,0.2,21.2,0.268,0.0,False
Klay Thompson,GSW,2017,22.3,3.7,2.1,1.6,34.0,0.468,0.0,False
Tristan Thompson,CLE,2017,8.1,9.2,1.0,0.8,29.9,0.6,0.0,False
Marcus Thornton,WAS,2017,6.6,2.3,1.2,0.8,17.4,0.4,0.0,False
Mike Tobey,CHO,2017,1.0,1.5,0.5,0.5,12.5,0.25,0.0,False
Anthony Tolliver,SAC,2017,7.1,3.6,1.2,0.9,22.7,0.442,0.0,False
Axel Toupane,2TM,2017,2.8,0.3,0.0,0.0,11.8,0.556,0.0,False
Axel Toupane,MIL,2017,0.0,0.0,0.0,0.0,3.0,0.0,0.0,False
Axel Toupane,NOP,2017,5.5,0.5,0.0,0.0,20.5,0.625,0.0,False
Karl-Anthony Towns,MIN,2017,25.1,12.3,2.7,2.6,37.0,0.542,0.0,False
P.J. Tucker,2TM,2017,6.7,5.8,1.2,0.8,27.6,0.413,0.0,False
P.J. Tucker,PHO,2017,7.0,6.0,1.3,0.9,28.5,0.415,0.0,False
P.J. Tucker,TOR,2017,5.8,5.4,1.1,0.6,25.4,0.406,0.0,False
Evan Turner,POR,2017,9.0,3.8,3.2,1.5,25.5,0.426,0.0,False
Myles Turner,IND,2017,14.5,7.3,1.3,1.3,31.4,0.511,0.0,False
Beno Udrih,DET,2017,5.8,1.5,3.4,0.9,14.4,0.467,0.0,False
Tyler Ulis,PHO,2017,7.3,1.6,3.7,1.3,18.4,0.421,0.0,False
Jarrod Uthoff,DAL,2017,4.4,2.4,1.0,0.3,12.8,0.421,0.0,False
Jonas Valančiūnas,TOR,2017,12.0,9.5,0.7,1.3,25.8,0.557,0.0,False
Denzel Valentine,CHI,2017,5.1,2.6,1.1,0.9,17.1,0.354,0.0,False
Fred VanVleet,TOR,2017,2.9,1.1,0.9,0.4,7.9,0.351,0.0,False
Anderson Varejão,GSW,2017,1.3,1.9,0.7,0.6,6.6,0.357,0.0,False
Greivis Vásquez,BRK,2017,2.3,0.7,1.7,0.3,13.0,0.25,0.0,False
Rashad Vaughn,MIL,2017,3.5,1.2,0.6,0.3,11.2,0.365,0.0,False
Noah Vonleh,POR,2017,4.4,5.2,0.4,0.9,17.1,0.481,0.0,False
Nikola Vučević,ORL,2017,14.6,10.4,2.8,1.6,28.8,0.468,0.0,False
Sasha Vujačić,NYK,2017,3.0,1.4,1.2,0.4,9.7,0.309,0.0,False
Dwyane Wade,CHI,2017,18.3,4.5,3.8,2.3,29.9,0.434,0.0,False
Dion Waiters,MIA,2017,15.8,3.3,4.3,2.2,30.1,0.424,0.0,False
Kemba Walker,CHO,2017,23.2,3.9,5.5,2.1,34.7,0.444,0.0,False
John Wall,WAS,2017,23.1,4.2,10.7,4.1,36.4,0.451,0.0,False
T.J. Warren,PHO,2017,14.4,5.1,1.1,0.9,31.0,0.495,0.0,False
C.J. Watson,ORL,2017,4.5,1.4,1.8,0.8,16.3,0.387,0.0,False
Briante Weber,2TM,2017,3.1,1.3,1.1,0.4,10.3,0.417,0.0,False
Briante Weber,GSW,2017,1.7,0.6,0.7,0.4,6.6,0.357,0.0,False
Briante Weber,CHO,2017,3.8,1.7,1.2,0.4,12.2,0.435,0.0,False
Russell Westbrook,OKC,2017,31.6,10.7,10.4,5.4,34.6,0.425,0.0,False
David West,GSW,2017,4.6,3.0,2.2,1.1,12.6,0.536,0.0,False
Hassan Whiteside,MIA,2017,17.0,14.1,0.7,2.0,32.6,0.557,0.0,False
Isaiah Whitehead,BRK,2017,7.4,2.5,2.6,1.9,22.5,0.402,0.0,False
Okaro White,MIA,2017,2.8,2.3,0.6,0.5,13.5,0.379,0.0,False
Andrew Wiggins,MIN,2017,23.6,4.0,2.3,2.3,37.2,0.452,0.0,False
C.J. Wilcox,ORL,2017,1.0,0.5,0.5,0.3,4.9,0.258,0.0,False
Alan Williams,PHO,2017,7.4,6.2,0.5,0.8,15.1,0.517,0.0,False
Deron Williams,2TM,2017,11.0,2.3,5.6,2.2,25.9,0.438,0.0,False
Deron Williams,DAL,2017,13.1,2.6,6.9,2.5,29.3,0.43,0.0,False
Deron Williams,CLE,2017,7.5,1.9,3.6,1.7,20.3,0.463,0.0,False
Derrick Williams,2TM,2017,6.1,2.6,0.6,0.6,16.1,0.443,0.0,False
Derrick Williams,MIA,2017,5.9,2.9,0.6,0.6,15.1,0.394,0.0,False
Derrick Williams,CLE,2017,6.2,2.3,0.6,0.6,17.1,0.505,0.0,False
Lou Williams,2TM,2017,17.5,2.5,3.0,2.0,24.6,0.429,0.0,False
Lou Williams,LAL,2017,18.6,2.3,3.2,2.1,24.2,0.444,0.0,False
Lou Williams,HOU,2017,14.9,3.0,2.4,1.7,25.7,0.386,0.0,False
Marvin Williams,CHO,2017,11.2,6.6,1.4,0.8,30.2,0.422,0.0,False
Reggie Williams,NOP,2017,4.5,1.0,0.7,0.0,13.2,0.348,0.0,False
Troy Williams,2TM,2017,6.2,2.3,0.8,1.1,18.6,0.437,0.0,False
Troy Williams,MEM,2017,5.3,1.9,0.8,1.1,17.4,0.415,0.0,False
Troy Williams,HOU,2017,9.7,4.0,1.0,1.0,23.2,0.5,0.0,False
Kyle Wiltjer,HOU,2017,0.9,0.7,0.1,0.4,3.1,0.286,0.0,False
Justise Winslow,MIA,2017,10.9,5.2,3.7,1.8,34.7,0.356,0.0,False
Jeff Withey,UTA,2017,2.9,2.4,0.1,0.3,8.5,0.534,0.0,False
Christian Wood,CHO,2017,2.7,2.2,0.2,0.5,8.2,0.522,0.0,False
Brandan Wright,MEM,2017,6.8,2.8,0.5,0.4,16.0,0.615,0.0,False
Delon Wright,TOR,2017,5.6,1.8,2.1,0.9,16.5,0.422,0.0,False
James Young,BOS,2017,2.3,0.9,0.1,0.1,7.6,0.431,0.0,False
Joe Young,IND,2017,2.1,0.5,0.5,0.2,4.1,0.361,0.0,False
Nick Young,LAL,2017,13.2,2.3,1.0,0.6,25.9,0.43,0.0,False
Thaddeus Young,IND,2017,11.0,6.1,1.6,1.3,30.2,0.527,0.0,False
Cody Zeller,CHO,2017,10.3,6.5,1.6,1.0,27.8,0.571,0.0,False
Tyler Zeller,BOS,2017,3.5,2.4,0.8,0.4,10.3,0.494,0.0,False
Stephen Zimmerman,ORL,2017,1.2,1.8,0.2,0.2,5.7,0.323,0.0,False
Paul Zipser,CHI,2017,5.5,2.8,0.8,0.9,19.2,0.398,0.0,False
Ivica Zubac,LAL,2017,7.5,4.2,0.8,0.8,16.0,0.529,0.0,False
Quincy Acy,SAC,2016,5.2,3.2,0.5,0.5,14.8,0.556,0.0,False
Jordan Adams,MEM,2016,3.5,1.0,1.5,1.0,7.5,0.333,0.0,False
Steven Adams,OKC,2016,8.0,6.7,0.8,1.1,25.2,0.613,0.0,False
Arron Afflalo,NYK,2016,12.8,3.7,2.0,1.2,33.4,0.443,0.0,False
Alexis Ajinça,NOP,2016,6.0,4.6,0.5,0.9,14.6,0.476,0.0,False
Cole Aldrich,LAC,2016,5.5,4.8,0.8,1.1,13.3,0.596,0.0,False
LaMarcus Aldridge,SAS,2016,18.0,8.5,1.5,1.3,30.6,0.513,0.0,False
Cliff Alexander,POR,2016,1.3,0.8,0.0,0.1,4.5,0.5,0.0,False
Lavoy Allen,IND,2016,5.4,5.4,1.0,0.9,20.2,0.516,0.0,False
Tony Allen,MEM,2016,8.4,4.6,1.1,1.2,25.3,0.458,0.0,False
Al-Farouq Aminu,POR,2016,10.2,6.1,1.7,1.5,28.5,0.416,0.0,False
Lou Amundson,NYK,2016,1.8,1.7,0.4,0.5,7.0,0.358,0.0,False
Alan Anderson,WAS,2016,5.0,2.1,1.1,0.2,14.8,0.356,0.0,False
Chris Andersen,2TM,2016,3.9,3.6,0.4,0.3,14.9,0.528,0.0,False
Chris Andersen,MIA,2016,1.9,1.3,0.4,0.3,5.1,0.4,0.0,False
Chris Andersen,MEM,2016,4.6,4.5,0.5,0.4,18.3,0.548,0.0,False
James Anderson,SAC,2016,3.5,1.7,0.8,0.8,14.1,0.376,0.0,False
Justin Anderson,DAL,2016,3.8,2.4,0.5,0.4,11.8,0.406,0.0,False
Kyle Anderson,SAS,2016,4.5,3.1,1.6,0.8,16.0,0.468,0.0,False
Ryan Anderson,NOP,2016,17.0,6.0,1.1,1.4,30.4,0.427,0.0,False
Giannis Antetokounmpo,MIL,2016,16.9,7.7,4.3,2.6,35.3,0.506,0.0,False
Thanasis Antetokounmpo,NYK,2016,3.0,0.5,0.0,0.0,3.0,0.75,0.0,False
Carmelo Anthony,NYK,2016,21.8,7.7,4.2,2.4,35.1,0.434,0.0,False
Joel Anthony,DET,2016,0.9,1.1,0.1,0.1,5.1,0.6,0.0,False
Keith Appling,ORL,2016,1.2,0.2,0.2,0.6,5.4,0.25,0.0,False
Trevor Ariza,HOU,2016,12.7,4.5,2.3,1.4,35.3,0.416,0.0,False
Metta World Peace,LAL,2016,5.0,2.5,0.8,0.4,16.9,0.311,0.0,False
Darrell Arthur,DEN,2016,7.5,4.2,1.4,0.9,21.7,0.452,0.0,False
Ömer Aşık,NOP,2016,4.0,6.1,0.4,0.9,17.3,0.533,0.0,False
D.J. Augustin,2TM,2016,7.5,1.5,3.2,1.4,19.0,0.423,0.0,False
D.J. Augustin,OKC,2016,4.2,1.3,1.9,0.9,15.3,0.38,0.0,False
D.J. Augustin,DEN,2016,11.6,1.9,4.7,1.9,23.5,0.445,0.0,False
Luke Babbitt,NOP,2016,7.0,3.1,1.1,0.5,18.0,0.422,0.0,False
Cameron Bairstow,CHI,2016,1.9,1.6,0.3,0.2,5.7,0.325,0.0,False
Leandro Barbosa,GSW,2016,6.4,1.7,1.2,0.8,15.9,0.462,0.0,False
J.J. Barea,DAL,2016,10.9,2.1,4.1,1.5,22.5,0.446,0.0,False
Andrea Bargnani,BRK,2016,6.6,2.1,0.4,0.6,13.8,0.455,0.0,False
Harrison Barnes,GSW,2016,11.7,4.9,1.8,0.9,30.9,0.466,0.0,False
Matt Barnes,MEM,2016,10.0,5.5,2.1,1.6,28.8,0.381,0.0,False
Will Barton,DEN,2016,14.4,5.8,2.5,1.7,28.7,0.432,0.0,False
Brandon Bass,LAL,2016,7.2,4.3,1.1,0.6,20.3,0.549,0.0,False
Nicolas Batum,CHO,2016,14.9,6.1,5.8,2.9,35.0,0.426,0.0,False
Jerryd Bayless,MIL,2016,10.4,2.7,3.1,1.4,28.9,0.423,0.0,False
Aron Baynes,DET,2016,6.3,4.7,0.6,0.8,15.2,0.505,0.0,False
Kent Bazemore,ATL,2016,11.6,5.1,2.3,1.8,27.8,0.441,0.0,False
Bradley Beal,WAS,2016,17.4,3.4,2.9,2.0,31.1,0.449,0.0,False
Michael Beasley,HOU,2016,12.8,4.9,0.8,1.2,18.2,0.522,0.0,False
Marco Belinelli,SAC,2016,10.2,1.7,1.9,1.2,24.6,0.386,0.0,False
Anthony Bennett,TOR,2016,1.5,1.2,0.0,0.2,4.4,0.296,0.0,False
Patrick Beverley,HOU,2016,9.9,3.5,3.4,1.3,28.7,0.434,0.0,False
Bismack Biyombo,TOR,2016,5.5,8.0,0.4,0.9,22.0,0.542,0.0,False
Nemanja Bjelica,MIN,2016,5.1,3.5,1.4,0.8,17.9,0.468,0.0,False
Tarik Black,LAL,2016,3.4,4.0,0.4,0.6,12.7,0.548,0.0,False
DeJuan Blair,WAS,2016,2.1,2.0,0.4,0.5,7.5,0.412,0.0,False
Steve Blake,DET,2016,4.4,1.5,3.4,1.4,17.0,0.388,0.0,False
Eric Bledsoe,PHO,2016,20.4,4.0,6.1,3.5,34.2,0.453,0.0,False
Bojan Bogdanović,BRK,2016,11.2,3.2,1.3,1.5,26.8,0.433,0.0,False
Andrew Bogut,GSW,2016,5.4,7.0,2.3,1.2,20.7,0.627,0.0,False
Matt Bonner,SAS,2016,2.5,0.9,0.3,0.1,6.9,0.509,0.0,False
Devin Booker,PHO,2016,13.8,2.5,2.6,2.1,27.7,0.423,0.0,False
Trevor Booker,UTA,2016,5.9,5.7,1.1,1.0,20.7,0.49,0.0,False
Chris Bosh,MIA,2016,19.1,7.4,2.4,1.5,33.5,0.467,0.0,False
Avery Bradley,BOS,2016,15.2,2.9,2.1,1.4,33.4,0.447,0.0,False
Elton Brand,PHI,2016,4.1,3.7,1.1,0.6,13.2,0.431,0.0,False
Corey Brewer,HOU,2016,7.2,2.4,1.3,1.0,20.4,0.384,0.0,False
Aaron Brooks,CHI,2016,7.1,1.5,2.6,1.2,16.1,0.401,0.0,False
Anthony Brown,LAL,2016,4.0,2.4,0.7,0.5,20.7,0.31,0.0,False
Lorenzo Brown,PHO,2016,2.5,0.9,1.4,1.1,7.6,0.32,0.0,False
Markel Brown,BRK,2016,5.9,2.0,1.5,0.9,15.8,0.394,0.0,False
Kobe Bryant,LAL,2016,17.6,3.7,2.8,2.0,28.2,0.358,0.0,False
Chase Budinger,2TM,2016,4.1,2.3,1.0,0.7,14.1,0.435,0.0,False
Chase Budinger,IND,2016,4.4,2.5,1.0,0.6,14.9,0.418,0.0,False
Chase Budinger,PHO,2016,3.2,1.7,0.9,0.8,11.8,0.511,0.0,False
Reggie Bullock,DET,2016,3.3,1.8,0.7,0.2,11.6,0.439,0.0,False
Trey Burke,UTA,2016,10.6,1.8,2.3,1.3,21.3,0.413,0.0,False
Alec Burks,UTA,2016,13.3,3.5,2.0,1.6,25.7,0.41,0.0,False
Caron Butler,SAC,2016,3.7,1.3,0.6,0.2,10.4,0.424,0.0,False
Jimmy Butler,CHI,2016,20.9,5.3,4.8,2.0,36.9,0.454,0.0,False
Rasual Butler,SAS,2016,2.7,1.2,0.5,0.2,9.4,0.471,0.0,False
Bruno Caboclo,TOR,2016,0.5,0.3,0.2,0.7,7.2,0.083,0.0,False
José Calderón,NYK,2016,7.6,3.2,4.1,1.2,28.1,0.459,0.0,False
Kentavious Caldwell-Pope,DET,2016,14.5,3.7,1.8,1.4,36.7,0.42,0.0,False
Isaiah Canaan,PHI,2016,11.0,2.3,1.8,1.2,25.5,0.36,0.0,False
Clint Capela,HOU,2016,7.0,6.4,0.6,0.8,19.1,0.582,0.0,False
DeMarre Carroll,TOR,2016,11.0,4.7,1.0,1.1,30.2,0.389,0.0,False
Michael Carter-Williams,MIL,2016,11.5,5.1,5.2,2.8,30.5,0.452,0.0,False
Vince Carter,MEM,2016,6.6,2.4,0.9,0.6,16.8,0.388,0.0,False
Omri Casspi,SAC,2016,11.8,5.9,1.4,1.4,27.2,0.481,0.0,False
Willie Cauley-Stein,SAC,2016,7.0,5.3,0.6,0.7,21.4,0.563,0.0,False
Mario Chalmers,2TM,2016,10.3,2.6,3.8,1.8,22.5,0.41,0.0,False
Mario Chalmers,MIA,2016,5.5,2.3,3.2,1.5,20.0,0.313,0.0,False
Mario Chalmers,MEM,2016,10.8,2.6,3.8,1.8,22.8,0.417,0.0,False
Tyson Chandler,PHO,2016,7.2,8.7,1.0,1.4,24.5,0.583,0.0,False
Rakeem Christmas,IND,2016,4.0,1.0,0.0,0.0,6.0,1.0,0.0,False
Coty Clarke,BOS,2016,2.0,0.3,0.0,0.3,2.0,0.5,0.0,False
Ian Clark,GSW,2016,3.6,1.0,1.0,0.7,8.8,0.441,0.0,False
Jordan Clarkson,LAL,2016,15.5,4.0,2.4,1.7,32.3,0.433,0.0,False
Norris Cole,NOP,2016,10.6,3.4,3.7,1.7,26.6,0.405,0.0,False
Darren Collison,SAC,2016,14.0,2.3,4.3,1.8,30.0,0.486,0.0,False
Nick Collison,OKC,2016,2.1,2.9,0.9,0.8,11.8,0.459,0.0,False
Mike Conley,MEM,2016,15.3,2.9,6.1,1.5,31.4,0.422,0.0,False
Pat Connaughton,POR,2016,1.1,0.9,0.3,0.3,4.2,0.265,0.0,False
Chris Copeland,MIL,2016,2.1,0.4,0.5,0.3,6.5,0.333,0.0,False
Bryce Cotton,2TM,2016,1.0,0.0,0.4,0.6,4.9,0.4,0.0,False
Bryce Cotton,PHO,2016,1.3,0.0,1.0,1.7,11.0,0.25,0.0,False
Bryce Cotton,MEM,2016,0.8,0.0,0.0,0.0,1.2,1.0,0.0,False
DeMarcus Cousins,SAC,2016,26.9,11.5,3.3,3.8,34.6,0.451,0.0,False
Robert Covington,PHI,2016,12.8,6.3,1.4,2.1,28.4,0.385,0.0,False
Allen Crabbe,POR,2016,10.3,2.7,1.2,0.8,26.0,0.459,0.0,False
Jamal Crawford,LAC,2016,14.2,1.8,2.3,1.4,26.9,0.404,0.0,False
Jae Crowder,BOS,2016,14.2,5.1,1.8,1.1,31.6,0.443,0.0,False
Dante Cunningham,NOP,2016,6.1,3.0,1.0,0.5,24.6,0.451,0.0,False
Jared Cunningham,2TM,2016,2.7,0.9,0.5,0.5,9.3,0.343,0.0,False
Jared Cunningham,CLE,2016,2.6,0.7,0.5,0.5,8.9,0.352,0.0,False
Jared Cunningham,MIL,2016,4.0,2.3,0.3,0.8,13.8,0.286,0.0,False
Seth Curry,SAC,2016,6.8,1.4,1.5,0.8,15.7,0.455,0.0,False
Stephen Curry,GSW,2016,30.1,5.4,6.7,3.3,34.2,0.504,0.0,False
Troy Daniels,CHO,2016,5.6,1.3,0.5,0.6,11.1,0.476,0.0,False
Anthony Davis,NOP,2016,24.3,10.3,1.9,2.0,35.5,0.493,0.0,False
Ed Davis,POR,2016,6.5,7.4,1.1,0.8,20.8,0.611,0.0,False
Branden Dawson,LAC,2016,0.8,0.7,0.0,0.0,4.8,0.4,0.0,False
Dewayne Dedmon,ORL,2016,4.4,3.9,0.2,0.6,12.2,0.559,0.0,False
Bryce Dejean-Jones,NOP,2016,5.6,3.4,1.1,0.8,19.9,0.406,0.0,False
Sam Dekker,HOU,2016,0.0,0.3,0.0,0.0,2.0,,0.0,False
Matthew Dellavedova,CLE,2016,7.5,2.1,4.4,1.5,24.6,0.405,0.0,False
Luol Deng,MIA,2016,12.3,6.0,1.9,1.1,32.4,0.455,0.0,False
DeMar DeRozan,TOR,2016,23.5,4.5,4.0,2.2,35.9,0.446,0.0,False
Boris Diaw,SAS,2016,6.4,3.1,2.3,1.3,18.2,0.527,0.0,False
Gorgui Dieng,MIN,2016,10.1,7.1,1.7,1.7,27.1,0.532,0.0,False
Spencer Dinwiddie,DET,2016,4.8,1.4,1.8,0.6,13.3,0.352,0.0,False
Toney Douglas,NOP,2016,8.7,2.3,2.6,1.0,20.7,0.411,0.0,False
Goran Dragić,MIA,2016,14.1,3.8,5.8,2.6,32.8,0.477,0.0,False
Andre Drummond,DET,2016,16.2,14.8,0.8,1.9,32.9,0.521,0.0,False
Jared Dudley,WAS,2016,7.9,3.5,2.1,1.0,25.9,0.478,0.0,False
Duje Dukan,SAC,2016,6.0,4.0,1.0,0.0,24.0,0.2,0.0,False
Tim Duncan,SAS,2016,8.6,7.3,2.7,1.5,25.2,0.488,0.0,False
Mike Dunleavy,CHI,2016,7.2,2.7,1.3,0.8,22.7,0.41,0.0,False
Kevin Durant,OKC,2016,28.2,8.2,5.0,3.5,35.8,0.505,0.0,False
Cleanthony Early,NYK,2016,1.8,1.5,0.4,0.5,9.1,0.3,0.0,False
Jarell Eddie,WAS,2016,2.4,0.9,0.2,0.0,5.7,0.308,0.0,False
Wayne Ellington,BRK,2016,7.7,2.3,1.1,0.6,21.3,0.389,0.0,False
Monta Ellis,IND,2016,13.8,3.3,4.7,2.5,33.8,0.427,0.0,False
James Ennis III,3TM,2016,7.2,1.9,1.0,0.9,15.0,0.478,0.0,False
James Ennis III,MIA,2016,0.0,0.0,0.3,0.0,2.3,,0.0,False
James Ennis III,MEM,2016,1.6,0.7,0.2,0.2,4.0,0.308,0.0,False
James Ennis III,NOP,2016,15.9,3.9,2.0,1.9,31.3,0.5,0.0,False
Tyler Ennis,MIL,2016,4.5,1.6,2.1,1.0,14.2,0.449,0.0,False
Jeremy Evans,DAL,2016,2.4,1.8,0.1,0.2,8.4,0.542,0.0,False
Tyreke Evans,NOP,2016,15.2,5.2,6.6,2.9,30.6,0.433,0.0,False
Festus Ezeli,GSW,2016,7.0,5.6,0.7,0.8,16.7,0.548,0.0,False
Kenneth Faried,DEN,2016,12.5,8.7,1.2,1.4,25.3,0.558,0.0,False
Jordan Farmar,MEM,2016,9.2,2.1,3.1,1.5,24.3,0.42,0.0,False
Derrick Favors,UTA,2016,16.4,8.1,1.5,1.7,32.0,0.515,0.0,False
Cristiano Felício,CHI,2016,3.4,3.3,0.8,0.4,10.4,0.556,0.0,False
Raymond Felton,DAL,2016,9.5,3.2,3.6,1.5,27.4,0.406,0.0,False
Evan Fournier,ORL,2016,15.4,2.8,2.7,1.7,32.5,0.462,0.0,False
Randy Foye,2TM,2016,5.9,1.9,2.0,1.1,20.3,0.351,0.0,False
Randy Foye,DEN,2016,6.0,1.9,2.1,1.1,19.8,0.351,0.0,False
Randy Foye,OKC,2016,5.6,1.9,1.8,1.0,21.2,0.349,0.0,False
Tim Frazier,2TM,2016,5.1,2.2,3.2,1.3,14.5,0.419,0.0,False
Tim Frazier,POR,2016,1.5,1.1,1.2,0.8,7.8,0.333,0.0,False
Tim Frazier,NOP,2016,13.1,4.4,7.5,2.4,29.3,0.45,0.0,False
Jimmer Fredette,2TM,2016,1.5,0.0,0.2,0.3,3.0,0.4,0.0,False
Jimmer Fredette,NOP,2016,0.5,0.0,0.3,0.3,3.3,0.25,0.0,False
Jimmer Fredette,NYK,2016,3.5,0.0,0.0,0.5,2.5,1.0,0.0,False
Channing Frye,2TM,2016,6.1,3.3,1.0,0.6,17.1,0.438,0.0,False
Channing Frye,ORL,2016,5.2,3.2,1.0,0.7,17.1,0.435,0.0,False
Channing Frye,CLE,2016,7.5,3.6,1.0,0.5,17.2,0.441,0.0,False
Danilo Gallinari,DEN,2016,19.5,5.3,2.5,1.5,34.7,0.41,0.0,False
Langston Galloway,NYK,2016,7.6,3.5,2.5,0.7,24.8,0.393,0.0,False
Kevin Garnett,MIN,2016,3.2,3.9,1.6,0.4,14.6,0.47,0.0,False
Marc Gasol,MEM,2016,16.6,7.0,3.8,2.3,34.4,0.464,0.0,False
Pau Gasol,CHI,2016,16.5,11.0,4.1,2.3,31.8,0.469,0.0,False
Rudy Gay,SAC,2016,17.2,6.5,1.7,2.0,34.0,0.463,0.0,False
Alonzo Gee,NOP,2016,4.5,3.4,1.0,0.8,22.4,0.518,0.0,False
Paul George,IND,2016,23.1,7.0,4.1,3.3,34.8,0.418,0.0,False
Taj Gibson,CHI,2016,8.6,6.9,1.5,1.1,26.5,0.526,0.0,False
Manu Ginóbili,SAS,2016,9.6,2.5,3.1,1.7,19.6,0.453,0.0,False
Rudy Gobert,UTA,2016,9.1,11.0,1.5,1.9,31.7,0.559,0.0,False
Drew Gooden,WAS,2016,2.7,2.8,0.4,0.4,10.2,0.32,0.0,False
Archie Goodwin,PHO,2016,8.9,2.5,2.1,1.8,19.5,0.417,0.0,False
Aaron Gordon,ORL,2016,9.2,6.5,1.6,0.8,23.9,0.473,0.0,False
Eric Gordon,NOP,2016,15.2,2.2,2.7,1.6,32.9,0.418,0.0,False
Marcin Gortat,WAS,2016,13.5,9.9,1.4,1.6,30.1,0.567,0.0,False
Andrew Goudelock,HOU,2016,2.8,0.3,0.5,0.9,6.3,0.45,0.0,False
Jerami Grant,PHI,2016,9.7,4.7,1.8,1.4,26.8,0.419,0.0,False
Jerian Grant,NYK,2016,5.6,1.9,2.3,1.1,16.6,0.394,0.0,False
Danny Green,SAS,2016,7.2,3.8,1.8,0.9,26.1,0.376,0.0,False
Draymond Green,GSW,2016,14.0,9.5,7.4,3.2,34.7,0.49,0.0,False
Erick Green,2TM,2016,1.4,0.7,0.3,0.0,4.7,0.385,0.0,False
Erick Green,DEN,2016,0.0,0.3,0.3,0.0,2.3,0.0,0.0,False
Erick Green,UTA,2016,2.2,0.8,0.3,0.0,5.8,0.417,0.0,False
Gerald Green,MIA,2016,8.9,2.4,0.8,0.7,22.6,0.392,0.0,False
JaMychal Green,MEM,2016,7.4,4.8,0.9,1.1,18.5,0.465,0.0,False
Jeff Green,2TM,2016,11.7,4.2,1.7,1.2,28.2,0.43,0.0,False
Jeff Green,MEM,2016,12.2,4.5,1.8,1.3,29.1,0.431,0.0,False
Jeff Green,LAC,2016,10.9,3.4,1.5,0.9,26.3,0.427,0.0,False
Blake Griffin,LAC,2016,21.4,8.4,4.9,2.4,33.4,0.499,0.0,False
Jorge Gutiérrez,CHO,2016,1.8,0.6,1.4,0.5,5.3,0.545,0.0,False
P.J. Hairston,2TM,2016,6.2,2.6,0.6,0.6,19.9,0.355,0.0,False
P.J. Hairston,CHO,2016,6.0,2.7,0.6,0.5,19.5,0.359,0.0,False
P.J. Hairston,MEM,2016,6.9,2.6,0.5,0.9,20.8,0.348,0.0,False
Jordan Hamilton,NOP,2016,11.4,5.6,2.3,1.5,27.6,0.422,0.0,False
Tyler Hansbrough,CHO,2016,2.4,2.0,0.2,0.3,7.8,0.451,0.0,False
Tim Hardaway Jr.,ATL,2016,6.4,1.7,1.0,0.5,16.9,0.43,0.0,False
James Harden,HOU,2016,29.0,6.1,7.5,4.6,38.1,0.439,0.0,False
Maurice Harkless,POR,2016,6.4,3.6,0.9,0.8,18.7,0.474,0.0,False
Justin Harper,DET,2016,2.6,0.2,0.0,0.4,7.0,0.4,0.0,False
Montrezl Harrell,HOU,2016,3.6,1.7,0.4,0.4,9.7,0.644,0.0,False
Aaron Harrison,CHO,2016,0.9,0.7,0.1,0.2,4.4,0.263,0.0,False
Devin Harris,DAL,2016,7.6,2.2,1.8,1.0,20.0,0.447,0.0,False
Gary Harris,DEN,2016,12.3,2.9,1.9,1.3,32.1,0.469,0.0,False
Joe Harris,CLE,2016,0.6,0.6,0.4,0.2,3.0,0.25,0.0,False
Tobias Harris,2TM,2016,14.7,6.7,2.2,1.4,33.1,0.469,0.0,False
Tobias Harris,ORL,2016,13.7,7.0,2.0,1.6,32.9,0.464,0.0,False
Tobias Harris,DET,2016,16.6,6.2,2.6,1.1,33.4,0.477,0.0,False
Udonis Haslem,MIA,2016,1.6,2.0,0.4,0.1,7.0,0.377,0.0,False
Spencer Hawes,CHO,2016,6.0,4.3,1.9,1.0,18.2,0.405,0.0,False
Chuck Hayes,HOU,2016,2.0,4.0,1.0,1.5,12.0,0.5,0.0,False
Gordon Hayward,UTA,2016,19.7,5.0,3.7,2.5,36.2,0.433,0.0,False
Gerald Henderson,POR,2016,8.7,2.9,1.0,0.9,19.9,0.439,0.0,False
John Henson,MIL,2016,7.0,3.9,0.9,1.1,16.8,0.564,0.0,False
Mario Hezonja,ORL,2016,6.1,2.2,1.4,1.2,17.9,0.433,0.0,False
Roy Hibbert,LAL,2016,5.9,4.9,1.2,0.9,23.2,0.443,0.0,False
J.J. Hickson,2TM,2016,5.9,3.8,0.7,0.7,12.5,0.516,0.0,False
J.J. Hickson,DEN,2016,6.9,4.4,0.8,0.8,15.3,0.505,0.0,False
J.J. Hickson,WAS,2016,4.6,3.0,0.5,0.6,8.7,0.543,0.0,False
Nenê,WAS,2016,9.2,4.5,1.7,1.3,19.2,0.544,0.0,False
George Hill,IND,2016,12.1,4.0,3.5,1.4,34.1,0.441,0.0,False
Darrun Hilliard,DET,2016,4.0,1.2,0.7,0.5,10.1,0.397,0.0,False
Jordan Hill,IND,2016,8.8,6.2,1.2,1.3,20.7,0.506,0.0,False
Solomon Hill,IND,2016,4.2,2.8,1.0,0.6,14.7,0.447,0.0,False
Kirk Hinrich,2TM,2016,3.0,1.5,1.6,0.7,13.7,0.38,0.0,False
Kirk Hinrich,CHI,2016,3.8,1.7,1.7,0.8,15.9,0.398,0.0,False
Kirk Hinrich,ATL,2016,0.5,1.1,1.3,0.3,6.9,0.182,0.0,False
Jrue Holiday,NOP,2016,16.8,3.0,6.0,2.6,28.2,0.439,0.0,False
Justin Holiday,2TM,2016,4.5,1.7,1.1,0.7,14.6,0.386,0.0,False
Justin Holiday,ATL,2016,2.4,1.0,0.4,0.5,10.1,0.329,0.0,False
Justin Holiday,CHI,2016,6.5,2.3,1.7,1.0,18.9,0.413,0.0,False
Rondae Hollis-Jefferson,BRK,2016,5.8,5.3,1.5,0.9,21.2,0.457,0.0,False
Ryan Hollins,2TM,2016,3.4,2.6,0.3,0.6,12.4,0.62,0.0,False
Ryan Hollins,WAS,2016,1.6,2.2,0.0,0.6,9.6,0.571,0.0,False
Ryan Hollins,MEM,2016,3.6,2.7,0.3,0.7,12.9,0.625,0.0,False
Richaun Holmes,PHI,2016,5.6,2.6,0.6,0.6,13.8,0.514,0.0,False
Rodney Hood,UTA,2016,14.5,3.4,2.7,1.6,32.2,0.42,0.0,False
Al Horford,ATL,2016,15.2,7.3,3.2,1.3,32.1,0.505,0.0,False
Dwight Howard,HOU,2016,13.7,11.8,1.4,2.3,32.1,0.62,0.0,False
Marcelo Huertas,LAL,2016,4.5,1.7,3.4,1.5,16.4,0.422,0.0,False
Josh Huestis,OKC,2016,2.8,2.0,0.0,0.6,11.0,0.417,0.0,False
Kris Humphries,3TM,2016,6.5,4.1,0.7,0.7,15.8,0.41,0.0,False
Kris Humphries,WAS,2016,6.4,4.1,0.6,0.7,16.6,0.405,0.0,False
Kris Humphries,PHO,2016,7.3,8.0,1.8,1.0,18.5,0.278,0.0,False
Kris Humphries,ATL,2016,6.4,3.4,0.6,0.7,14.0,0.465,0.0,False
R.J. Hunter,BOS,2016,2.7,1.0,0.4,0.3,8.8,0.367,0.0,False
Serge Ibaka,OKC,2016,12.6,6.8,0.8,1.4,32.1,0.479,0.0,False
Andre Iguodala,GSW,2016,7.0,4.0,3.4,1.2,26.6,0.478,0.0,False
Ersan İlyasova,2TM,2016,10.4,5.4,0.9,1.0,25.4,0.424,0.0,False
Ersan İlyasova,DET,2016,11.3,5.4,1.1,1.1,27.6,0.425,0.0,False
Ersan İlyasova,ORL,2016,8.1,5.5,0.5,0.5,20.3,0.418,0.0,False
Joe Ingles,UTA,2016,4.2,1.9,1.2,0.8,15.3,0.426,0.0,False
Damien Inglis,MIL,2016,1.8,1.6,0.5,0.6,7.8,0.351,0.0,False
Kyrie Irving,CLE,2016,19.6,3.0,4.7,2.3,31.5,0.448,0.0,False
Jarrett Jack,BRK,2016,12.8,4.3,7.4,2.9,32.1,0.391,0.0,False
Reggie Jackson,DET,2016,18.8,3.2,6.2,2.8,30.7,0.434,0.0,False
LeBron James,CLE,2016,25.3,7.4,6.8,3.3,35.6,0.52,0.0,False
Al Jefferson,CHO,2016,12.0,6.4,1.5,0.7,23.3,0.485,0.0,False
Cory Jefferson,PHO,2016,2.8,2.0,0.0,0.0,6.3,0.409,0.0,False
Richard Jefferson,CLE,2016,5.5,1.7,0.8,0.6,17.9,0.458,0.0,False
John Jenkins,2TM,2016,4.1,1.3,0.8,0.6,11.2,0.444,0.0,False
John Jenkins,DAL,2016,3.3,1.0,0.4,0.5,9.2,0.414,0.0,False
John Jenkins,PHO,2016,5.0,1.6,1.2,0.7,13.0,0.467,0.0,False
Brandon Jennings,2TM,2016,6.9,2.0,3.5,1.2,18.1,0.368,0.0,False
Brandon Jennings,DET,2016,6.8,2.0,3.0,1.0,18.1,0.371,0.0,False
Brandon Jennings,ORL,2016,7.0,2.0,4.0,1.4,18.1,0.366,0.0,False
Jonas Jerebko,BOS,2016,4.4,3.7,0.8,0.7,15.1,0.413,0.0,False
Amir Johnson,BOS,2016,7.3,6.4,1.7,1.2,22.8,0.585,0.0,False
Chris Johnson,UTA,2016,2.9,1.9,0.6,0.6,12.2,0.371,0.0,False
James Johnson,TOR,2016,5.0,2.2,1.2,0.9,16.2,0.475,0.0,False
Joe Johnson,2TM,2016,12.2,3.6,3.9,2.0,33.4,0.439,0.0,False
Joe Johnson,BRK,2016,11.8,3.9,4.1,2.0,33.9,0.406,0.0,False
Joe Johnson,MIA,2016,13.4,2.8,3.6,1.8,32.0,0.518,0.0,False
Orlando Johnson,2TM,2016,3.7,2.1,0.3,0.6,14.4,0.265,0.0,False
Orlando Johnson,PHO,2016,8.0,4.5,0.0,0.5,23.5,0.294,0.0,False
Orlando Johnson,NOP,2016,2.0,1.2,0.4,0.6,10.8,0.235,0.0,False
Stanley Johnson,DET,2016,8.1,4.2,1.6,1.6,23.1,0.375,0.0,False
Tyler Johnson,MIA,2016,8.7,3.0,2.2,1.3,24.0,0.486,0.0,False
Wesley Johnson,LAC,2016,6.9,3.1,0.6,0.7,20.8,0.404,0.0,False
Nikola Jokić,DEN,2016,10.0,7.0,2.4,1.3,21.7,0.512,0.0,False
Dahntay Jones,CLE,2016,13.0,5.0,2.0,0.0,42.0,0.429,0.0,False
James Jones,CLE,2016,3.7,1.0,0.3,0.3,9.6,0.408,0.0,False
Terrence Jones,HOU,2016,8.7,4.2,0.8,1.0,20.9,0.452,0.0,False
Tyus Jones,MIN,2016,4.2,1.3,2.9,0.9,15.5,0.359,0.0,False
DeAndre Jordan,LAC,2016,12.7,13.8,1.2,1.4,33.7,0.703,0.0,False
Cory Joseph,TOR,2016,8.5,2.6,3.1,1.3,25.6,0.439,0.0,False
Chris Kaman,POR,2016,2.8,1.5,0.7,0.5,7.0,0.465,0.0,False
Frank Kaminsky,CHO,2016,7.5,4.1,1.2,0.7,21.1,0.41,0.0,False
Enes Freedom,OKC,2016,12.7,8.1,0.4,1.4,21.0,0.576,0.0,False
Sergey Karasev,BRK,2016,2.4,1.5,0.9,0.6,10.0,0.405,0.0,False
Sasha Kaun,CLE,2016,0.9,1.0,0.1,0.3,3.8,0.529,0.0,False
Ryan Kelly,LAL,2016,4.2,3.4,0.6,0.5,13.1,0.369,0.0,False
Michael Kidd-Gilchrist,CHO,2016,12.7,6.4,1.3,1.1,29.3,0.541,0.0,False
Sean Kilpatrick,2TM,2016,11.1,1.8,0.9,1.0,19.9,0.456,0.0,False
Sean Kilpatrick,DEN,2016,3.4,0.8,0.4,0.5,10.3,0.381,0.0,False
Sean Kilpatrick,BRK,2016,13.8,2.2,1.1,1.2,23.2,0.462,0.0,False
Brandon Knight,PHO,2016,19.6,3.9,5.1,3.4,36.0,0.415,0.0,False
Kyle Korver,ATL,2016,9.2,3.3,2.1,1.2,30.0,0.435,0.0,False
Kosta Koufos,SAC,2016,6.8,5.4,0.4,0.6,19.0,0.532,0.0,False
Jeremy Lamb,CHO,2016,8.8,3.8,1.2,0.8,18.6,0.451,0.0,False
Carl Landry,PHI,2016,9.8,4.1,0.9,0.6,15.8,0.556,0.0,False
Shane Larkin,BRK,2016,7.3,2.3,4.4,1.9,22.4,0.442,0.0,False
Joffrey Lauvergne,DEN,2016,7.9,4.9,0.9,0.9,17.6,0.513,0.0,False
Zach LaVine,MIN,2016,14.0,2.8,3.1,1.9,28.0,0.452,0.0,False
Ty Lawson,2TM,2016,5.7,1.8,3.6,1.4,21.4,0.393,0.0,False
Ty Lawson,HOU,2016,5.8,1.7,3.4,1.5,22.2,0.387,0.0,False
Ty Lawson,IND,2016,4.9,2.4,4.4,1.0,18.1,0.418,0.0,False
Courtney Lee,2TM,2016,9.6,2.6,1.7,0.9,29.5,0.454,0.0,False
Courtney Lee,MEM,2016,10.0,2.3,1.5,1.0,29.2,0.458,0.0,False
Courtney Lee,CHO,2016,8.9,3.1,2.1,0.8,30.2,0.445,0.0,False
David Lee,2TM,2016,7.8,5.5,1.5,1.2,16.4,0.531,0.0,False
David Lee,BOS,2016,7.1,4.3,1.8,1.3,15.7,0.453,0.0,False
David Lee,DAL,2016,8.5,7.0,1.2,1.1,17.3,0.636,0.0,False
Alex Len,PHO,2016,9.0,7.6,1.2,1.9,23.3,0.423,0.0,False
Kawhi Leonard,SAS,2016,21.2,6.8,2.6,1.5,33.1,0.506,0.0,False
Meyers Leonard,POR,2016,8.4,5.1,1.5,1.3,21.9,0.448,0.0,False
Jon Leuer,PHO,2016,8.5,5.6,1.1,1.1,18.7,0.481,0.0,False
Damian Lillard,POR,2016,25.1,4.0,6.8,3.2,35.7,0.419,0.0,False
Jeremy Lin,CHO,2016,11.7,3.2,3.0,1.9,26.3,0.412,0.0,False
Shaun Livingston,GSW,2016,6.3,2.2,3.0,1.0,19.5,0.536,0.0,False
Kevon Looney,GSW,2016,1.8,2.0,0.0,0.2,4.2,0.571,0.0,False
Brook Lopez,BRK,2016,20.6,7.8,2.0,2.4,33.7,0.511,0.0,False
Robin Lopez,NYK,2016,10.3,7.3,1.4,1.6,27.1,0.539,0.0,False
Kevin Love,CLE,2016,16.0,9.9,2.4,1.8,31.5,0.419,0.0,False
Kyle Lowry,TOR,2016,21.2,4.7,6.4,2.9,37.0,0.427,0.0,False
Trey Lyles,UTA,2016,6.1,3.7,0.7,0.8,17.3,0.438,0.0,False
Shelvin Mack,2TM,2016,8.6,2.5,3.6,1.8,20.3,0.439,0.0,False
Shelvin Mack,ATL,2016,3.9,0.9,1.6,0.6,7.5,0.421,0.0,False
Shelvin Mack,UTA,2016,12.7,3.8,5.3,2.9,31.4,0.444,0.0,False
Ian Mahinmi,IND,2016,9.3,7.1,1.5,1.4,25.6,0.589,0.0,False
Devyn Marble,ORL,2016,2.1,1.4,0.4,0.3,8.9,0.296,0.0,False
Boban Marjanović,SAS,2016,5.5,3.6,0.4,0.5,9.4,0.603,0.0,False
Kendall Marshall,PHI,2016,3.7,0.9,2.4,1.4,13.3,0.364,0.0,False
Jarell Martin,MEM,2016,5.7,3.2,0.6,0.7,14.1,0.466,0.0,False
Kevin Martin,2TM,2016,9.3,2.0,1.1,1.0,19.9,0.372,0.0,False
Kevin Martin,MIN,2016,10.6,2.1,1.2,1.1,21.4,0.377,0.0,False
Kevin Martin,SAS,2016,6.2,1.8,0.8,0.8,16.3,0.353,0.0,False
Wesley Matthews,DAL,2016,12.5,3.1,1.9,1.0,33.9,0.388,0.0,False
O.J. Mayo,MIL,2016,7.8,2.6,2.9,1.8,26.6,0.371,0.0,False
Luc Mbah a Moute,LAC,2016,3.1,2.3,0.4,0.5,17.0,0.454,0.0,False
James Michael McAdoo,GSW,2016,2.9,1.4,0.4,0.4,6.4,0.536,0.0,False
Ray McCallum,2TM,2016,3.3,1.1,1.5,0.6,11.6,0.377,0.0,False
Ray McCallum,SAS,2016,2.2,1.0,1.1,0.4,8.3,0.403,0.0,False
Ray McCallum,MEM,2016,6.9,1.6,2.7,1.3,21.9,0.354,0.0,False
CJ McCollum,POR,2016,20.8,3.2,4.3,2.5,34.8,0.448,0.0,False
T.J. McConnell,PHI,2016,6.1,3.1,4.5,1.7,19.8,0.47,0.0,False
Chris McCullough,BRK,2016,4.7,2.8,0.4,0.6,15.1,0.404,0.0,False
K.J. McDaniels,HOU,2016,2.4,1.1,0.3,0.5,6.4,0.403,0.0,False
Doug McDermott,CHI,2016,9.4,2.4,0.7,0.7,23.0,0.452,0.0,False
Mitch McGary,OKC,2016,1.3,0.9,0.2,0.4,3.6,0.478,0.0,False
JaVale McGee,DAL,2016,5.1,3.9,0.1,0.6,10.9,0.575,0.0,False
Ben McLemore,SAC,2016,7.8,2.2,1.2,1.5,21.2,0.429,0.0,False
Jordan McRae,2TM,2016,4.5,0.9,1.1,0.7,8.9,0.436,0.0,False
Jordan McRae,PHO,2016,5.3,1.1,1.4,0.9,11.7,0.423,0.0,False
Jordan McRae,CLE,2016,4.1,0.8,1.0,0.6,7.5,0.442,0.0,False
Josh McRoberts,MIA,2016,3.6,2.5,1.9,0.7,14.2,0.372,0.0,False
Jodie Meeks,DET,2016,7.3,1.7,1.0,0.3,14.3,0.35,0.0,False
Salah Mejri,DAL,2016,3.7,3.6,0.3,0.7,11.7,0.628,0.0,False
Jordan Mickey,BOS,2016,1.3,0.8,0.1,0.1,3.6,0.364,0.0,False
Khris Middleton,MIL,2016,18.2,3.8,4.2,2.3,36.1,0.444,0.0,False
C.J. Miles,IND,2016,11.8,2.7,1.0,1.1,22.9,0.409,0.0,False
Andre Miller,2TM,2016,3.7,1.3,2.2,0.9,11.8,0.557,0.0,False
Andre Miller,MIN,2016,3.4,0.9,2.2,1.0,10.8,0.621,0.0,False
Andre Miller,SAS,2016,4.3,2.1,2.2,0.9,13.9,0.479,0.0,False
Mike Miller,DEN,2016,1.3,1.1,0.9,0.4,7.9,0.355,0.0,False
Elijah Millsap,UTA,2016,1.8,1.8,1.0,0.5,8.7,0.282,0.0,False
Paul Millsap,ATL,2016,17.1,9.0,3.3,2.4,32.7,0.47,0.0,False
Patty Mills,SAS,2016,8.5,2.0,2.8,0.9,20.5,0.425,0.0,False
Nikola Mirotić,CHI,2016,11.8,5.5,1.5,1.5,24.9,0.407,0.0,False
Nazr Mohammed,OKC,2016,1.6,0.8,0.0,0.6,3.8,0.6,0.0,False
Greg Monroe,MIL,2016,15.3,8.8,2.3,1.6,29.3,0.522,0.0,False
Luis Montero,POR,2016,1.2,0.3,0.1,0.3,3.5,0.263,0.0,False
E'Twaun Moore,CHI,2016,7.5,2.3,1.7,0.9,21.4,0.481,0.0,False
Eric Moreland,SAC,2016,1.0,1.4,0.1,0.4,6.0,0.5,0.0,False
Markieff Morris,2TM,2016,12.0,5.5,1.9,2.1,25.5,0.425,0.0,False
Markieff Morris,PHO,2016,11.6,5.2,2.4,2.4,24.8,0.397,0.0,False
Markieff Morris,WAS,2016,12.4,5.9,1.4,1.7,26.4,0.467,0.0,False
Marcus Morris,DET,2016,14.1,5.1,2.5,1.8,35.7,0.434,0.0,False
Anthony Morrow,OKC,2016,5.6,0.9,0.4,0.3,13.6,0.408,0.0,False
Donatas Motiejūnas,HOU,2016,6.2,2.9,1.1,1.2,14.8,0.439,0.0,False
Timofey Mozgov,CLE,2016,6.3,4.4,0.4,0.9,17.4,0.565,0.0,False
Emmanuel Mudiay,DEN,2016,12.8,3.4,5.5,3.2,30.4,0.364,0.0,False
Shabazz Muhammad,MIN,2016,10.5,3.3,0.6,0.9,20.5,0.465,0.0,False
Xavier Munford,MEM,2016,5.7,2.2,1.6,1.1,17.4,0.416,0.0,False
Mike Muscala,ATL,2016,3.3,2.0,0.6,0.5,9.4,0.5,0.0,False
Larry Nance Jr.,LAL,2016,5.5,5.0,0.7,0.7,20.1,0.527,0.0,False
Shabazz Napier,ORL,2016,3.7,1.0,1.8,0.8,10.9,0.338,0.0,False
Gary Neal,WAS,2016,9.8,2.1,1.2,0.7,20.2,0.465,0.0,False
Jameer Nelson,DEN,2016,7.7,2.9,4.9,1.7,26.6,0.368,0.0,False
Raul Neto,UTA,2016,5.9,1.5,2.1,1.3,18.5,0.431,0.0,False
Andrew Nicholson,ORL,2016,6.9,3.6,0.4,0.7,14.7,0.471,0.0,False
Joakim Noah,CHI,2016,4.3,8.8,3.8,1.8,21.9,0.383,0.0,False
Nerlens Noel,PHI,2016,11.1,8.1,1.8,2.4,29.3,0.521,0.0,False
Lucas Nogueira,TOR,2016,2.2,1.6,0.2,0.4,7.8,0.636,0.0,False
Steve Novak,2TM,2016,2.4,0.5,0.0,0.1,4.4,0.444,0.0,False
Steve Novak,OKC,2016,2.4,0.6,0.0,0.1,3.4,0.5,0.0,False
Steve Novak,MIL,2016,2.3,0.3,0.0,0.0,6.7,0.333,0.0,False
Dirk Nowitzki,DAL,2016,18.3,6.5,1.8,1.1,31.5,0.448,0.0,False
Jusuf Nurkić,DEN,2016,8.2,5.5,1.3,1.7,17.1,0.417,0.0,False
J.J. O'Brien,UTA,2016,0.0,0.5,0.0,0.0,3.0,0.0,0.0,False
Johnny O'Bryant,MIL,2016,3.0,2.7,0.5,0.5,13.0,0.411,0.0,False
Jahlil Okafor,PHI,2016,17.5,7.0,1.2,2.3,30.0,0.508,0.0,False
Victor Oladipo,ORL,2016,16.0,4.8,3.9,2.1,33.0,0.438,0.0,False
Kelly Olynyk,BOS,2016,10.0,4.1,1.5,1.1,20.2,0.455,0.0,False
Kyle O'Quinn,NYK,2016,4.8,3.8,1.1,0.9,11.8,0.476,0.0,False
Kelly Oubre Jr.,WAS,2016,3.7,2.1,0.2,0.5,10.7,0.427,0.0,False
Zaza Pachulia,DAL,2016,8.6,9.4,1.7,1.6,26.4,0.466,0.0,False
Kostas Papanikolaou,DEN,2016,2.6,1.5,0.6,0.8,11.3,0.364,0.0,False
Jabari Parker,MIL,2016,14.1,5.2,1.7,1.5,31.7,0.493,0.0,False
Tony Parker,SAS,2016,11.9,2.4,5.3,1.8,27.5,0.493,0.0,False
Chandler Parsons,DAL,2016,13.7,4.7,2.8,1.6,29.5,0.492,0.0,False
Lamar Patterson,ATL,2016,2.4,1.4,1.1,0.7,11.3,0.35,0.0,False
Patrick Patterson,TOR,2016,6.9,4.3,1.2,0.8,25.6,0.414,0.0,False
Chris Paul,LAC,2016,19.5,4.2,10.0,2.6,32.7,0.462,0.0,False
Adreian Payne,MIN,2016,2.5,2.1,0.6,0.7,9.3,0.366,0.0,False
Cameron Payne,OKC,2016,5.0,1.5,1.9,0.8,12.2,0.41,0.0,False
Elfrid Payton,ORL,2016,10.7,3.6,6.4,2.4,29.4,0.436,0.0,False
Nikola Peković,MIN,2016,4.5,1.8,0.9,0.8,13.0,0.38,0.0,False
Jeff Ayres,LAC,2016,1.8,1.3,0.3,0.4,6.3,0.522,0.0,False
Kendrick Perkins,NOP,2016,2.5,3.5,0.8,1.1,14.6,0.533,0.0,False
Paul Pierce,LAC,2016,6.1,2.7,1.0,0.9,18.1,0.363,0.0,False
Tibor Pleiß,UTA,2016,2.0,1.3,0.2,0.7,6.8,0.44,0.0,False
Mason Plumlee,POR,2016,9.1,7.7,2.8,1.9,25.4,0.516,0.0,False
Miles Plumlee,MIL,2016,5.1,3.8,0.3,0.7,14.3,0.601,0.0,False
Otto Porter Jr.,WAS,2016,11.6,5.2,1.6,0.9,30.3,0.473,0.0,False
Bobby Portis,CHI,2016,7.0,5.4,0.8,0.9,17.8,0.427,0.0,False
Kristaps Porziņģis,NYK,2016,14.3,7.3,1.3,1.7,28.4,0.421,0.0,False
Dwight Powell,DAL,2016,5.8,4.0,0.6,0.6,14.4,0.493,0.0,False
Norman Powell,TOR,2016,5.6,2.3,1.0,0.7,14.8,0.424,0.0,False
Phil Pressey,2TM,2016,3.3,1.3,3.3,1.4,12.3,0.385,0.0,False
Phil Pressey,PHI,2016,3.9,1.6,3.3,1.4,12.1,0.382,0.0,False
Phil Pressey,PHO,2016,2.4,0.9,3.2,1.6,12.6,0.391,0.0,False
Ronnie Price,PHO,2016,5.3,1.6,2.4,1.1,19.5,0.384,0.0,False
Pablo Prigioni,LAC,2016,2.5,1.9,2.2,0.8,13.9,0.374,0.0,False
Tayshaun Prince,MIN,2016,2.9,1.9,0.9,0.4,19.0,0.445,0.0,False
Julius Randle,LAL,2016,11.3,10.2,1.8,1.8,28.2,0.429,0.0,False
Zach Randolph,MEM,2016,15.3,7.8,2.1,1.5,29.6,0.475,0.0,False
JJ Redick,LAC,2016,16.3,1.9,1.4,1.0,28.0,0.48,0.0,False
Willie Reed,BRK,2016,4.7,3.1,0.3,0.4,10.9,0.571,0.0,False
Josh Richardson,MIA,2016,6.6,2.1,1.4,0.7,21.3,0.452,0.0,False
Austin Rivers,LAC,2016,8.9,1.9,1.5,0.9,21.9,0.438,0.0,False
Andre Roberson,OKC,2016,4.8,3.6,0.7,0.5,22.2,0.496,0.0,False
Brian Roberts,2TM,2016,4.0,0.8,1.1,0.5,9.2,0.448,0.0,False
Brian Roberts,CHO,2016,4.8,1.0,1.3,0.5,11.1,0.443,0.0,False
Brian Roberts,POR,2016,2.9,0.6,0.8,0.3,6.5,0.46,0.0,False
Glenn Robinson III,IND,2016,3.8,1.5,0.6,0.4,11.3,0.43,0.0,False
Nate Robinson,NOP,2016,0.0,0.0,2.0,0.0,11.5,0.0,0.0,False
Thomas Robinson,BRK,2016,4.3,5.1,0.6,1.0,12.9,0.447,0.0,False
Rajon Rondo,SAC,2016,11.9,6.0,11.7,3.9,35.2,0.454,0.0,False
Derrick Rose,CHI,2016,16.4,3.4,4.7,2.7,31.8,0.427,0.0,False
Terrence Ross,TOR,2016,9.9,2.5,0.8,0.6,23.9,0.431,0.0,False
Terry Rozier,BOS,2016,1.8,1.6,0.9,0.5,8.0,0.274,0.0,False
Ricky Rubio,MIN,2016,10.1,4.3,8.7,2.5,30.6,0.374,0.0,False
Damjan Rudež,MIN,2016,2.3,0.6,0.3,0.4,8.4,0.403,0.0,False
Brandon Rush,GSW,2016,4.2,2.5,0.8,0.5,14.7,0.427,0.0,False
D'Angelo Russell,LAL,2016,13.2,3.4,3.3,2.5,28.2,0.41,0.0,False
Robert Sacre,LAL,2016,3.5,2.9,0.6,0.5,12.8,0.413,0.0,False
JaKarr Sampson,2TM,2016,5.1,2.6,0.6,1.0,15.9,0.442,0.0,False
JaKarr Sampson,PHI,2016,5.1,2.7,0.6,1.1,14.7,0.426,0.0,False
JaKarr Sampson,DEN,2016,5.2,2.3,0.6,0.7,18.0,0.47,0.0,False
Dennis Schröder,ATL,2016,11.0,2.6,4.4,2.3,20.3,0.421,0.0,False
Luis Scola,TOR,2016,8.7,4.7,0.9,0.9,21.5,0.45,0.0,False
Mike Scott,ATL,2016,6.2,2.7,1.0,0.6,15.3,0.468,0.0,False
Thabo Sefolosha,ATL,2016,6.4,4.5,1.4,0.9,23.4,0.505,0.0,False
Kevin Séraphin,NYK,2016,3.9,2.6,1.0,0.9,11.0,0.41,0.0,False
Ramon Sessions,WAS,2016,9.9,2.5,2.9,1.4,20.3,0.473,0.0,False
Iman Shumpert,CLE,2016,5.8,3.8,1.7,1.1,24.4,0.374,0.0,False
Jonathon Simmons,SAS,2016,6.0,1.7,1.1,1.0,14.8,0.504,0.0,False
Henry Sims,BRK,2016,6.5,5.1,0.6,0.9,18.8,0.429,0.0,False
Kyle Singler,OKC,2016,3.4,2.1,0.4,0.5,14.4,0.389,0.0,False
Donald Sloan,BRK,2016,7.0,2.8,4.4,1.3,21.6,0.44,0.0,False
Marcus Smart,BOS,2016,9.1,4.2,3.0,1.3,27.3,0.348,0.0,False
Greg Smith,MIN,2016,2.4,2.3,0.3,0.4,10.7,0.563,0.0,False
Ish Smith,2TM,2016,12.6,4.0,6.5,2.3,29.1,0.411,0.0,False
Ish Smith,NOP,2016,8.9,3.4,5.7,1.7,22.9,0.43,0.0,False
Ish Smith,PHI,2016,14.7,4.3,7.0,2.6,32.4,0.405,0.0,False
Jason Smith,ORL,2016,7.2,2.9,0.8,0.8,15.5,0.485,0.0,False
Josh Smith,2TM,2016,6.0,3.5,1.6,1.4,16.0,0.364,0.0,False
Josh Smith,LAC,2016,5.7,3.9,1.3,1.3,14.3,0.383,0.0,False
Josh Smith,HOU,2016,6.6,2.9,2.1,1.6,18.3,0.343,0.0,False
J.R. Smith,CLE,2016,12.4,2.8,1.7,0.8,30.7,0.415,0.0,False
Russ Smith,MEM,2016,1.5,0.6,0.7,0.5,4.4,0.318,0.0,False
Tony Snell,CHI,2016,5.3,3.1,1.0,0.8,20.3,0.372,0.0,False
Marreese Speights,GSW,2016,7.1,3.3,0.8,0.9,11.6,0.432,0.0,False
Tiago Splitter,ATL,2016,5.6,3.3,0.8,0.7,16.1,0.523,0.0,False
Nik Stauskas,PHI,2016,8.5,2.5,1.9,1.3,24.8,0.385,0.0,False
Alex Stepheson,2TM,2016,2.8,3.5,0.3,0.0,9.1,0.333,0.0,False
Alex Stepheson,LAC,2016,0.5,0.5,0.0,0.0,3.0,1.0,0.0,False
Alex Stepheson,MEM,2016,5.0,6.5,0.5,0.0,15.3,0.308,0.0,False
Lance Stephenson,2TM,2016,8.3,3.2,1.9,1.4,19.9,0.481,0.0,False
Lance Stephenson,LAC,2016,4.7,2.5,1.4,1.1,15.8,0.494,0.0,False
Lance Stephenson,MEM,2016,14.2,4.4,2.8,1.8,26.6,0.474,0.0,False
Jarnell Stokes,2TM,2016,1.0,0.6,0.1,0.0,2.6,0.6,0.0,False
Jarnell Stokes,MEM,2016,0.0,1.0,0.0,0.0,2.0,,0.0,False
Jarnell Stokes,MIA,2016,1.4,0.4,0.2,0.0,2.8,0.6,0.0,False
Amar'e Stoudemire,MIA,2016,5.8,4.3,0.5,0.9,14.7,0.566,0.0,False
Rodney Stuckey,IND,2016,8.9,2.7,2.4,1.3,22.0,0.413,0.0,False
Jared Sullinger,BOS,2016,10.3,8.3,2.3,1.3,23.6,0.435,0.0,False
Edy Tavares,ATL,2016,2.3,1.9,0.3,0.5,6.6,0.579,0.0,False
Jeff Teague,ATL,2016,15.7,2.7,5.9,2.8,28.5,0.439,0.0,False
Mirza Teletović,PHO,2016,12.2,3.8,1.1,1.1,21.3,0.427,0.0,False
Garrett Temple,WAS,2016,7.3,2.7,1.8,0.8,24.4,0.398,0.0,False
Jason Terry,HOU,2016,5.9,1.1,1.4,0.7,17.5,0.402,0.0,False
Isaiah Thomas,BOS,2016,22.2,3.0,6.2,2.7,32.2,0.428,0.0,False
Lance Thomas,NYK,2016,8.2,2.2,0.9,1.0,22.3,0.442,0.0,False
Hollis Thompson,PHI,2016,9.8,3.5,1.3,1.0,28.0,0.397,0.0,False
Jason Thompson,2TM,2016,3.1,2.9,0.6,0.3,10.0,0.481,0.0,False
Jason Thompson,GSW,2016,2.1,1.9,0.7,0.3,6.4,0.476,0.0,False
Jason Thompson,TOR,2016,4.6,4.2,0.5,0.4,15.4,0.485,0.0,False
Klay Thompson,GSW,2016,22.1,3.8,2.1,1.7,33.3,0.47,0.0,False
Tristan Thompson,CLE,2016,7.8,9.0,0.8,0.7,27.7,0.588,0.0,False
Marcus Thornton,2TM,2016,9.7,2.5,1.4,0.8,18.2,0.399,0.0,False
Marcus Thornton,HOU,2016,10.0,2.4,1.4,0.9,18.8,0.4,0.0,False
Marcus Thornton,WAS,2016,8.4,2.5,1.4,0.8,16.0,0.393,0.0,False
Anthony Tolliver,DET,2016,5.3,3.2,0.7,0.4,18.6,0.386,0.0,False
Axel Toupane,DEN,2016,3.6,1.5,0.7,0.3,14.5,0.357,0.0,False
Karl-Anthony Towns,MIN,2016,18.3,10.5,2.0,2.2,32.0,0.542,0.0,False
P.J. Tucker,PHO,2016,8.0,6.2,2.2,1.4,31.0,0.411,0.0,False
Evan Turner,BOS,2016,10.5,4.9,4.4,2.1,28.0,0.456,0.0,False
Myles Turner,IND,2016,10.3,5.5,0.7,1.1,22.8,0.498,0.0,False
Beno Udrih,2TM,2016,4.7,1.6,2.6,1.2,16.1,0.434,0.0,False
Beno Udrih,MEM,2016,5.9,1.1,3.3,1.4,15.0,0.435,0.0,False
Beno Udrih,MIA,2016,4.4,1.8,2.5,1.2,16.3,0.434,0.0,False
Jonas Valančiūnas,TOR,2016,12.8,9.1,0.7,1.4,26.0,0.565,0.0,False
Anderson Varejão,2TM,2016,2.6,2.7,0.7,0.4,9.4,0.427,0.0,False
Anderson Varejão,CLE,2016,2.6,2.9,0.6,0.5,10.0,0.421,0.0,False
Anderson Varejão,GSW,2016,2.6,2.3,0.7,0.3,8.5,0.438,0.0,False
Greivis Vásquez,MIL,2016,5.7,2.0,4.0,1.7,20.0,0.326,0.0,False
Rashad Vaughn,MIL,2016,3.1,1.3,0.6,0.4,14.3,0.305,0.0,False
Charlie Villanueva,DAL,2016,5.1,2.5,0.4,0.5,10.7,0.382,0.0,False
Noah Vonleh,POR,2016,3.6,3.9,0.4,0.6,15.1,0.421,0.0,False
Nikola Vučević,ORL,2016,18.2,8.9,2.8,1.9,31.3,0.51,0.0,False
Sasha Vujačić,NYK,2016,4.9,2.4,1.4,0.7,14.9,0.383,0.0,False
Dwyane Wade,MIA,2016,19.0,4.1,4.6,2.7,30.5,0.456,0.0,False
Dion Waiters,OKC,2016,9.8,2.6,2.0,1.5,27.6,0.399,0.0,False
Kemba Walker,CHO,2016,20.9,4.4,5.2,2.1,35.6,0.427,0.0,False
John Wall,WAS,2016,19.9,4.9,10.2,4.1,36.2,0.424,0.0,False
T.J. Warren,PHO,2016,11.0,3.1,0.9,0.7,22.8,0.501,0.0,False
C.J. Watson,ORL,2016,4.3,2.0,2.7,0.8,19.9,0.343,0.0,False
Briante Weber,2TM,2016,4.4,3.6,3.0,1.3,24.1,0.359,0.0,False
Briante Weber,MEM,2016,4.8,4.0,3.3,1.5,27.7,0.342,0.0,False
Briante Weber,MIA,2016,2.0,1.0,1.0,0.0,3.0,1.0,0.0,False
Sonny Weems,2TM,2016,2.5,1.2,1.1,1.0,11.6,0.382,0.0,False
Sonny Weems,PHO,2016,2.5,1.1,1.3,1.0,11.7,0.393,0.0,False
Sonny Weems,PHI,2016,2.4,1.7,0.3,0.6,11.1,0.333,0.0,False
Russell Westbrook,OKC,2016,23.5,7.8,10.4,4.3,34.4,0.454,0.0,False
David West,SAS,2016,7.1,4.0,1.8,0.9,18.0,0.545,0.0,False
Hassan Whiteside,MIA,2016,14.2,11.8,0.4,1.9,29.1,0.606,0.0,False
Shayne Whittington,IND,2016,1.6,1.7,0.4,0.7,5.9,0.455,0.0,False
Andrew Wiggins,MIN,2016,20.7,3.6,2.0,2.2,35.1,0.459,0.0,False
C.J. Wilcox,LAC,2016,3.0,0.5,0.4,0.1,7.3,0.394,0.0,False
Alan Williams,PHO,2016,2.9,3.8,0.5,0.6,6.8,0.417,0.0,False
Deron Williams,DAL,2016,14.1,2.9,5.8,2.3,32.4,0.414,0.0,False
Derrick Williams,NYK,2016,9.3,3.7,0.9,0.8,17.9,0.45,0.0,False
Elliot Williams,MEM,2016,1.6,0.8,0.8,0.2,9.0,0.2,0.0,False
Lou Williams,LAL,2016,15.3,2.5,2.5,1.6,28.5,0.408,0.0,False
Mo Williams,CLE,2016,8.2,1.8,2.4,1.4,18.2,0.437,0.0,False
Marvin Williams,CHO,2016,11.7,6.4,1.4,0.8,28.9,0.452,0.0,False
Justise Winslow,MIA,2016,6.4,5.2,1.5,1.2,28.6,0.422,0.0,False
Jeff Withey,UTA,2016,4.3,3.4,0.4,0.5,12.9,0.537,0.0,False
Christian Wood,PHI,2016,3.6,2.2,0.2,0.1,8.5,0.415,0.0,False
Brandan Wright,MEM,2016,6.9,3.6,0.5,0.8,17.7,0.673,0.0,False
Delon Wright,TOR,2016,3.8,1.4,1.1,0.6,8.5,0.45,0.0,False
Tony Wroten,PHI,2016,8.4,2.6,2.5,3.6,18.0,0.338,0.0,False
James Young,BOS,2016,1.0,0.9,0.3,0.2,6.9,0.306,0.0,False
Joe Young,IND,2016,3.8,1.2,1.6,0.8,9.4,0.367,0.0,False
Nick Young,LAL,2016,7.3,1.8,0.6,0.6,19.1,0.339,0.0,False
Thaddeus Young,BRK,2016,15.1,9.0,1.9,1.9,33.0,0.514,0.0,False
Cody Zeller,CHO,2016,8.7,6.2,1.0,0.9,24.3,0.529,0.0,False
Tyler Zeller,BOS,2016,6.1,3.0,0.5,0.8,11.8,0.476,0.0,False
Quincy Acy,NYK,2015,5.9,4.4,1.0,0.9,18.9,0.459,0.0,False
Jordan Adams,MEM,2015,3.1,0.9,0.5,0.5,8.3,0.407,0.0,False
Steven Adams,OKC,2015,7.7,7.5,0.9,1.4,25.3,0.544,0.0,False
Jeff Adrien,MIN,2015,3.5,4.5,0.9,0.5,12.6,0.432,0.0,False
Arron Afflalo,2TM,2015,13.3,3.2,1.7,1.5,32.1,0.424,0.0,False
Arron Afflalo,DEN,2015,14.5,3.4,1.9,1.6,33.0,0.428,0.0,False
Arron Afflalo,POR,2015,10.6,2.7,1.1,1.3,30.1,0.414,0.0,False
Alexis Ajinça,NOP,2015,6.5,4.6,0.7,1.0,14.1,0.55,0.0,False
Furkan Aldemir,PHI,2015,2.3,4.3,0.7,0.4,13.2,0.513,0.0,False
Cole Aldrich,NYK,2015,5.5,5.5,1.2,1.0,16.0,0.478,0.0,False
LaMarcus Aldridge,POR,2015,23.4,10.2,1.7,1.7,35.4,0.466,0.0,False
Lavoy Allen,IND,2015,5.0,5.1,1.2,0.6,17.0,0.472,0.0,False
Tony Allen,MEM,2015,8.6,4.4,1.4,1.4,26.2,0.495,0.0,False
Al-Farouq Aminu,DAL,2015,5.6,4.6,0.8,0.7,18.5,0.412,0.0,False
Lou Amundson,2TM,2015,4.9,5.1,1.3,1.2,17.7,0.427,0.0,False
Lou Amundson,CLE,2015,0.9,1.7,0.4,0.4,6.6,0.333,0.0,False
Lou Amundson,NYK,2015,6.0,6.0,1.6,1.4,20.9,0.432,0.0,False
Alan Anderson,BRK,2015,7.4,2.8,1.1,0.8,23.6,0.443,0.0,False
Chris Andersen,MIA,2015,5.3,5.0,0.7,0.7,18.9,0.58,0.0,False
Kyle Anderson,SAS,2015,2.2,2.2,0.8,0.3,10.8,0.348,0.0,False
Ryan Anderson,NOP,2015,13.7,4.8,0.9,1.0,27.5,0.399,0.0,False
Giannis Antetokounmpo,MIL,2015,12.7,6.7,2.6,2.1,31.4,0.491,0.0,False
Carmelo Anthony,NYK,2015,24.2,6.6,3.1,2.2,35.7,0.444,0.0,False
Joel Anthony,DET,2015,1.8,1.9,0.1,0.2,8.3,0.581,0.0,False
Pero Antić,ATL,2015,5.7,3.0,0.8,0.8,16.5,0.365,0.0,False
Trevor Ariza,HOU,2015,12.8,5.6,2.5,1.7,35.7,0.402,0.0,False
Darrell Arthur,DEN,2015,6.6,2.9,1.0,0.8,17.0,0.404,0.0,False
Ömer Aşık,NOP,2015,7.3,9.8,0.9,1.3,26.1,0.517,0.0,False
D.J. Augustin,2TM,2015,9.5,2.0,4.3,1.8,24.0,0.399,0.0,False
D.J. Augustin,DET,2015,10.6,1.9,4.9,2.0,23.8,0.41,0.0,False
D.J. Augustin,OKC,2015,7.3,2.2,3.1,1.3,24.2,0.371,0.0,False
Luke Babbitt,NOP,2015,4.1,1.8,0.4,0.4,13.2,0.479,0.0,False
Cameron Bairstow,CHI,2015,0.6,0.4,0.1,0.2,3.6,0.214,0.0,False
Leandro Barbosa,GSW,2015,7.1,1.4,1.5,0.7,14.9,0.474,0.0,False
J.J. Barea,DAL,2015,7.5,1.7,3.4,0.9,17.7,0.42,0.0,False
Andrea Bargnani,NYK,2015,14.8,4.4,1.6,1.4,27.1,0.454,0.0,False
Harrison Barnes,GSW,2015,10.1,5.5,1.4,0.9,28.3,0.482,0.0,False
Matt Barnes,LAC,2015,10.1,4.0,1.5,1.1,29.9,0.444,0.0,False
Earl Barron,PHO,2015,2.0,1.8,0.3,0.3,8.9,0.308,0.0,False
Will Barton,2TM,2015,6.8,2.8,1.4,1.1,16.9,0.425,0.0,False
Will Barton,POR,2015,3.0,1.1,0.9,0.6,10.0,0.38,0.0,False
Will Barton,DEN,2015,11.0,4.6,1.9,1.6,24.4,0.443,0.0,False
Brandon Bass,BOS,2015,10.6,4.9,1.3,1.0,23.5,0.504,0.0,False
Nicolas Batum,POR,2015,9.4,5.9,4.8,1.9,33.5,0.4,0.0,False
Jerryd Bayless,MIL,2015,7.8,2.7,3.0,1.7,22.3,0.426,0.0,False
Aron Baynes,SAS,2015,6.6,4.5,0.5,0.9,16.0,0.566,0.0,False
Kent Bazemore,ATL,2015,5.2,3.0,1.0,1.0,17.7,0.426,0.0,False
Bradley Beal,WAS,2015,15.3,3.8,3.1,2.0,33.4,0.427,0.0,False
Michael Beasley,MIA,2015,8.8,3.7,1.3,1.5,21.0,0.434,0.0,False
Marco Belinelli,SAS,2015,9.2,2.5,1.5,1.0,22.4,0.423,0.0,False
Jerrelle Benimon,UTA,2015,0.0,1.5,0.0,0.5,1.5,,0.0,False
Anthony Bennett,MIN,2015,5.2,3.8,0.8,0.6,15.7,0.421,0.0,False
Patrick Beverley,HOU,2015,10.1,4.2,3.4,1.5,30.8,0.383,0.0,False
Sim Bhullar,SAC,2015,0.7,0.3,0.3,0.0,1.0,0.5,0.0,False
Bismack Biyombo,CHO,2015,4.8,6.4,0.3,0.8,19.4,0.543,0.0,False
Tarik Black,2TM,2015,6.0,5.8,0.7,0.8,19.0,0.575,0.0,False
Tarik Black,HOU,2015,4.2,5.1,0.3,0.8,15.7,0.542,0.0,False
Tarik Black,LAL,2015,7.2,6.3,0.9,0.8,21.1,0.589,0.0,False
DeJuan Blair,WAS,2015,1.9,1.9,0.1,0.4,6.2,0.456,0.0,False
Steve Blake,POR,2015,4.3,1.7,3.6,1.3,18.9,0.373,0.0,False
Eric Bledsoe,PHO,2015,17.0,5.2,6.1,3.4,34.6,0.447,0.0,False
Vander Blue,LAL,2015,11.0,4.5,4.0,3.0,37.0,0.3,0.0,False
Bojan Bogdanović,BRK,2015,9.0,2.7,0.9,1.0,23.8,0.453,0.0,False
Andrew Bogut,GSW,2015,6.3,8.1,2.7,1.6,23.6,0.563,0.0,False
Matt Bonner,SAS,2015,3.7,1.6,0.7,0.2,13.0,0.409,0.0,False
Trevor Booker,UTA,2015,7.2,5.0,1.1,1.1,19.8,0.487,0.0,False
Carlos Boozer,LAL,2015,11.8,6.8,1.3,1.3,23.8,0.499,0.0,False
Chris Bosh,MIA,2015,21.1,7.0,2.2,2.2,35.4,0.46,0.0,False
Avery Bradley,BOS,2015,13.9,3.1,1.8,1.4,31.5,0.429,0.0,False
Elton Brand,ATL,2015,2.7,2.8,0.6,0.5,13.5,0.442,0.0,False
Corey Brewer,2TM,2015,11.5,3.7,2.2,1.6,26.1,0.426,0.0,False
Corey Brewer,MIN,2015,10.5,3.9,3.3,2.1,28.3,0.418,0.0,False
Corey Brewer,HOU,2015,11.9,3.6,1.7,1.4,25.1,0.429,0.0,False
Aaron Brooks,CHI,2015,11.6,2.0,3.2,1.9,23.0,0.421,0.0,False
Jabari Brown,LAL,2015,11.9,1.9,2.1,1.7,29.9,0.412,0.0,False
Lorenzo Brown,MIN,2015,4.2,2.4,3.1,1.0,18.9,0.426,0.0,False
Markel Brown,BRK,2015,4.6,2.3,0.8,0.6,16.6,0.362,0.0,False
Shannon Brown,MIA,2015,4.0,0.2,0.6,0.8,17.8,0.368,0.0,False
Kobe Bryant,LAL,2015,22.3,5.7,5.6,3.7,34.5,0.373,0.0,False
Chase Budinger,MIN,2015,6.8,3.0,1.0,0.7,19.2,0.433,0.0,False
Reggie Bullock,2TM,2015,1.9,1.4,0.2,0.2,9.4,0.343,0.0,False
Reggie Bullock,LAC,2015,2.6,1.6,0.2,0.2,10.5,0.426,0.0,False
Reggie Bullock,PHO,2015,0.4,0.9,0.2,0.2,6.8,0.063,0.0,False
Trey Burke,UTA,2015,12.8,2.7,4.3,1.6,30.1,0.368,0.0,False
Alec Burks,UTA,2015,13.9,4.2,3.0,1.9,33.3,0.403,0.0,False
Caron Butler,DET,2015,5.9,2.5,1.0,0.6,20.8,0.407,0.0,False
Jimmy Butler,CHI,2015,20.0,5.8,3.3,1.4,38.7,0.462,0.0,False
Rasual Butler,WAS,2015,7.7,2.6,0.8,0.6,20.1,0.422,0.0,False
Dwight Buycks,LAL,2015,8.7,2.0,2.3,2.0,20.5,0.45,0.0,False
Will Bynum,WAS,2015,3.1,0.9,2.6,1.1,9.6,0.323,0.0,False
Bruno Caboclo,TOR,2015,1.3,0.3,0.0,0.5,2.9,0.333,0.0,False
Nick Calathes,MEM,2015,4.2,1.8,2.5,1.1,14.4,0.421,0.0,False
José Calderón,NYK,2015,9.1,3.0,4.7,1.8,30.2,0.415,0.0,False
Kentavious Caldwell-Pope,DET,2015,12.7,3.1,1.3,1.1,31.5,0.401,0.0,False
Isaiah Canaan,2TM,2015,9.2,1.9,2.1,1.3,20.0,0.386,0.0,False
Isaiah Canaan,HOU,2015,6.2,1.3,1.2,0.9,14.8,0.405,0.0,False
Isaiah Canaan,PHI,2015,12.6,2.5,3.1,1.8,25.9,0.377,0.0,False
Clint Capela,HOU,2015,2.7,3.0,0.2,0.4,7.5,0.483,0.0,False
DeMarre Carroll,ATL,2015,12.6,5.3,1.7,1.1,31.3,0.487,0.0,False
Michael Carter-Williams,2TM,2015,14.6,5.3,6.7,3.8,32.6,0.396,0.0,False
Michael Carter-Williams,PHI,2015,15.0,6.2,7.4,4.2,33.9,0.38,0.0,False
Michael Carter-Williams,MIL,2015,14.1,4.0,5.6,3.2,30.3,0.429,0.0,False
Vince Carter,MEM,2015,5.8,2.0,1.2,0.7,16.5,0.333,0.0,False
Omri Casspi,SAC,2015,8.9,3.9,1.5,1.3,21.1,0.489,0.0,False
Mario Chalmers,MIA,2015,10.2,2.6,3.8,2.2,29.6,0.403,0.0,False
Tyson Chandler,DAL,2015,10.3,11.5,1.1,1.4,30.5,0.666,0.0,False
Wilson Chandler,DEN,2015,13.9,6.1,1.7,1.4,31.7,0.429,0.0,False
Will Cherry,CLE,2015,1.9,0.6,1.0,0.5,8.6,0.263,0.0,False
Patrick Christopher,UTA,2015,1.5,1.5,0.0,0.3,7.3,0.25,0.0,False
Earl Clark,BRK,2015,2.7,2.3,0.3,0.6,9.3,0.367,0.0,False
Ian Clark,2TM,2015,1.9,0.5,0.4,0.3,6.4,0.345,0.0,False
Ian Clark,UTA,2015,1.9,0.6,0.4,0.3,7.0,0.341,0.0,False
Ian Clark,DEN,2015,1.9,0.4,0.3,0.3,4.4,0.364,0.0,False
Jordan Clarkson,LAL,2015,11.9,3.2,3.5,1.6,25.0,0.448,0.0,False
Victor Claver,POR,2015,2.4,2.0,0.1,0.4,7.6,0.45,0.0,False
Norris Cole,2TM,2015,7.6,2.1,3.4,1.3,24.4,0.412,0.0,False
Norris Cole,MIA,2015,6.3,2.3,3.5,1.2,24.4,0.386,0.0,False
Norris Cole,NOP,2015,9.9,1.8,3.2,1.5,24.4,0.444,0.0,False
Darren Collison,SAC,2015,16.1,3.2,5.6,2.5,34.8,0.473,0.0,False
Nick Collison,OKC,2015,4.1,3.8,1.4,0.7,16.7,0.419,0.0,False
Mike Conley,MEM,2015,15.8,3.0,5.4,2.2,31.8,0.446,0.0,False
Jack Cooley,UTA,2015,1.7,1.6,0.1,0.2,5.4,0.409,0.0,False
Chris Copeland,IND,2015,6.2,2.2,1.0,1.2,16.6,0.361,0.0,False
Bryce Cotton,UTA,2015,5.3,1.2,1.0,0.8,10.6,0.42,0.0,False
DeMarcus Cousins,SAC,2015,24.1,12.7,3.6,4.3,34.1,0.467,0.0,False
Robert Covington,PHI,2015,13.5,4.5,1.5,1.8,27.9,0.396,0.0,False
Allen Crabbe,POR,2015,3.3,1.4,0.8,0.3,13.4,0.412,0.0,False
Jamal Crawford,LAC,2015,15.8,1.9,2.5,1.4,26.6,0.396,0.0,False
Jae Crowder,2TM,2015,7.7,3.6,1.1,0.6,20.1,0.42,0.0,False
Jae Crowder,DAL,2015,3.6,1.2,0.5,0.4,10.6,0.434,0.0,False
Jae Crowder,BOS,2015,9.5,4.6,1.4,0.7,24.2,0.418,0.0,False
Dante Cunningham,NOP,2015,5.2,3.9,0.8,0.5,25.0,0.457,0.0,False
Jared Cunningham,LAC,2015,1.8,0.5,0.5,0.4,4.7,0.364,0.0,False
Seth Curry,PHO,2015,0.0,1.0,0.5,0.0,4.0,0.0,0.0,False
Stephen Curry,GSW,2015,23.8,4.3,7.7,3.1,32.7,0.487,0.0,False
Samuel Dalembert,NYK,2015,4.0,5.3,0.9,1.2,17.0,0.438,0.0,False
Troy Daniels,3TM,2015,3.7,0.7,0.5,0.4,8.4,0.37,0.0,False
Troy Daniels,HOU,2015,2.7,0.4,0.2,0.3,6.4,0.319,0.0,False
Troy Daniels,MIN,2015,2.8,1.0,0.7,0.4,8.1,0.322,0.0,False
Troy Daniels,CHO,2015,7.0,0.7,0.5,0.6,12.3,0.458,0.0,False
Gigi Datome,2TM,2015,5.0,1.4,0.4,0.4,10.0,0.483,0.0,False
Gigi Datome,DET,2015,3.7,1.3,0.7,0.7,5.7,0.417,0.0,False
Gigi Datome,BOS,2015,5.2,1.4,0.4,0.4,10.7,0.494,0.0,False
Brandon Davies,2TM,2015,5.3,3.1,1.1,1.1,15.7,0.401,0.0,False
Brandon Davies,PHI,2015,6.3,3.7,1.4,1.3,19.0,0.412,0.0,False
Brandon Davies,BRK,2015,2.3,1.4,0.3,0.6,6.3,0.333,0.0,False
Anthony Davis,NOP,2015,24.4,10.2,2.2,1.4,36.1,0.535,0.0,False
Ed Davis,LAL,2015,8.3,7.6,1.2,0.7,23.3,0.601,0.0,False
Glen Davis,LAC,2015,4.0,2.3,0.5,0.5,12.2,0.459,0.0,False
Andre Dawkins,MIA,2015,0.8,0.5,0.3,0.3,5.5,0.167,0.0,False
Austin Daye,2TM,2015,3.8,2.2,0.5,0.7,10.1,0.355,0.0,False
Austin Daye,SAS,2015,4.0,2.3,0.3,0.7,10.3,0.348,0.0,False
Austin Daye,ATL,2015,3.3,1.8,1.0,0.6,9.5,0.385,0.0,False
Dewayne Dedmon,ORL,2015,3.7,5.0,0.2,0.9,14.3,0.562,0.0,False
Matthew Dellavedova,CLE,2015,4.8,1.9,3.0,0.9,20.6,0.362,0.0,False
Luol Deng,MIA,2015,14.0,5.2,1.9,1.5,33.6,0.469,0.0,False
DeMar DeRozan,TOR,2015,20.1,4.6,3.5,2.3,35.0,0.413,0.0,False
Boris Diaw,SAS,2015,8.7,4.3,2.9,1.6,24.5,0.46,0.0,False
Gorgui Dieng,MIN,2015,9.7,8.3,2.0,1.7,30.0,0.506,0.0,False
Spencer Dinwiddie,DET,2015,4.3,1.4,3.1,1.0,13.4,0.302,0.0,False
Joey Dorsey,HOU,2015,2.7,4.0,0.4,0.6,12.4,0.552,0.0,False
Chris Douglas-Roberts,LAC,2015,1.6,1.0,0.3,0.0,8.6,0.238,0.0,False
Toney Douglas,NOP,2015,4.3,1.8,2.0,0.8,14.8,0.373,0.0,False
Goran Dragić,2TM,2015,16.3,3.5,4.5,2.2,33.8,0.501,0.0,False
Goran Dragić,PHO,2015,16.2,3.6,4.1,2.2,33.4,0.501,0.0,False
Goran Dragić,MIA,2015,16.6,3.4,5.3,2.3,34.8,0.502,0.0,False
Zoran Dragić,2TM,2015,1.8,0.5,0.3,0.3,4.7,0.367,0.0,False
Zoran Dragić,PHO,2015,1.0,0.5,0.2,0.0,2.2,0.25,0.0,False
Zoran Dragić,MIA,2015,2.2,0.5,0.4,0.5,6.2,0.409,0.0,False
Larry Drew II,PHI,2015,3.8,1.3,3.8,2.1,18.3,0.345,0.0,False
Andre Drummond,DET,2015,13.8,13.5,0.7,1.5,30.5,0.514,0.0,False
Jared Dudley,MIL,2015,7.2,3.1,1.8,0.9,23.8,0.468,0.0,False
Tim Duncan,SAS,2015,13.9,9.1,3.0,1.7,28.9,0.512,0.0,False
Mike Dunleavy,CHI,2015,9.4,3.9,1.8,1.0,29.2,0.435,0.0,False
Kevin Durant,OKC,2015,25.4,6.6,4.1,2.7,33.8,0.51,0.0,False
Cleanthony Early,NYK,2015,5.4,2.5,0.9,1.0,16.6,0.355,0.0,False
Wayne Ellington,LAL,2015,10.0,3.2,1.6,0.8,25.8,0.412,0.0,False
Monta Ellis,DAL,2015,18.9,2.4,4.1,2.5,33.7,0.445,0.0,False
James Ennis III,MIA,2015,5.0,2.8,0.8,0.6,17.0,0.409,0.0,False
Tyler Ennis,2TM,2015,3.7,1.1,2.2,1.3,12.5,0.361,0.0,False
Tyler Ennis,PHO,2015,2.8,0.9,1.8,1.0,7.3,0.429,0.0,False
Tyler Ennis,MIL,2015,4.0,1.1,2.4,1.4,14.1,0.35,0.0,False
Jeremy Evans,UTA,2015,2.4,1.9,0.3,0.1,7.0,0.552,0.0,False
Reggie Evans,SAC,2015,3.7,6.4,0.7,1.0,16.3,0.423,0.0,False
Tyreke Evans,NOP,2015,16.6,5.3,6.6,3.1,34.1,0.447,0.0,False
Dante Exum,UTA,2015,4.8,1.6,2.4,1.4,22.2,0.349,0.0,False
Festus Ezeli,GSW,2015,4.4,3.4,0.2,0.7,11.0,0.547,0.0,False
Kenneth Faried,DEN,2015,12.6,8.9,1.2,1.6,27.8,0.507,0.0,False
Jordan Farmar,LAC,2015,4.6,1.2,1.9,0.9,14.7,0.386,0.0,False
Derrick Favors,UTA,2015,16.0,8.2,1.5,1.6,30.8,0.525,0.0,False
Raymond Felton,DAL,2015,3.7,0.9,1.4,0.6,9.7,0.406,0.0,False
Landry Fields,TOR,2015,1.8,1.0,0.6,0.3,8.3,0.488,0.0,False
Evan Fournier,ORL,2015,12.0,2.6,2.1,1.4,28.6,0.44,0.0,False
Randy Foye,DEN,2015,8.7,1.7,2.4,1.2,21.7,0.368,0.0,False
Jamaal Franklin,DEN,2015,1.0,0.7,1.0,1.0,4.3,0.5,0.0,False
Tim Frazier,2TM,2015,5.2,2.5,5.5,2.3,21.7,0.344,0.0,False
Tim Frazier,PHI,2015,5.7,3.2,7.2,3.0,28.5,0.302,0.0,False
Tim Frazier,POR,2015,4.6,1.8,3.4,1.4,13.6,0.444,0.0,False
Jimmer Fredette,NOP,2015,3.6,0.8,1.2,0.7,10.2,0.38,0.0,False
Joel Freeland,POR,2015,3.5,4.0,0.3,0.5,12.9,0.49,0.0,False
Channing Frye,ORL,2015,7.3,3.9,1.3,1.0,24.9,0.392,0.0,False
Danilo Gallinari,DEN,2015,12.4,3.7,1.4,1.0,24.2,0.401,0.0,False
Langston Galloway,NYK,2015,11.8,4.2,3.3,1.4,32.4,0.399,0.0,False
Francisco García,HOU,2015,3.2,1.2,1.1,0.7,14.3,0.27,0.0,False
Kevin Garnett,2TM,2015,6.9,6.6,1.6,1.0,20.3,0.467,0.0,False
Kevin Garnett,BRK,2015,6.8,6.8,1.6,1.1,20.3,0.455,0.0,False
Kevin Garnett,MIN,2015,7.6,5.2,1.6,0.2,19.6,0.581,0.0,False
Marc Gasol,MEM,2015,17.4,7.8,3.8,2.2,33.2,0.494,0.0,False
Pau Gasol,CHI,2015,18.5,11.8,2.7,2.0,34.4,0.494,0.0,False
Rudy Gay,SAC,2015,21.1,5.9,3.7,2.7,35.4,0.455,0.0,False
Alonzo Gee,2TM,2015,4.5,1.7,0.5,0.6,12.3,0.468,0.0,False
Alonzo Gee,DEN,2015,4.9,1.8,0.5,0.6,13.1,0.482,0.0,False
Alonzo Gee,POR,2015,3.4,1.6,0.4,0.5,10.1,0.429,0.0,False
Paul George,IND,2015,8.8,3.7,1.0,2.0,15.2,0.367,0.0,False
Taj Gibson,CHI,2015,10.3,6.4,1.1,1.2,27.3,0.502,0.0,False
Manu Ginóbili,SAS,2015,10.5,3.0,4.2,2.2,22.7,0.426,0.0,False
Rudy Gobert,UTA,2015,8.4,9.5,1.3,1.4,26.3,0.604,0.0,False
Drew Gooden,WAS,2015,5.4,4.4,1.0,0.5,16.9,0.399,0.0,False
Archie Goodwin,PHO,2015,5.6,1.8,1.1,1.2,13.0,0.393,0.0,False
Aaron Gordon,ORL,2015,5.2,3.6,0.7,0.8,17.0,0.447,0.0,False
Ben Gordon,ORL,2015,6.2,1.1,0.9,1.0,14.1,0.437,0.0,False
Drew Gordon,PHI,2015,1.9,2.0,0.2,0.9,7.9,0.421,0.0,False
Eric Gordon,NOP,2015,13.4,2.6,3.8,2.0,33.1,0.411,0.0,False
Marcin Gortat,WAS,2015,12.2,8.7,1.2,1.2,29.9,0.566,0.0,False
Danny Granger,MIA,2015,6.3,2.7,0.6,0.8,20.4,0.401,0.0,False
Jerami Grant,PHI,2015,6.3,3.0,1.2,1.3,21.2,0.352,0.0,False
Danny Green,SAS,2015,11.7,4.2,2.0,1.1,28.5,0.436,0.0,False
Draymond Green,GSW,2015,11.7,8.2,3.7,1.7,31.5,0.443,0.0,False
Erick Green,DEN,2015,3.4,0.7,0.9,0.3,9.5,0.377,0.0,False
Gerald Green,PHO,2015,11.9,2.5,1.2,1.4,19.5,0.416,0.0,False
JaMychal Green,2TM,2015,2.6,1.9,0.2,0.6,6.8,0.574,0.0,False
JaMychal Green,SAS,2015,2.0,1.5,0.0,0.5,6.3,0.571,0.0,False
JaMychal Green,MEM,2015,2.7,2.0,0.2,0.6,7.0,0.575,0.0,False
Jeff Green,2TM,2015,15.0,4.2,1.7,1.4,31.5,0.43,0.0,False
Jeff Green,BOS,2015,17.6,4.3,1.6,1.7,33.1,0.434,0.0,False
Jeff Green,MEM,2015,13.1,4.2,1.8,1.2,30.2,0.427,0.0,False
Willie Green,ORL,2015,5.9,1.5,1.3,0.9,18.3,0.386,0.0,False
Blake Griffin,LAC,2015,21.9,7.6,5.3,2.3,35.2,0.502,0.0,False
Jorge Gutiérrez,2TM,2015,2.7,1.3,1.1,0.6,8.8,0.537,0.0,False
Jorge Gutiérrez,BRK,2015,1.6,0.7,0.7,0.3,4.4,0.5,0.0,False
Jorge Gutiérrez,MIL,2015,3.7,1.8,1.5,0.9,13.1,0.556,0.0,False
P.J. Hairston,CHO,2015,5.6,2.0,0.5,0.5,15.3,0.323,0.0,False
Jordan Hamilton,LAC,2015,2.7,1.1,0.5,0.3,8.7,0.4,0.0,False
Justin Hamilton,2TM,2015,5.3,3.3,0.9,0.6,17.4,0.478,0.0,False
Justin Hamilton,MIA,2015,2.8,2.0,0.5,0.3,12.0,0.415,0.0,False
Justin Hamilton,MIN,2015,9.0,5.1,1.4,1.1,24.9,0.513,0.0,False
Tyler Hansbrough,TOR,2015,3.6,3.6,0.3,0.3,14.3,0.521,0.0,False
Tim Hardaway Jr.,NYK,2015,11.5,2.2,1.8,1.2,24.0,0.389,0.0,False
James Harden,HOU,2015,27.4,5.7,7.0,4.0,36.8,0.44,0.0,False
Maurice Harkless,ORL,2015,3.5,2.4,0.6,0.6,15.0,0.399,0.0,False
Devin Harris,DAL,2015,8.8,1.8,3.1,1.1,22.2,0.418,0.0,False
Gary Harris,DEN,2015,3.4,1.2,0.5,0.7,13.1,0.304,0.0,False
Joe Harris,CLE,2015,2.7,0.8,0.5,0.5,9.7,0.4,0.0,False
Tobias Harris,ORL,2015,17.1,6.3,1.8,1.7,34.8,0.466,0.0,False
Udonis Haslem,MIA,2015,4.2,4.2,0.7,0.7,16.0,0.448,0.0,False
Spencer Hawes,LAC,2015,5.8,3.5,1.2,0.8,17.5,0.393,0.0,False
Chuck Hayes,TOR,2015,1.7,1.8,0.7,0.3,8.8,0.478,0.0,False
Gordon Hayward,UTA,2015,19.3,4.9,4.1,2.7,34.4,0.445,0.0,False
Brendan Haywood,CLE,2015,1.6,1.3,0.1,0.5,5.4,0.467,0.0,False
Gerald Henderson,CHO,2015,12.1,3.4,2.6,1.4,28.9,0.437,0.0,False
Xavier Henry,LAL,2015,2.2,0.4,0.3,0.3,9.6,0.231,0.0,False
John Henson,MIL,2015,7.0,4.7,0.9,1.3,18.3,0.566,0.0,False
Roy Hibbert,IND,2015,10.6,7.1,1.1,1.4,25.3,0.446,0.0,False
J.J. Hickson,DEN,2015,7.6,6.2,0.8,1.3,19.3,0.475,0.0,False
Nenê,WAS,2015,11.0,5.1,1.8,1.9,25.3,0.511,0.0,False
George Hill,IND,2015,16.1,4.2,5.1,1.6,29.5,0.477,0.0,False
Jordan Hill,LAL,2015,12.0,7.9,1.5,1.5,26.8,0.459,0.0,False
Solomon Hill,IND,2015,8.9,3.8,2.2,1.4,29.0,0.396,0.0,False
Kirk Hinrich,CHI,2015,5.7,1.8,2.2,1.1,24.4,0.373,0.0,False
Jrue Holiday,NOP,2015,14.8,3.4,6.9,2.3,32.6,0.446,0.0,False
Justin Holiday,GSW,2015,4.3,1.2,0.8,0.5,11.1,0.387,0.0,False
Ryan Hollins,SAC,2015,3.0,2.2,0.3,0.5,9.6,0.646,0.0,False
Rodney Hood,UTA,2015,8.7,2.3,1.7,0.9,21.3,0.414,0.0,False
Al Horford,ATL,2015,15.2,7.2,3.2,1.3,30.5,0.538,0.0,False
Dwight Howard,HOU,2015,15.8,10.5,1.2,2.8,29.8,0.593,0.0,False
Lester Hudson,LAC,2015,3.6,1.6,1.0,0.6,11.2,0.429,0.0,False
Robbie Hummel,MIN,2015,4.4,3.0,0.6,0.4,16.5,0.459,0.0,False
Kris Humphries,WAS,2015,8.0,6.5,0.9,0.7,21.0,0.473,0.0,False
Serge Ibaka,OKC,2015,14.3,7.8,0.9,1.5,33.1,0.476,0.0,False
Andre Iguodala,GSW,2015,7.8,3.3,3.0,1.1,26.9,0.466,0.0,False
Ersan İlyasova,MIL,2015,11.5,4.8,1.0,0.8,22.7,0.472,0.0,False
Joe Ingles,UTA,2015,5.0,2.2,2.3,1.2,21.2,0.415,0.0,False
Kyrie Irving,CLE,2015,21.7,3.2,5.2,2.5,36.4,0.468,0.0,False
Jarrett Jack,BRK,2015,12.0,3.1,4.7,2.4,28.0,0.439,0.0,False
Reggie Jackson,2TM,2015,14.5,4.2,6.0,2.4,29.5,0.434,0.0,False
Reggie Jackson,OKC,2015,12.8,4.0,4.3,1.8,28.0,0.432,0.0,False
Reggie Jackson,DET,2015,17.6,4.7,9.2,3.5,32.2,0.436,0.0,False
Bernard James,DAL,2015,2.8,2.4,0.3,0.4,9.9,0.444,0.0,False
LeBron James,CLE,2015,25.3,6.0,7.4,3.9,36.1,0.488,0.0,False
Al Jefferson,CHO,2015,16.6,8.4,1.7,1.0,30.6,0.481,0.0,False
Cory Jefferson,BRK,2015,3.7,2.9,0.3,0.4,10.6,0.449,0.0,False
Richard Jefferson,DAL,2015,5.8,2.5,0.8,0.7,16.8,0.444,0.0,False
John Jenkins,ATL,2015,5.6,1.6,0.5,0.3,12.4,0.495,0.0,False
Brandon Jennings,DET,2015,15.4,2.5,6.6,2.2,28.6,0.401,0.0,False
Jonas Jerebko,2TM,2015,6.0,3.8,0.9,0.6,16.4,0.446,0.0,False
Jonas Jerebko,DET,2015,5.2,3.1,0.9,0.6,15.3,0.46,0.0,False
Jonas Jerebko,BOS,2015,7.1,4.8,1.0,0.6,18.2,0.431,0.0,False
Grant Jerrett,2TM,2015,2.0,1.1,0.4,0.4,6.4,0.269,0.0,False
Grant Jerrett,OKC,2015,1.4,0.8,0.2,0.4,5.0,0.176,0.0,False
Grant Jerrett,UTA,2015,3.0,1.7,0.7,0.3,8.7,0.444,0.0,False
Amir Johnson,TOR,2015,9.3,6.1,1.6,1.5,26.4,0.574,0.0,False
Chris Johnson,3TM,2015,5.7,1.9,0.5,0.5,18.1,0.403,0.0,False
Chris Johnson,PHI,2015,6.0,2.9,0.3,1.0,20.8,0.317,0.0,False
Chris Johnson,UTA,2015,6.8,1.5,0.6,0.5,17.6,0.484,0.0,False
Chris Johnson,MIL,2015,3.9,1.4,0.6,0.0,16.0,0.4,0.0,False
James Johnson,TOR,2015,7.9,3.7,1.4,1.1,19.6,0.589,0.0,False
Joe Johnson,BRK,2015,14.4,4.8,3.7,1.7,34.9,0.435,0.0,False
Nick Johnson,HOU,2015,2.6,1.4,0.4,0.7,9.4,0.347,0.0,False
Tyler Johnson,MIA,2015,5.9,2.5,1.3,0.9,18.8,0.419,0.0,False
Wesley Johnson,LAL,2015,9.9,4.2,1.6,1.1,29.5,0.414,0.0,False
Dahntay Jones,LAC,2015,0.6,0.3,0.1,0.0,3.7,0.286,0.0,False
James Jones,CLE,2015,4.4,1.1,0.4,0.2,11.7,0.368,0.0,False
Perry Jones,OKC,2015,4.3,1.8,0.4,0.6,14.7,0.397,0.0,False
Terrence Jones,HOU,2015,11.7,6.7,1.1,1.1,26.9,0.528,0.0,False
DeAndre Jordan,LAC,2015,11.5,15.0,0.7,1.3,34.4,0.71,0.0,False
Jerome Jordan,BRK,2015,3.1,2.4,0.3,0.5,8.7,0.532,0.0,False
Cory Joseph,SAS,2015,6.8,2.4,2.4,0.8,18.3,0.504,0.0,False
Chris Kaman,POR,2015,8.6,6.5,0.9,1.5,18.9,0.515,0.0,False
Enes Freedom,2TM,2015,15.5,8.9,0.7,1.9,28.5,0.519,0.0,False
Enes Freedom,UTA,2015,13.8,7.8,0.5,1.9,27.1,0.491,0.0,False
Enes Freedom,OKC,2015,18.7,11.0,1.1,2.0,31.1,0.566,0.0,False
Sergey Karasev,BRK,2015,4.6,2.0,1.4,0.7,16.8,0.403,0.0,False
Ryan Kelly,LAL,2015,6.4,2.8,1.8,0.7,23.7,0.337,0.0,False
Michael Kidd-Gilchrist,CHO,2015,10.9,7.6,1.4,1.1,28.9,0.465,0.0,False
Sean Kilpatrick,MIN,2015,5.5,1.5,1.0,0.5,18.0,0.35,0.0,False
Andrei Kirilenko,BRK,2015,0.4,1.1,0.1,0.1,5.1,0.0,0.0,False
Alex Kirk,CLE,2015,0.8,0.2,0.2,0.0,2.8,0.25,0.0,False
Brandon Knight,2TM,2015,17.0,3.9,5.2,3.0,32.3,0.422,0.0,False
Brandon Knight,MIL,2015,17.8,4.3,5.4,3.2,32.5,0.435,0.0,False
Brandon Knight,PHO,2015,13.4,2.1,4.5,2.1,31.5,0.357,0.0,False
Kyle Korver,ATL,2015,12.1,4.1,2.6,1.4,32.2,0.487,0.0,False
Kosta Koufos,MEM,2015,5.2,5.3,0.5,0.9,16.6,0.508,0.0,False
Ognjen Kuzmić,GSW,2015,1.3,1.1,0.4,0.3,4.5,0.667,0.0,False
Jeremy Lamb,OKC,2015,6.3,2.3,0.9,0.6,13.5,0.416,0.0,False
Carl Landry,SAC,2015,7.2,3.8,0.4,0.8,17.0,0.515,0.0,False
Shane Larkin,NYK,2015,6.2,2.3,3.0,1.1,24.5,0.433,0.0,False
Joffrey Lauvergne,DEN,2015,3.9,3.2,0.5,0.9,11.2,0.404,0.0,False
Zach LaVine,MIN,2015,10.1,2.8,3.6,2.5,24.7,0.422,0.0,False
Ty Lawson,DEN,2015,15.2,3.1,9.6,2.5,35.5,0.436,0.0,False
Ricky Ledo,2TM,2015,5.3,2.1,1.1,1.5,14.4,0.333,0.0,False
Ricky Ledo,DAL,2015,0.2,0.4,0.2,0.4,2.2,0.0,0.0,False
Ricky Ledo,NYK,2015,7.4,2.8,1.5,2.0,19.4,0.356,0.0,False
Courtney Lee,MEM,2015,10.1,2.3,2.0,1.0,30.6,0.448,0.0,False
David Lee,GSW,2015,7.9,5.2,1.7,1.0,18.4,0.511,0.0,False
Malcolm Lee,PHI,2015,0.0,0.0,0.0,0.0,2.0,0.0,0.0,False
Alex Len,PHO,2015,6.3,6.6,0.5,1.1,22.0,0.507,0.0,False
Kawhi Leonard,SAS,2015,16.5,7.2,2.5,1.5,31.8,0.479,0.0,False
Meyers Leonard,POR,2015,5.9,4.5,0.6,0.7,15.4,0.51,0.0,False
Jon Leuer,MEM,2015,4.5,3.3,0.7,0.6,13.1,0.443,0.0,False
Damian Lillard,POR,2015,21.0,4.6,6.2,2.7,35.7,0.434,0.0,False
Jeremy Lin,LAL,2015,11.2,2.6,4.6,2.2,25.8,0.424,0.0,False
Shaun Livingston,GSW,2015,5.9,2.3,3.3,1.3,18.8,0.5,0.0,False
Brook Lopez,BRK,2015,17.2,7.4,0.7,1.4,29.2,0.513,0.0,False
Robin Lopez,POR,2015,9.6,6.7,0.9,1.2,27.8,0.535,0.0,False
Kevin Love,CLE,2015,16.4,9.7,2.2,1.6,33.8,0.434,0.0,False
Kyle Lowry,TOR,2015,17.8,4.7,6.8,2.5,34.5,0.412,0.0,False
John Lucas III,DET,2015,4.7,0.8,2.9,0.8,13.0,0.404,0.0,False
Kalin Lucas,MEM,2015,0.0,0.0,0.0,0.0,6.0,0.0,0.0,False
Shelvin Mack,ATL,2015,5.4,1.4,2.8,0.9,15.1,0.401,0.0,False
Ian Mahinmi,IND,2015,4.3,5.8,0.5,1.0,18.8,0.552,0.0,False
Devyn Marble,ORL,2015,2.3,1.9,1.1,0.6,13.0,0.318,0.0,False
Shawn Marion,CLE,2015,4.8,3.5,0.9,0.6,19.3,0.446,0.0,False
Kendall Marshall,MIL,2015,4.2,1.0,3.1,1.3,14.9,0.455,0.0,False
Cartier Martin,DET,2015,1.6,0.9,0.5,0.2,8.6,0.283,0.0,False
Kenyon Martin,MIL,2015,1.8,1.7,0.5,0.3,9.5,0.409,0.0,False
Kevin Martin,MIN,2015,20.0,3.6,2.3,1.9,33.4,0.427,0.0,False
Wesley Matthews,POR,2015,15.9,3.7,2.3,1.4,33.7,0.448,0.0,False
Jason Maxiell,CHO,2015,3.3,3.3,0.3,0.5,14.4,0.422,0.0,False
O.J. Mayo,MIL,2015,11.4,2.6,2.8,1.8,23.9,0.422,0.0,False
Luc Mbah a Moute,PHI,2015,9.9,4.9,1.6,1.5,28.6,0.395,0.0,False
James Michael McAdoo,GSW,2015,4.1,2.5,0.1,0.4,9.1,0.545,0.0,False
Ray McCallum,SAC,2015,7.4,2.6,2.8,1.3,21.1,0.438,0.0,False
CJ McCollum,POR,2015,6.8,1.5,1.0,0.8,15.7,0.436,0.0,False
K.J. McDaniels,2TM,2015,7.9,3.2,1.2,1.7,21.8,0.396,0.0,False
K.J. McDaniels,PHI,2015,9.2,3.8,1.3,2.0,25.4,0.399,0.0,False
K.J. McDaniels,HOU,2015,1.1,0.5,0.2,0.1,3.3,0.333,0.0,False
Doug McDermott,CHI,2015,3.0,1.2,0.2,0.5,8.9,0.402,0.0,False
Mitch McGary,OKC,2015,6.3,5.2,0.4,1.0,15.2,0.533,0.0,False
JaVale McGee,2TM,2015,4.6,2.7,0.1,0.8,11.1,0.532,0.0,False
JaVale McGee,DEN,2015,5.2,2.8,0.1,0.8,11.5,0.557,0.0,False
JaVale McGee,PHI,2015,3.0,2.2,0.3,0.8,10.2,0.444,0.0,False
Ben McLemore,SAC,2015,12.1,2.9,1.7,1.7,32.6,0.437,0.0,False
Jerel McNeal,PHO,2015,1.5,0.5,0.3,0.8,6.0,0.273,0.0,False
Josh McRoberts,MIA,2015,4.2,2.6,1.9,1.3,17.4,0.528,0.0,False
Jodie Meeks,DET,2015,11.1,1.7,1.3,1.0,24.4,0.416,0.0,False
Gal Mekel,NOP,2015,1.5,0.3,3.3,0.5,10.8,0.15,0.0,False
Khris Middleton,MIL,2015,13.4,4.4,2.3,1.4,30.1,0.467,0.0,False
C.J. Miles,IND,2015,13.5,3.1,1.1,1.0,26.3,0.398,0.0,False
Andre Miller,2TM,2015,4.4,1.9,3.5,1.3,15.5,0.5,0.0,False
Andre Miller,WAS,2015,3.6,1.5,2.8,0.9,12.4,0.542,0.0,False
Andre Miller,SAC,2015,5.7,2.5,4.7,1.9,20.7,0.459,0.0,False
Darius Miller,NOP,2015,0.4,0.2,0.4,0.2,8.6,0.143,0.0,False
Mike Miller,CLE,2015,2.1,1.8,0.9,0.4,13.5,0.325,0.0,False
Quincy Miller,2TM,2015,2.9,2.0,0.8,0.5,11.9,0.237,0.0,False
Quincy Miller,SAC,2015,2.8,2.0,0.5,0.5,10.2,0.222,0.0,False
Quincy Miller,DET,2015,3.0,2.0,1.3,0.5,14.5,0.25,0.0,False
Elijah Millsap,UTA,2015,5.3,3.2,1.2,1.4,19.7,0.34,0.0,False
Paul Millsap,ATL,2015,16.7,7.8,3.1,2.3,32.7,0.476,0.0,False
Patty Mills,SAS,2015,6.9,1.5,1.7,0.7,15.7,0.381,0.0,False
Nikola Mirotić,CHI,2015,10.2,4.9,1.2,1.1,20.2,0.405,0.0,False
Nazr Mohammed,CHI,2015,1.2,1.7,0.1,0.3,5.6,0.433,0.0,False
Greg Monroe,DET,2015,15.9,10.2,2.1,2.2,31.0,0.496,0.0,False
E'Twaun Moore,CHI,2015,2.7,0.8,0.6,0.3,9.0,0.446,0.0,False
Eric Moreland,SAC,2015,0.7,0.3,0.0,0.0,0.7,1.0,0.0,False
Darius Morris,BRK,2015,2.2,0.7,1.3,0.6,7.9,0.34,0.0,False
Markieff Morris,PHO,2015,15.3,6.2,2.3,2.1,31.5,0.465,0.0,False
Marcus Morris,PHO,2015,10.4,4.8,1.6,0.9,25.2,0.434,0.0,False
Anthony Morrow,OKC,2015,10.7,2.6,0.8,0.5,24.4,0.463,0.0,False
Donatas Motiejūnas,HOU,2015,12.0,5.9,1.8,1.7,28.7,0.504,0.0,False
Timofey Mozgov,2TM,2015,9.7,7.3,0.7,1.4,25.2,0.555,0.0,False
Timofey Mozgov,DEN,2015,8.5,7.8,0.5,1.3,25.6,0.504,0.0,False
Timofey Mozgov,CLE,2015,10.6,6.9,0.8,1.5,25.0,0.59,0.0,False
Shabazz Muhammad,MIN,2015,13.5,4.1,1.2,0.9,22.8,0.489,0.0,False
Toure' Murry,2TM,2015,1.2,0.2,0.2,0.8,3.6,0.4,0.0,False
Toure' Murry,UTA,2015,0.0,0.0,0.0,0.0,1.0,0.0,0.0,False
Toure' Murry,WAS,2015,1.5,0.3,0.3,1.0,4.3,0.5,0.0,False
Mike Muscala,ATL,2015,4.9,3.0,0.6,0.5,12.6,0.55,0.0,False
Shabazz Napier,MIA,2015,5.1,2.2,2.5,1.6,19.8,0.382,0.0,False
Gary Neal,2TM,2015,10.1,2.4,1.9,1.2,22.1,0.374,0.0,False
Gary Neal,CHO,2015,9.6,2.2,1.9,1.3,21.7,0.359,0.0,False
Gary Neal,MIN,2015,11.8,3.2,1.8,0.9,23.8,0.429,0.0,False
Jameer Nelson,3TM,2015,8.3,2.3,4.0,1.7,22.3,0.407,0.0,False
Jameer Nelson,DAL,2015,7.3,2.7,4.1,1.7,25.4,0.374,0.0,False
Jameer Nelson,BOS,2015,4.8,2.8,5.5,1.5,20.2,0.22,0.0,False
Jameer Nelson,DEN,2015,9.6,1.9,3.7,1.8,20.6,0.45,0.0,False
Andrew Nicholson,ORL,2015,4.9,2.1,0.6,0.6,12.3,0.437,0.0,False
Joakim Noah,CHI,2015,7.2,9.6,4.7,1.8,30.6,0.445,0.0,False
Nerlens Noel,PHI,2015,9.9,8.1,1.7,1.9,30.8,0.462,0.0,False
Lucas Nogueira,TOR,2015,1.0,1.8,0.2,0.3,3.8,0.25,0.0,False
Steve Novak,2TM,2015,1.8,0.6,0.3,0.1,5.6,0.393,0.0,False
Steve Novak,UTA,2015,2.2,0.7,0.3,0.1,5.0,0.457,0.0,False
Steve Novak,OKC,2015,1.2,0.5,0.4,0.2,6.8,0.286,0.0,False
Dirk Nowitzki,DAL,2015,17.3,5.9,1.9,1.1,29.6,0.459,0.0,False
Jusuf Nurkić,DEN,2015,6.9,6.2,0.8,1.4,17.8,0.446,0.0,False
Johnny O'Bryant,MIL,2015,2.9,1.9,0.5,0.7,10.8,0.367,0.0,False
Victor Oladipo,ORL,2015,17.9,4.2,4.1,2.8,35.7,0.436,0.0,False
Kelly Olynyk,BOS,2015,10.3,4.7,1.7,1.5,22.2,0.475,0.0,False
Arinze Onuaku,MIN,2015,4.5,3.5,0.7,0.3,11.3,0.857,0.0,False
Kyle O'Quinn,ORL,2015,5.8,3.9,1.2,1.1,16.2,0.492,0.0,False
Zaza Pachulia,MIL,2015,8.3,6.8,2.4,1.8,23.7,0.454,0.0,False
Kostas Papanikolaou,HOU,2015,4.2,2.7,2.0,1.3,18.5,0.35,0.0,False
Jannero Pargo,CHO,2015,4.6,0.3,0.9,0.3,8.1,0.429,0.0,False
Jabari Parker,MIL,2015,12.3,5.5,1.7,1.9,29.5,0.49,0.0,False
Tony Parker,SAS,2015,14.4,1.9,4.9,2.1,28.7,0.486,0.0,False
Chandler Parsons,DAL,2015,15.7,4.9,2.4,1.5,33.1,0.462,0.0,False
Patrick Patterson,TOR,2015,8.0,5.3,1.9,0.7,26.6,0.449,0.0,False
Chris Paul,LAC,2015,19.1,4.6,10.2,2.3,34.8,0.485,0.0,False
Adreian Payne,2TM,2015,6.7,5.1,0.9,1.4,23.1,0.414,0.0,False
Adreian Payne,ATL,2015,1.7,1.3,0.0,0.0,6.3,0.286,0.0,False
Adreian Payne,MIN,2015,7.2,5.4,1.0,1.5,24.8,0.418,0.0,False
Elfrid Payton,ORL,2015,8.9,4.3,6.5,2.5,30.4,0.425,0.0,False
Nikola Peković,MIN,2015,12.5,7.5,0.9,1.4,26.3,0.424,0.0,False
Jeff Ayres,SAS,2015,2.7,2.3,0.3,0.5,7.5,0.579,0.0,False
Kendrick Perkins,2TM,2015,3.6,4.7,0.8,1.4,16.9,0.449,0.0,False
Kendrick Perkins,OKC,2015,4.0,5.5,0.8,1.5,19.2,0.441,0.0,False
Kendrick Perkins,CLE,2015,2.6,2.4,0.5,1.2,9.8,0.488,0.0,False
Paul Pierce,WAS,2015,11.9,4.0,2.0,1.3,26.2,0.447,0.0,False
Mason Plumlee,BRK,2015,8.7,6.2,0.9,1.3,21.3,0.573,0.0,False
Miles Plumlee,2TM,2015,4.0,4.4,0.5,0.7,16.4,0.535,0.0,False
Miles Plumlee,PHO,2015,4.3,5.1,0.5,0.8,18.6,0.549,0.0,False
Miles Plumlee,MIL,2015,3.2,2.4,0.4,0.3,9.9,0.492,0.0,False
Quincy Pondexter,2TM,2015,7.2,2.6,1.3,0.7,23.9,0.421,0.0,False
Quincy Pondexter,MEM,2015,4.5,1.9,0.9,0.3,18.0,0.356,0.0,False
Quincy Pondexter,NOP,2015,9.0,3.1,1.5,0.9,27.8,0.449,0.0,False
Otto Porter Jr.,WAS,2015,6.0,3.0,0.9,0.7,19.4,0.45,0.0,False
Dwight Powell,2TM,2015,3.1,1.7,0.3,0.4,8.1,0.463,0.0,False
Dwight Powell,BOS,2015,1.8,0.2,0.0,0.4,1.8,0.8,0.0,False
Dwight Powell,DAL,2015,3.4,2.0,0.4,0.4,9.5,0.435,0.0,False
Phil Pressey,BOS,2015,3.5,1.6,2.3,0.8,12.0,0.368,0.0,False
A.J. Price,3TM,2015,5.1,1.2,1.8,0.5,12.5,0.372,0.0,False
A.J. Price,IND,2015,10.5,1.4,2.7,1.0,19.3,0.438,0.0,False
A.J. Price,CLE,2015,2.0,1.4,1.2,0.3,7.9,0.265,0.0,False
A.J. Price,PHO,2015,1.2,0.6,1.2,0.2,8.8,0.214,0.0,False
Ronnie Price,LAL,2015,5.1,1.6,3.8,1.2,22.8,0.345,0.0,False
Pablo Prigioni,2TM,2015,4.1,1.8,2.6,0.9,17.9,0.399,0.0,False
Pablo Prigioni,NYK,2015,4.7,1.9,2.4,1.1,18.5,0.422,0.0,False
Pablo Prigioni,HOU,2015,3.0,1.6,2.8,0.6,16.8,0.343,0.0,False
Tayshaun Prince,3TM,2015,7.5,3.6,1.6,0.6,24.1,0.44,0.0,False
Tayshaun Prince,MEM,2015,7.3,3.2,1.4,0.6,24.2,0.41,0.0,False
Tayshaun Prince,BOS,2015,8.4,3.3,2.0,0.4,22.0,0.559,0.0,False
Tayshaun Prince,DET,2015,7.3,4.2,1.7,0.7,24.8,0.431,0.0,False
Miroslav Raduljica,MIN,2015,1.6,1.0,0.0,0.4,4.6,0.375,0.0,False
Julius Randle,LAL,2015,2.0,0.0,0.0,1.0,14.0,0.333,0.0,False
Shavlik Randolph,2TM,2015,1.1,1.8,0.2,0.1,6.0,0.257,0.0,False
Shavlik Randolph,PHO,2015,1.1,1.6,0.2,0.1,6.3,0.24,0.0,False
Shavlik Randolph,BOS,2015,1.4,2.4,0.2,0.2,5.0,0.3,0.0,False
Zach Randolph,MEM,2015,16.1,10.5,2.2,2.2,32.5,0.487,0.0,False
JJ Redick,LAC,2015,16.4,2.1,1.8,1.2,30.9,0.477,0.0,False
Glen Rice Jr.,WAS,2015,2.2,0.8,0.4,0.4,8.6,0.2,0.0,False
Jason Richardson,PHI,2015,9.1,3.5,2.0,0.8,21.9,0.348,0.0,False
Luke Ridnour,ORL,2015,4.0,1.4,2.0,0.8,14.5,0.426,0.0,False
Austin Rivers,2TM,2015,7.0,2.0,2.0,0.9,20.6,0.409,0.0,False
Austin Rivers,NOP,2015,6.8,1.9,2.5,0.9,22.1,0.387,0.0,False
Austin Rivers,LAC,2015,7.1,2.0,1.7,0.9,19.3,0.427,0.0,False
Andre Roberson,OKC,2015,3.4,3.8,1.0,0.7,19.2,0.458,0.0,False
Brian Roberts,CHO,2015,6.7,1.5,2.3,0.8,18.5,0.389,0.0,False
Glenn Robinson III,2TM,2015,2.1,1.1,0.3,0.3,7.5,0.388,0.0,False
Glenn Robinson III,MIN,2015,1.2,0.6,0.1,0.1,4.3,0.333,0.0,False
Glenn Robinson III,PHI,2015,4.4,2.5,0.8,0.8,15.3,0.419,0.0,False
Nate Robinson,2TM,2015,5.7,1.2,2.3,0.7,14.1,0.345,0.0,False
Nate Robinson,DEN,2015,5.8,1.2,2.3,0.7,14.1,0.348,0.0,False
Nate Robinson,LAC,2015,5.1,1.2,2.2,0.9,14.0,0.333,0.0,False
Thomas Robinson,2TM,2015,5.7,5.6,0.6,1.1,14.8,0.485,0.0,False
Thomas Robinson,POR,2015,3.6,4.2,0.3,1.0,12.2,0.516,0.0,False
Thomas Robinson,PHI,2015,8.8,7.7,1.1,1.2,18.5,0.467,0.0,False
Rajon Rondo,2TM,2015,8.9,5.5,7.9,3.1,29.7,0.426,0.0,False
Rajon Rondo,BOS,2015,8.3,7.5,10.8,3.4,31.8,0.405,0.0,False
Rajon Rondo,DAL,2015,9.3,4.5,6.5,2.9,28.7,0.436,0.0,False
Derrick Rose,CHI,2015,17.7,3.2,4.9,3.2,30.0,0.405,0.0,False
Terrence Ross,TOR,2015,9.8,2.8,1.0,0.8,25.5,0.41,0.0,False
Ricky Rubio,MIN,2015,10.3,5.7,8.8,2.9,31.5,0.356,0.0,False
Damjan Rudež,IND,2015,4.8,0.7,0.8,0.7,15.4,0.452,0.0,False
Brandon Rush,GSW,2015,0.9,1.2,0.4,0.3,8.2,0.204,0.0,False
Robert Sacre,LAL,2015,4.6,3.5,0.8,0.5,16.9,0.412,0.0,False
John Salmons,NOP,2015,2.0,1.0,0.6,0.2,12.9,0.333,0.0,False
JaKarr Sampson,PHI,2015,5.2,2.2,1.0,1.0,15.3,0.422,0.0,False
Larry Sanders,MIL,2015,7.3,6.1,0.9,1.0,21.7,0.5,0.0,False
Dennis Schröder,ATL,2015,10.0,2.1,4.1,1.9,19.7,0.427,0.0,False
Luis Scola,IND,2015,9.4,6.5,1.3,1.2,20.5,0.467,0.0,False
Mike Scott,ATL,2015,7.8,2.9,1.1,0.6,16.5,0.444,0.0,False
Thabo Sefolosha,ATL,2015,5.3,4.3,1.4,0.7,18.8,0.418,0.0,False
Kevin Séraphin,WAS,2015,6.6,3.6,0.7,1.2,15.6,0.513,0.0,False
Ramon Sessions,2TM,2015,6.3,2.3,2.8,1.3,18.6,0.374,0.0,False
Ramon Sessions,SAC,2015,5.4,1.9,2.7,1.4,17.8,0.344,0.0,False
Ramon Sessions,WAS,2015,7.4,2.7,3.1,1.3,19.5,0.411,0.0,False
Iman Shumpert,2TM,2015,8.0,3.6,2.2,1.5,24.9,0.41,0.0,False
Iman Shumpert,NYK,2015,9.3,3.4,3.3,1.8,26.0,0.409,0.0,False
Iman Shumpert,CLE,2015,7.2,3.8,1.5,1.3,24.2,0.41,0.0,False
Alexey Shved,3TM,2015,10.3,2.4,2.5,1.1,18.3,0.397,0.0,False
Alexey Shved,PHI,2015,9.9,1.3,2.7,1.1,16.8,0.4,0.0,False
Alexey Shved,HOU,2015,3.2,0.4,0.3,0.6,6.6,0.333,0.0,False
Alexey Shved,NYK,2015,14.8,4.6,3.6,1.6,26.4,0.403,0.0,False
Henry Sims,PHI,2015,8.0,4.9,1.1,1.4,19.2,0.474,0.0,False
Kyle Singler,2TM,2015,6.0,2.4,1.1,0.7,21.8,0.386,0.0,False
Kyle Singler,DET,2015,7.1,2.6,1.2,0.8,23.8,0.4,0.0,False
Kyle Singler,OKC,2015,3.7,2.1,0.7,0.5,17.5,0.333,0.0,False
Donald Sloan,IND,2015,7.4,2.7,3.6,1.2,20.9,0.408,0.0,False
Marcus Smart,BOS,2015,7.8,3.3,3.1,1.3,27.0,0.367,0.0,False
Greg Smith,DAL,2015,1.9,1.9,0.2,0.3,8.6,0.612,0.0,False
Ish Smith,2TM,2015,6.1,1.8,3.3,1.4,15.1,0.39,0.0,False
Ish Smith,OKC,2015,1.2,0.9,0.9,0.3,5.2,0.333,0.0,False
Ish Smith,PHI,2015,12.0,2.9,6.1,2.8,27.1,0.398,0.0,False
Jason Smith,NYK,2015,8.0,4.0,1.7,1.3,21.8,0.434,0.0,False
Josh Smith,2TM,2015,12.4,6.4,3.3,2.5,27.7,0.419,0.0,False
Josh Smith,DET,2015,13.1,7.2,4.7,2.6,32.0,0.391,0.0,False
Josh Smith,HOU,2015,12.0,6.0,2.6,2.4,25.5,0.438,0.0,False
J.R. Smith,2TM,2015,12.1,3.1,2.8,1.4,29.7,0.417,0.0,False
J.R. Smith,NYK,2015,10.9,2.4,3.4,1.9,25.8,0.402,0.0,False
J.R. Smith,CLE,2015,12.7,3.5,2.5,1.1,31.8,0.425,0.0,False
Russ Smith,2TM,2015,2.5,0.5,0.7,1.0,5.4,0.32,0.0,False
Russ Smith,NOP,2015,0.8,0.5,0.3,1.2,4.8,0.2,0.0,False
Russ Smith,MEM,2015,4.2,0.5,1.0,0.8,6.0,0.4,0.0,False
Tony Snell,CHI,2015,6.0,2.4,0.9,0.7,19.6,0.429,0.0,False
Marreese Speights,GSW,2015,10.4,4.3,0.9,1.1,15.9,0.492,0.0,False
Tiago Splitter,SAS,2015,8.2,4.8,1.5,1.2,19.8,0.558,0.0,False
Nik Stauskas,SAC,2015,4.4,1.2,0.9,0.5,15.4,0.365,0.0,False
Lance Stephenson,CHO,2015,8.2,4.5,3.9,2.1,25.8,0.376,0.0,False
Greg Stiemsma,TOR,2015,0.8,0.9,0.2,0.4,3.9,0.75,0.0,False
David Stockton,SAC,2015,2.7,0.7,3.0,1.3,11.0,0.333,0.0,False
Jarnell Stokes,MEM,2015,3.0,1.8,0.2,0.4,6.6,0.568,0.0,False
Amar'e Stoudemire,2TM,2015,11.5,5.6,0.8,1.3,21.1,0.557,0.0,False
Amar'e Stoudemire,NYK,2015,12.0,6.8,1.0,1.8,24.0,0.543,0.0,False
Amar'e Stoudemire,DAL,2015,10.8,3.7,0.3,0.7,16.5,0.581,0.0,False
Rodney Stuckey,IND,2015,12.6,3.5,3.1,1.7,26.4,0.44,0.0,False
Jared Sullinger,BOS,2015,13.3,7.6,2.3,1.3,27.0,0.439,0.0,False
Jeff Taylor,CHO,2015,4.4,1.8,0.8,0.7,14.8,0.395,0.0,False
Jeff Teague,ATL,2015,15.9,2.5,7.0,2.8,30.5,0.46,0.0,False
Mirza Teletović,BRK,2015,8.5,4.9,1.2,1.3,22.3,0.382,0.0,False
Sebastian Telfair,OKC,2015,8.4,1.9,2.8,1.1,20.4,0.368,0.0,False
Garrett Temple,WAS,2015,3.9,1.7,1.1,0.7,14.1,0.4,0.0,False
Jason Terry,HOU,2015,7.0,1.6,1.9,1.0,21.3,0.422,0.0,False
Isaiah Thomas,2TM,2015,16.4,2.3,4.2,2.1,25.8,0.42,0.0,False
Isaiah Thomas,PHO,2015,15.2,2.4,3.7,1.9,25.7,0.426,0.0,False
Isaiah Thomas,BOS,2015,19.0,2.1,5.4,2.6,26.0,0.411,0.0,False
Lance Thomas,2TM,2015,7.1,3.1,1.1,1.2,24.0,0.412,0.0,False
Lance Thomas,OKC,2015,5.1,3.4,0.9,0.8,20.5,0.357,0.0,False
Lance Thomas,NYK,2015,8.3,3.0,1.2,1.4,26.0,0.434,0.0,False
Malcolm Thomas,PHI,2015,2.6,3.3,0.4,0.8,11.4,0.45,0.0,False
Tyrus Thomas,MEM,2015,2.0,0.0,0.5,0.0,3.5,1.0,0.0,False
Hollis Thompson,PHI,2015,8.8,2.8,1.2,0.9,25.0,0.413,0.0,False
Jason Thompson,SAC,2015,6.1,6.5,1.0,1.0,24.6,0.47,0.0,False
Klay Thompson,GSW,2015,21.7,3.2,2.9,1.9,31.9,0.463,0.0,False
Tristan Thompson,CLE,2015,8.5,8.0,0.5,1.0,26.8,0.547,0.0,False
Marcus Thornton,2TM,2015,7.9,1.8,0.8,0.6,15.0,0.406,0.0,False
Marcus Thornton,BOS,2015,8.9,1.9,0.9,0.6,16.4,0.416,0.0,False
Marcus Thornton,PHO,2015,3.6,1.4,0.2,0.6,9.0,0.325,0.0,False
Anthony Tolliver,2TM,2015,6.3,3.1,0.8,0.7,18.8,0.41,0.0,False
Anthony Tolliver,PHO,2015,3.3,1.8,0.4,0.5,11.3,0.351,0.0,False
Anthony Tolliver,DET,2015,7.7,3.7,0.9,0.8,22.3,0.423,0.0,False
P.J. Tucker,PHO,2015,9.1,6.4,1.6,1.2,30.6,0.438,0.0,False
Ronny Turiaf,MIN,2015,0.0,0.5,1.0,0.0,9.5,,0.0,False
Hedo Türkoğlu,LAC,2015,3.7,1.6,0.6,0.5,11.4,0.441,0.0,False
Evan Turner,BOS,2015,9.5,5.1,5.5,2.4,27.6,0.429,0.0,False
Ekpe Udoh,LAC,2015,0.9,0.8,0.2,0.2,3.9,0.458,0.0,False
Beno Udrih,MEM,2015,7.7,1.8,2.8,1.1,18.9,0.487,0.0,False
Jonas Valančiūnas,TOR,2015,12.0,8.7,0.5,1.4,26.2,0.572,0.0,False
Anderson Varejão,CLE,2015,9.8,6.5,1.3,1.3,24.5,0.555,0.0,False
Greivis Vásquez,TOR,2015,9.5,2.6,3.7,1.5,24.3,0.408,0.0,False
Charlie Villanueva,DAL,2015,6.3,2.3,0.3,0.4,10.6,0.414,0.0,False
Noah Vonleh,CHO,2015,3.3,3.4,0.2,0.4,10.4,0.395,0.0,False
Nikola Vučević,ORL,2015,19.3,10.9,2.0,2.0,34.2,0.523,0.0,False
Dwyane Wade,MIA,2015,21.5,3.5,4.8,3.4,31.8,0.47,0.0,False
Dion Waiters,2TM,2015,11.8,2.4,2.0,1.4,27.6,0.396,0.0,False
Dion Waiters,CLE,2015,10.5,1.7,2.2,1.5,23.8,0.404,0.0,False
Dion Waiters,OKC,2015,12.7,2.9,1.9,1.3,30.3,0.392,0.0,False
Henry Walker,MIA,2015,7.3,3.4,1.2,1.0,26.2,0.345,0.0,False
Kemba Walker,CHO,2015,17.3,3.5,5.1,1.6,34.2,0.385,0.0,False
Gerald Wallace,BOS,2015,1.1,1.8,0.3,0.6,8.9,0.412,0.0,False
John Wall,WAS,2015,17.6,4.6,10.0,3.8,35.9,0.445,0.0,False
T.J. Warren,PHO,2015,6.1,2.1,0.6,0.7,15.4,0.528,0.0,False
C.J. Watson,IND,2015,10.0,2.9,3.6,1.8,24.9,0.434,0.0,False
David Wear,SAC,2015,0.0,1.0,0.5,0.0,3.5,0.0,0.0,False
Travis Wear,NYK,2015,3.9,2.1,0.8,0.7,13.2,0.402,0.0,False
Martell Webster,WAS,2015,3.3,1.4,0.5,0.7,11.0,0.264,0.0,False
Russell Westbrook,OKC,2015,28.1,7.3,8.6,4.4,34.4,0.426,0.0,False
David West,IND,2015,11.7,6.8,3.4,1.8,28.7,0.471,0.0,False
Hassan Whiteside,MIA,2015,11.8,10.0,0.1,1.2,23.8,0.628,0.0,False
Shayne Whittington,IND,2015,2.9,1.5,0.3,0.3,5.4,0.452,0.0,False
Andrew Wiggins,MIN,2015,16.9,4.6,2.1,2.2,36.2,0.437,0.0,False
C.J. Wilcox,LAC,2015,2.0,0.3,0.4,0.5,4.8,0.421,0.0,False
Deron Williams,BRK,2015,13.0,3.5,6.6,2.3,31.1,0.387,0.0,False
Derrick Williams,SAC,2015,8.3,2.7,0.7,0.8,19.8,0.447,0.0,False
Elliot Williams,2TM,2015,2.8,0.6,0.9,0.3,9.2,0.378,0.0,False
Elliot Williams,UTA,2015,3.6,0.6,0.8,0.8,8.4,0.462,0.0,False
Elliot Williams,NOP,2015,2.4,0.6,1.0,0.0,9.6,0.333,0.0,False
Lou Williams,TOR,2015,15.5,1.9,2.1,1.3,25.2,0.404,0.0,False
Mo Williams,2TM,2015,14.2,2.6,6.2,2.5,29.1,0.397,0.0,False
Mo Williams,MIN,2015,12.2,2.4,6.4,2.5,28.0,0.403,0.0,False
Mo Williams,CHO,2015,17.2,2.8,6.0,2.6,30.8,0.39,0.0,False
Marvin Williams,CHO,2015,7.4,4.9,1.3,0.8,26.1,0.424,0.0,False
Reggie Williams,SAS,2015,1.9,0.9,0.5,0.1,5.3,0.385,0.0,False
Shawne Williams,2TM,2015,5.4,2.6,0.7,0.5,17.3,0.403,0.0,False
Shawne Williams,MIA,2015,6.6,3.2,0.8,0.5,21.0,0.425,0.0,False
Shawne Williams,DET,2015,2.6,1.4,0.4,0.4,8.6,0.317,0.0,False
Jeff Withey,NOP,2015,2.6,1.7,0.3,0.3,7.0,0.5,0.0,False
Nate Wolters,2TM,2015,2.0,1.6,1.0,0.6,11.8,0.351,0.0,False
Nate Wolters,MIL,2015,2.3,1.5,0.9,0.3,12.9,0.387,0.0,False
Nate Wolters,NOP,2015,1.7,1.8,1.1,1.0,10.5,0.308,0.0,False
Brandan Wright,3TM,2015,7.3,4.3,0.5,0.5,19.3,0.642,0.0,False
Brandan Wright,DAL,2015,8.8,4.1,0.4,0.5,18.7,0.748,0.0,False
Brandan Wright,BOS,2015,3.3,2.1,1.0,0.6,10.8,0.571,0.0,False
Brandan Wright,PHO,2015,7.0,4.9,0.6,0.4,21.5,0.58,0.0,False
Dorell Wright,POR,2015,4.6,2.3,0.9,0.4,12.3,0.379,0.0,False
Tony Wroten,PHI,2015,16.9,2.9,5.2,3.8,29.8,0.403,0.0,False
James Young,BOS,2015,3.4,1.4,0.4,0.2,10.7,0.353,0.0,False
Nick Young,LAL,2015,13.4,2.3,1.0,1.0,23.8,0.366,0.0,False
Thaddeus Young,2TM,2015,14.1,5.4,2.3,1.5,32.0,0.466,0.0,False
Thaddeus Young,MIN,2015,14.3,5.1,2.8,1.6,33.4,0.451,0.0,False
Thaddeus Young,BRK,2015,13.8,5.9,1.4,1.5,29.6,0.495,0.0,False
Cody Zeller,CHO,2015,7.6,5.8,1.6,1.0,24.0,0.461,0.0,False
Tyler Zeller,BOS,2015,10.2,5.7,1.4,0.9,21.1,0.549,0.0,False
Quincy Acy,2TM,2014,2.7,3.4,0.4,0.5,13.4,0.468,0.0,False
Quincy Acy,TOR,2014,2.7,2.1,0.6,0.3,8.7,0.429,0.0,False
Quincy Acy,SAC,2014,2.7,3.6,0.4,0.5,14.0,0.472,0.0,False
Steven Adams,OKC,2014,3.3,4.1,0.5,0.9,14.8,0.503,0.0,False
Jeff Adrien,2TM,2014,6.8,5.8,0.7,0.7,18.1,0.52,0.0,False
Jeff Adrien,CHA,2014,2.3,3.5,0.3,0.3,10.2,0.55,0.0,False
Jeff Adrien,MIL,2014,10.9,7.8,1.1,1.1,25.2,0.515,0.0,False
Arron Afflalo,ORL,2014,18.2,3.6,3.4,2.0,35.0,0.459,0.0,False
Alexis Ajinça,NOP,2014,5.9,4.9,0.7,1.1,17.0,0.546,0.0,False
Cole Aldrich,NYK,2014,2.0,2.8,0.3,0.4,7.2,0.541,0.0,False
LaMarcus Aldridge,POR,2014,23.2,11.1,2.6,1.8,36.2,0.458,0.0,False
Lavoy Allen,2TM,2014,4.7,4.8,1.1,0.7,16.5,0.447,0.0,False
Lavoy Allen,PHI,2014,5.2,5.4,1.3,0.8,18.8,0.44,0.0,False
Lavoy Allen,IND,2014,2.9,2.4,0.4,0.3,8.0,0.5,0.0,False
Ray Allen,MIA,2014,9.6,2.8,2.0,1.2,26.5,0.442,0.0,False
Tony Allen,MEM,2014,9.0,3.8,1.7,1.6,23.2,0.494,0.0,False
Al-Farouq Aminu,NOP,2014,7.2,6.2,1.4,1.1,25.6,0.474,0.0,False
Lou Amundson,2TM,2014,2.0,2.9,0.3,0.7,9.7,0.5,0.0,False
Lou Amundson,NOP,2014,2.1,3.1,0.3,0.8,10.2,0.5,0.0,False
Lou Amundson,CHI,2014,0.0,0.0,0.0,0.0,1.0,,0.0,False
Alan Anderson,BRK,2014,7.2,2.2,1.0,0.8,22.7,0.4,0.0,False
Chris Andersen,MIA,2014,6.6,5.3,0.3,0.7,19.4,0.644,0.0,False
James Anderson,PHI,2014,10.1,3.8,1.9,1.3,28.9,0.431,0.0,False
Ryan Anderson,NOP,2014,19.8,6.5,0.8,0.9,36.1,0.438,0.0,False
Giannis Antetokounmpo,MIL,2014,6.8,4.4,1.9,1.6,24.6,0.414,0.0,False
Carmelo Anthony,NYK,2014,27.4,8.1,3.1,2.6,38.7,0.452,0.0,False
Joel Anthony,2TM,2014,0.8,1.2,0.1,0.1,5.6,0.375,0.0,False
Joel Anthony,MIA,2014,0.5,0.6,0.0,0.1,3.1,0.333,0.0,False
Joel Anthony,BOS,2014,1.0,1.5,0.1,0.1,7.1,0.385,0.0,False
Pero Antić,ATL,2014,7.0,4.2,1.2,1.1,18.5,0.418,0.0,False
Trevor Ariza,WAS,2014,14.4,6.2,2.5,1.7,35.4,0.456,0.0,False
Hilton Armstrong,GSW,2014,1.7,3.1,0.3,0.4,6.5,0.474,0.0,False
Metta World Peace,NYK,2014,4.8,2.0,0.6,0.7,13.4,0.397,0.0,False
Darrell Arthur,DEN,2014,5.9,3.1,0.9,0.9,17.1,0.395,0.0,False
Ömer Aşık,HOU,2014,5.8,7.9,0.5,1.2,20.2,0.532,0.0,False
D.J. Augustin,2TM,2014,13.1,1.8,4.4,1.8,27.3,0.415,0.0,False
D.J. Augustin,TOR,2014,2.1,0.4,1.0,0.9,8.2,0.292,0.0,False
D.J. Augustin,CHI,2014,14.9,2.1,5.0,1.9,30.4,0.419,0.0,False
Gustavo Ayón,ATL,2014,4.3,4.8,1.1,1.1,16.5,0.51,0.0,False
Chris Babb,BOS,2014,1.6,1.2,0.2,0.2,9.4,0.267,0.0,False
Luke Babbitt,NOP,2014,6.3,3.3,1.1,0.6,17.5,0.39,0.0,False
Leandro Barbosa,PHO,2014,7.5,1.9,1.6,1.0,18.4,0.427,0.0,False
J.J. Barea,MIN,2014,8.4,1.9,3.8,1.6,18.6,0.387,0.0,False
Andrea Bargnani,NYK,2014,13.3,5.3,1.1,1.4,29.9,0.442,0.0,False
Harrison Barnes,GSW,2014,9.5,4.0,1.5,1.1,28.3,0.399,0.0,False
Matt Barnes,LAC,2014,9.9,4.6,2.0,1.3,27.5,0.438,0.0,False
Will Barton,POR,2014,4.0,1.8,0.8,0.4,9.4,0.417,0.0,False
Brandon Bass,BOS,2014,11.1,5.7,1.1,1.2,27.6,0.486,0.0,False
Shane Battier,MIA,2014,4.1,1.9,0.9,0.3,20.1,0.382,0.0,False
Nicolas Batum,POR,2014,13.0,7.5,5.1,2.5,36.0,0.465,0.0,False
Jerryd Bayless,2TM,2014,9.3,2.0,2.7,1.1,23.4,0.402,0.0,False
Jerryd Bayless,MEM,2014,8.1,1.9,2.1,0.7,21.0,0.377,0.0,False
Jerryd Bayless,BOS,2014,10.1,2.1,3.1,1.5,25.3,0.418,0.0,False
Aron Baynes,SAS,2014,3.0,2.7,0.6,0.7,9.3,0.436,0.0,False
Kent Bazemore,2TM,2014,6.0,1.7,1.4,1.2,13.6,0.429,0.0,False
Kent Bazemore,GSW,2014,2.3,0.9,0.5,0.6,6.1,0.371,0.0,False
Kent Bazemore,LAL,2014,13.1,3.3,3.1,2.2,28.0,0.451,0.0,False
Bradley Beal,WAS,2014,17.1,3.7,3.3,1.8,34.7,0.419,0.0,False
Michael Beasley,MIA,2014,7.9,3.1,0.8,1.0,15.1,0.499,0.0,False
Marco Belinelli,SAS,2014,11.4,2.8,2.2,1.2,25.2,0.485,0.0,False
Anthony Bennett,CLE,2014,4.2,3.0,0.3,0.9,12.8,0.356,0.0,False
Patrick Beverley,HOU,2014,10.2,3.5,2.7,1.2,31.3,0.414,0.0,False
Andris Biedriņš,UTA,2014,0.5,2.8,0.0,0.3,7.5,1.0,0.0,False
Chauncey Billups,DET,2014,3.8,1.5,2.2,1.3,16.3,0.304,0.0,False
Bismack Biyombo,CHA,2014,2.9,4.8,0.1,0.5,13.9,0.611,0.0,False
DeJuan Blair,DAL,2014,6.4,4.7,0.9,1.0,15.6,0.534,0.0,False
Steve Blake,2TM,2014,6.9,2.9,5.6,1.9,27.2,0.377,0.0,False
Steve Blake,LAL,2014,9.5,3.8,7.6,2.6,33.0,0.378,0.0,False
Steve Blake,GSW,2014,4.4,2.0,3.6,1.1,21.7,0.375,0.0,False
Andray Blatche,BRK,2014,11.2,5.3,1.5,1.5,22.2,0.476,0.0,False
Eric Bledsoe,PHO,2014,17.7,4.7,5.5,3.3,32.9,0.477,0.0,False
Vander Blue,BOS,2014,1.7,1.0,0.3,0.7,5.0,0.5,0.0,False
Keith Bogans,BOS,2014,2.0,0.5,0.5,0.2,9.2,0.5,0.0,False
Andrew Bogut,GSW,2014,7.3,10.0,1.7,1.4,26.4,0.627,0.0,False
Matt Bonner,SAS,2014,3.2,2.1,0.5,0.3,11.3,0.445,0.0,False
Trevor Booker,WAS,2014,6.8,5.3,0.9,0.8,21.6,0.551,0.0,False
Carlos Boozer,CHI,2014,13.7,8.3,1.6,2.0,28.2,0.456,0.0,False
Chris Bosh,MIA,2014,16.2,6.6,1.1,1.6,32.0,0.516,0.0,False
Avery Bradley,BOS,2014,14.9,3.8,1.4,1.6,30.9,0.438,0.0,False
Elton Brand,ATL,2014,5.7,4.9,1.0,0.8,19.4,0.539,0.0,False
Corey Brewer,MIN,2014,12.3,2.6,1.7,1.3,32.2,0.481,0.0,False
Ronnie Brewer,2TM,2014,0.3,0.6,0.4,0.1,6.7,0.2,0.0,False
Ronnie Brewer,HOU,2014,0.3,0.6,0.4,0.1,6.9,0.2,0.0,False
Ronnie Brewer,CHI,2014,0.0,0.0,0.0,0.0,2.0,,0.0,False
Aaron Brooks,2TM,2014,9.0,1.9,3.2,1.6,21.6,0.401,0.0,False
Aaron Brooks,HOU,2014,7.0,1.4,1.9,1.2,16.7,0.395,0.0,False
Aaron Brooks,DEN,2014,11.9,2.7,5.2,2.3,29.0,0.406,0.0,False
MarShon Brooks,3TM,2014,4.5,1.5,0.7,0.7,9.0,0.456,0.0,False
MarShon Brooks,BOS,2014,3.1,1.9,0.4,0.7,7.3,0.375,0.0,False
MarShon Brooks,GSW,2014,1.9,0.7,0.0,0.0,2.1,0.385,0.0,False
MarShon Brooks,LAL,2014,6.4,1.7,1.2,0.9,12.7,0.489,0.0,False
Lorenzo Brown,PHI,2014,2.5,1.1,1.6,0.6,8.6,0.302,0.0,False
Shannon Brown,2TM,2014,2.2,1.0,0.3,0.6,8.7,0.364,0.0,False
Shannon Brown,SAS,2014,2.3,1.3,0.5,0.8,10.3,0.286,0.0,False
Shannon Brown,NYK,2014,2.1,0.8,0.2,0.5,7.8,0.421,0.0,False
Kobe Bryant,LAL,2014,13.8,4.3,6.3,5.7,29.5,0.425,0.0,False
Chase Budinger,MIN,2014,6.7,2.5,0.8,0.6,18.3,0.394,0.0,False
Reggie Bullock,LAC,2014,2.7,1.3,0.3,0.3,9.2,0.355,0.0,False
Trey Burke,UTA,2014,12.8,3.0,5.7,1.9,32.3,0.38,0.0,False
Alec Burks,UTA,2014,14.0,3.3,2.7,1.9,28.1,0.457,0.0,False
Caron Butler,2TM,2014,10.5,4.1,1.5,1.1,25.3,0.394,0.0,False
Caron Butler,MIL,2014,11.0,4.6,1.6,1.5,24.1,0.387,0.0,False
Caron Butler,OKC,2014,9.7,3.2,1.2,0.4,27.2,0.409,0.0,False
Jimmy Butler,CHI,2014,13.1,4.9,2.6,1.5,38.7,0.397,0.0,False
Rasual Butler,IND,2014,2.7,0.8,0.3,0.2,7.6,0.464,0.0,False
Dwight Buycks,TOR,2014,3.1,1.6,0.7,0.7,10.4,0.313,0.0,False
Andrew Bynum,2TM,2014,8.7,5.6,1.1,1.3,19.8,0.418,0.0,False
Andrew Bynum,CLE,2014,8.4,5.3,1.1,1.3,20.0,0.419,0.0,False
Andrew Bynum,IND,2014,11.5,9.5,1.0,2.0,18.0,0.409,0.0,False
Will Bynum,DET,2014,8.7,1.8,3.9,1.8,18.8,0.428,0.0,False
Nick Calathes,MEM,2014,4.9,1.9,2.9,1.4,16.5,0.457,0.0,False
José Calderón,DAL,2014,11.4,2.4,4.7,1.3,30.5,0.456,0.0,False
Kentavious Caldwell-Pope,DET,2014,5.9,2.0,0.7,0.4,19.8,0.396,0.0,False
Isaiah Canaan,HOU,2014,4.6,1.1,1.0,1.0,11.5,0.356,0.0,False
DeMarre Carroll,ATL,2014,11.1,5.5,1.8,1.1,32.1,0.47,0.0,False
Michael Carter-Williams,PHI,2014,16.7,6.2,6.3,3.5,34.5,0.405,0.0,False
Vince Carter,DAL,2014,11.9,3.5,2.6,1.3,24.4,0.407,0.0,False
Omri Casspi,HOU,2014,6.9,3.7,1.2,1.0,18.1,0.422,0.0,False
Mario Chalmers,MIA,2014,9.8,2.9,4.9,2.2,29.8,0.454,0.0,False
Tyson Chandler,NYK,2014,8.7,9.6,1.1,1.3,30.2,0.593,0.0,False
Wilson Chandler,DEN,2014,13.6,4.7,1.8,1.3,31.1,0.416,0.0,False
Josh Childress,NOP,2014,0.0,0.8,0.5,0.3,6.0,,0.0,False
Dionte Christmas,PHO,2014,2.3,1.2,0.3,0.2,6.4,0.355,0.0,False
Earl Clark,2TM,2014,4.8,2.6,0.3,0.6,14.2,0.372,0.0,False
Earl Clark,CLE,2014,5.2,2.8,0.4,0.7,15.5,0.375,0.0,False
Earl Clark,NYK,2014,2.6,1.8,0.2,0.1,7.8,0.333,0.0,False
Ian Clark,UTA,2014,3.0,0.8,0.7,0.6,7.5,0.388,0.0,False
Victor Claver,POR,2014,2.2,1.9,0.6,0.5,8.8,0.405,0.0,False
Norris Cole,MIA,2014,6.4,2.0,3.0,1.5,24.6,0.414,0.0,False
Darren Collison,LAC,2014,11.4,2.4,3.7,1.7,25.9,0.467,0.0,False
Jason Collins,BRK,2014,1.1,0.9,0.2,0.3,7.8,0.458,0.0,False
Nick Collison,OKC,2014,4.2,3.6,1.3,0.9,16.7,0.556,0.0,False
Mike Conley,MEM,2014,17.2,2.9,6.0,2.1,33.5,0.45,0.0,False
Chris Copeland,IND,2014,3.7,0.8,0.4,0.3,6.5,0.47,0.0,False
DeMarcus Cousins,SAC,2014,22.7,11.7,2.9,3.5,32.4,0.496,0.0,False
Robert Covington,HOU,2014,2.3,0.7,0.0,0.1,4.9,0.429,0.0,False
Allen Crabbe,POR,2014,2.2,0.6,0.4,0.2,6.7,0.364,0.0,False
Jamal Crawford,LAC,2014,18.6,2.3,3.2,2.0,30.3,0.416,0.0,False
Jordan Crawford,2TM,2014,11.0,2.3,3.5,1.7,23.0,0.415,0.0,False
Jordan Crawford,BOS,2014,13.7,3.1,5.7,2.2,30.7,0.413,0.0,False
Jordan Crawford,GSW,2014,8.4,1.5,1.4,1.2,15.7,0.417,0.0,False
Jae Crowder,DAL,2014,4.6,2.5,0.8,0.5,16.1,0.439,0.0,False
Dante Cunningham,MIN,2014,6.3,4.1,1.0,0.5,20.2,0.464,0.0,False
Jared Cunningham,2TM,2014,2.0,0.5,0.6,0.2,6.2,0.286,0.0,False
Jared Cunningham,ATL,2014,0.4,0.2,0.6,0.4,4.4,0.5,0.0,False
Jared Cunningham,SAC,2014,3.0,0.6,0.6,0.0,7.3,0.263,0.0,False
Seth Curry,2TM,2014,1.5,0.5,0.0,0.0,6.5,0.333,0.0,False
Seth Curry,MEM,2014,0.0,0.0,0.0,0.0,4.0,,0.0,False
Seth Curry,CLE,2014,3.0,1.0,0.0,0.0,9.0,0.333,0.0,False
Stephen Curry,GSW,2014,24.0,4.3,8.5,3.8,36.5,0.471,0.0,False
Samuel Dalembert,DAL,2014,6.6,6.8,0.5,1.1,20.2,0.568,0.0,False
Troy Daniels,HOU,2014,8.4,0.8,1.0,0.6,15.0,0.484,0.0,False
Gigi Datome,DET,2014,2.4,1.4,0.3,0.3,7.0,0.351,0.0,False
Brandon Davies,PHI,2014,2.8,2.1,0.5,0.7,11.3,0.422,0.0,False
Anthony Davis,NOP,2014,20.8,10.0,1.6,1.6,35.2,0.519,0.0,False
Ed Davis,MEM,2014,5.7,4.1,0.4,0.6,15.2,0.534,0.0,False
Glen Davis,2TM,2014,9.4,5.2,1.1,1.1,24.4,0.457,0.0,False
Glen Davis,ORL,2014,12.1,6.3,1.6,1.3,30.1,0.453,0.0,False
Glen Davis,LAC,2014,4.2,3.0,0.3,0.7,13.4,0.481,0.0,False
Austin Daye,2TM,2014,3.0,1.2,0.4,0.2,6.7,0.353,0.0,False
Austin Daye,TOR,2014,1.0,0.9,0.3,0.0,4.1,0.231,0.0,False
Austin Daye,SAS,2014,4.1,1.4,0.4,0.4,8.2,0.382,0.0,False
Nando De Colo,2TM,2014,3.8,1.6,1.4,0.7,10.5,0.418,0.0,False
Nando De Colo,SAS,2014,4.3,1.7,1.2,0.8,11.6,0.452,0.0,False
Nando De Colo,TOR,2014,3.1,1.3,1.6,0.7,9.2,0.367,0.0,False
Dewayne Dedmon,3TM,2014,3.1,4.1,0.2,0.6,12.6,0.458,0.0,False
Dewayne Dedmon,GSW,2014,0.3,0.0,0.0,0.0,1.5,0.0,0.0,False
Dewayne Dedmon,PHI,2014,3.4,4.5,0.3,0.8,13.6,0.517,0.0,False
Dewayne Dedmon,ORL,2014,3.7,4.9,0.1,0.6,14.6,0.434,0.0,False
Matthew Dellavedova,CLE,2014,4.7,1.7,2.6,0.8,17.7,0.412,0.0,False
Luol Deng,2TM,2014,16.0,5.7,2.9,1.8,35.1,0.431,0.0,False
Luol Deng,CHI,2014,19.0,6.9,3.7,2.6,37.4,0.452,0.0,False
Luol Deng,CLE,2014,14.3,5.1,2.5,1.4,33.8,0.417,0.0,False
DeMar DeRozan,TOR,2014,22.7,4.3,4.0,2.2,38.2,0.429,0.0,False
Boris Diaw,SAS,2014,9.1,4.1,2.8,1.5,25.0,0.521,0.0,False
Gorgui Dieng,MIN,2014,4.8,5.0,0.7,0.9,13.6,0.498,0.0,False
Chris Douglas-Roberts,CHA,2014,6.9,2.4,1.0,0.7,20.7,0.44,0.0,False
Toney Douglas,2TM,2014,4.0,1.7,1.3,0.7,13.2,0.384,0.0,False
Toney Douglas,GSW,2014,3.7,1.1,0.8,0.7,11.0,0.372,0.0,False
Toney Douglas,MIA,2014,4.2,2.3,1.8,0.7,15.2,0.394,0.0,False
Goran Dragić,PHO,2014,20.3,3.2,5.9,2.8,35.1,0.505,0.0,False
Andre Drummond,DET,2014,13.5,13.2,0.4,1.4,32.3,0.623,0.0,False
Jared Dudley,LAC,2014,6.9,2.2,1.4,0.8,23.4,0.438,0.0,False
Tim Duncan,SAS,2014,15.1,9.7,3.0,2.1,29.2,0.49,0.0,False
Mike Dunleavy,CHI,2014,11.3,4.2,2.3,1.3,31.5,0.43,0.0,False
Kevin Durant,OKC,2014,32.0,7.4,5.5,3.5,38.5,0.503,0.0,False
Shane Edwards,CLE,2014,1.0,1.0,0.0,0.5,6.0,0.333,0.0,False
Wayne Ellington,DAL,2014,3.2,1.0,0.4,0.2,8.7,0.437,0.0,False
Monta Ellis,DAL,2014,19.0,3.6,5.7,3.2,36.9,0.451,0.0,False
Melvin Ely,NOP,2014,3.0,0.5,0.0,0.0,13.5,0.5,0.0,False
Jeremy Evans,UTA,2014,6.1,4.7,0.7,0.6,18.3,0.527,0.0,False
Reggie Evans,2TM,2014,4.0,6.2,0.4,1.1,16.6,0.473,0.0,False
Reggie Evans,BRK,2014,2.7,5.0,0.2,0.9,13.3,0.39,0.0,False
Reggie Evans,SAC,2014,5.5,7.7,0.7,1.3,20.8,0.527,0.0,False
Tyreke Evans,NOP,2014,14.5,4.7,5.0,2.4,28.2,0.436,0.0,False
Kenneth Faried,DEN,2014,13.7,8.6,1.2,1.7,27.2,0.545,0.0,False
Jordan Farmar,LAL,2014,10.1,2.5,4.9,2.3,22.2,0.415,0.0,False
Vítor Luiz Faverani,BOS,2014,4.4,3.5,0.4,1.1,13.2,0.435,0.0,False
Derrick Favors,UTA,2014,13.3,8.7,1.2,1.8,30.2,0.522,0.0,False
Carrick Felix,CLE,2014,2.7,0.9,0.6,0.6,5.4,0.5,0.0,False
Raymond Felton,NYK,2014,9.7,3.0,5.6,2.0,31.0,0.395,0.0,False
Landry Fields,TOR,2014,2.3,2.0,0.7,0.4,10.7,0.403,0.0,False
Derek Fisher,OKC,2014,5.2,1.5,1.4,0.6,17.6,0.391,0.0,False
Evan Fournier,DEN,2014,8.4,2.7,1.5,1.3,19.8,0.419,0.0,False
Randy Foye,DEN,2014,13.2,2.9,3.5,1.8,30.7,0.413,0.0,False
Jamaal Franklin,MEM,2014,1.9,1.1,0.3,0.5,7.7,0.41,0.0,False
Jimmer Fredette,2TM,2014,5.6,1.1,1.3,1.0,10.6,0.471,0.0,False
Jimmer Fredette,SAC,2014,5.9,1.1,1.5,1.1,11.3,0.475,0.0,False
Jimmer Fredette,CHI,2014,4.0,0.9,0.4,0.5,7.0,0.448,0.0,False
Joel Freeland,POR,2014,3.3,4.0,0.7,0.6,14.0,0.475,0.0,False
Channing Frye,PHO,2014,11.1,5.1,1.2,1.1,28.2,0.432,0.0,False
Francisco García,HOU,2014,5.7,2.2,1.1,0.5,19.7,0.401,0.0,False
Kevin Garnett,BRK,2014,6.5,6.6,1.5,1.3,20.5,0.441,0.0,False
Diante Garrett,UTA,2014,3.5,1.4,1.7,1.1,14.8,0.381,0.0,False
Marc Gasol,MEM,2014,14.6,7.2,3.6,1.9,33.4,0.473,0.0,False
Pau Gasol,LAL,2014,17.4,9.7,3.4,2.4,31.4,0.48,0.0,False
Rudy Gay,2TM,2014,20.0,6.0,2.9,3.1,34.7,0.455,0.0,False
Rudy Gay,TOR,2014,19.4,7.4,2.2,3.3,35.5,0.388,0.0,False
Rudy Gay,SAC,2014,20.1,5.5,3.1,3.0,34.4,0.482,0.0,False
Alonzo Gee,CLE,2014,4.0,2.3,0.7,0.7,15.7,0.415,0.0,False
Paul George,IND,2014,21.7,6.8,3.5,2.8,36.2,0.424,0.0,False
Taj Gibson,CHI,2014,13.0,6.8,1.1,1.8,28.7,0.479,0.0,False
Manu Ginóbili,SAS,2014,12.3,3.0,4.3,2.0,22.8,0.469,0.0,False
Rudy Gobert,UTA,2014,2.3,3.4,0.2,0.7,9.6,0.486,0.0,False
Ryan Gomes,OKC,2014,1.2,0.8,0.2,0.2,6.8,0.375,0.0,False
Drew Gooden,WAS,2014,8.3,5.2,0.7,0.8,18.0,0.531,0.0,False
Archie Goodwin,PHO,2014,3.7,1.7,0.4,0.8,10.3,0.455,0.0,False
Ben Gordon,CHA,2014,5.2,1.4,1.1,1.1,14.7,0.343,0.0,False
Eric Gordon,NOP,2014,15.4,2.6,3.3,2.1,32.1,0.436,0.0,False
Marcin Gortat,WAS,2014,13.2,9.5,1.7,1.6,32.8,0.542,0.0,False
Danny Granger,2TM,2014,8.2,3.2,1.0,1.1,20.7,0.378,0.0,False
Danny Granger,IND,2014,8.3,3.6,1.1,1.2,22.5,0.359,0.0,False
Danny Granger,LAC,2014,8.0,2.3,0.7,0.8,16.2,0.429,0.0,False
Aaron Gray,2TM,2014,1.8,3.0,0.6,0.8,9.6,0.443,0.0,False
Aaron Gray,TOR,2014,1.3,2.0,0.8,1.0,5.0,0.667,0.0,False
Aaron Gray,SAC,2014,1.8,3.1,0.6,0.8,10.2,0.431,0.0,False
Danny Green,SAS,2014,9.1,3.4,1.5,1.1,24.3,0.432,0.0,False
Draymond Green,GSW,2014,6.2,5.0,1.9,1.1,21.9,0.407,0.0,False
Gerald Green,PHO,2014,15.8,3.4,1.5,1.8,28.4,0.445,0.0,False
Jeff Green,BOS,2014,16.9,4.6,1.7,2.0,34.2,0.412,0.0,False
Willie Green,LAC,2014,5.0,1.4,0.9,0.6,15.8,0.376,0.0,False
Blake Griffin,LAC,2014,24.1,9.5,3.9,2.8,35.8,0.528,0.0,False
Jorge Gutiérrez,BRK,2014,4.1,1.5,2.0,0.9,16.3,0.463,0.0,False
Jordan Hamilton,2TM,2014,6.7,3.2,0.9,0.8,17.0,0.391,0.0,False
Jordan Hamilton,DEN,2014,6.8,3.4,0.9,0.7,17.2,0.39,0.0,False
Jordan Hamilton,HOU,2014,6.6,2.9,0.9,0.9,16.6,0.393,0.0,False
Justin Hamilton,2TM,2014,3.3,0.9,0.0,0.5,9.0,0.45,0.0,False
Justin Hamilton,CHA,2014,0.0,0.0,0.0,1.0,4.0,,0.0,False
Justin Hamilton,MIA,2014,3.7,1.0,0.0,0.4,9.7,0.45,0.0,False
Tyler Hansbrough,TOR,2014,4.9,4.5,0.3,0.7,15.3,0.474,0.0,False
Tim Hardaway Jr.,NYK,2014,10.2,1.5,0.8,0.6,23.1,0.428,0.0,False
James Harden,HOU,2014,25.4,4.7,6.1,3.6,38.0,0.456,0.0,False
Maurice Harkless,ORL,2014,7.4,3.3,1.0,1.1,24.4,0.464,0.0,False
Josh Harrellson,DET,2014,2.9,2.4,0.5,0.3,9.9,0.463,0.0,False
Al Harrington,WAS,2014,6.6,2.4,0.8,1.0,15.0,0.396,0.0,False
Devin Harris,DAL,2014,7.9,2.1,4.5,1.5,20.5,0.378,0.0,False
Elias Harris,LAL,2014,0.0,0.5,0.5,0.0,5.5,0.0,0.0,False
Manny Harris,LAL,2014,8.1,3.8,1.2,1.0,20.0,0.4,0.0,False
Mike Harris,UTA,2014,4.2,1.7,0.3,0.6,11.3,0.475,0.0,False
Tobias Harris,ORL,2014,14.6,7.0,1.3,1.3,30.3,0.464,0.0,False
Udonis Haslem,MIA,2014,3.8,3.8,0.3,0.5,14.2,0.507,0.0,False
Spencer Hawes,2TM,2014,13.2,8.3,3.0,2.2,30.9,0.456,0.0,False
Spencer Hawes,PHI,2014,13.0,8.5,3.3,2.2,31.4,0.451,0.0,False
Spencer Hawes,CLE,2014,13.5,7.7,2.4,2.0,29.8,0.468,0.0,False
Chuck Hayes,2TM,2014,2.2,3.4,0.6,0.5,12.4,0.431,0.0,False
Chuck Hayes,SAC,2014,2.1,2.9,0.4,0.4,11.2,0.438,0.0,False
Chuck Hayes,TOR,2014,2.2,3.6,0.6,0.6,12.8,0.429,0.0,False
Gordon Hayward,UTA,2014,16.2,5.1,5.2,2.8,36.4,0.413,0.0,False
Gerald Henderson,CHA,2014,14.0,4.0,2.6,1.5,32.0,0.433,0.0,False
Xavier Henry,LAL,2014,10.0,2.7,1.2,1.3,21.1,0.417,0.0,False
John Henson,MIL,2014,11.1,7.1,1.6,1.6,26.5,0.538,0.0,False
Roy Hibbert,IND,2014,10.8,6.6,1.1,1.8,29.7,0.439,0.0,False
J.J. Hickson,DEN,2014,11.8,9.2,1.4,1.9,26.9,0.508,0.0,False
Nenê,WAS,2014,14.2,5.5,2.9,2.2,29.4,0.503,0.0,False
George Hill,IND,2014,10.3,3.7,3.5,1.2,32.0,0.442,0.0,False
Jordan Hill,LAL,2014,9.7,7.4,0.8,1.0,20.8,0.549,0.0,False
Solomon Hill,IND,2014,1.7,1.5,0.4,0.5,8.1,0.425,0.0,False
Kirk Hinrich,CHI,2014,9.1,2.6,3.9,1.6,29.0,0.393,0.0,False
Jrue Holiday,NOP,2014,14.3,4.2,7.9,3.1,33.6,0.447,0.0,False
Ryan Hollins,LAC,2014,2.3,1.5,0.1,0.5,7.9,0.736,0.0,False
Scotty Hopson,CLE,2014,0.5,0.0,0.5,0.0,3.5,0.0,0.0,False
Al Horford,ATL,2014,18.6,8.4,2.6,2.2,33.0,0.567,0.0,False
Dwight Howard,HOU,2014,18.3,12.2,1.8,3.2,33.7,0.591,0.0,False
Robbie Hummel,MIN,2014,3.4,2.5,0.4,0.2,12.4,0.379,0.0,False
Kris Humphries,BOS,2014,8.4,5.9,1.0,0.9,19.9,0.501,0.0,False
Serge Ibaka,OKC,2014,15.1,8.8,1.0,1.5,32.9,0.536,0.0,False
Andre Iguodala,GSW,2014,9.3,4.7,4.2,1.6,32.4,0.48,0.0,False
Ersan İlyasova,MIL,2014,11.2,6.2,1.3,1.1,26.9,0.409,0.0,False
Kyrie Irving,CLE,2014,20.8,3.6,6.1,2.7,35.2,0.43,0.0,False
Royal Ivey,OKC,2014,0.0,0.5,0.0,0.0,2.5,0.0,0.0,False
Jarrett Jack,CLE,2014,9.5,2.8,4.1,1.7,28.2,0.41,0.0,False
Reggie Jackson,OKC,2014,13.1,3.9,4.1,2.1,28.5,0.44,0.0,False
Stephen Jackson,LAC,2014,1.7,1.1,0.6,0.7,11.9,0.231,0.0,False
Bernard James,DAL,2014,0.9,1.4,0.1,0.3,4.9,0.478,0.0,False
Damion James,SAS,2014,1.2,2.4,0.6,0.2,10.0,0.222,0.0,False
LeBron James,MIA,2014,27.1,6.9,6.3,3.5,37.7,0.567,0.0,False
Mike James,CHI,2014,1.0,0.6,1.5,0.5,7.0,0.238,0.0,False
Antawn Jamison,LAC,2014,3.8,2.5,0.3,0.3,11.3,0.315,0.0,False
Al Jefferson,CHA,2014,21.8,10.8,2.1,1.7,35.0,0.509,0.0,False
Othyus Jeffers,2TM,2014,1.5,1.5,0.2,0.2,7.8,0.5,0.0,False
Othyus Jeffers,SAS,2014,1.8,1.5,0.3,0.0,8.5,0.6,0.0,False
Othyus Jeffers,MIN,2014,1.0,1.5,0.0,0.5,6.5,0.0,0.0,False
Richard Jefferson,UTA,2014,10.1,2.7,1.6,1.1,27.0,0.45,0.0,False
John Jenkins,ATL,2014,3.1,1.7,0.8,0.8,12.2,0.381,0.0,False
Brandon Jennings,DET,2014,15.5,3.1,7.6,2.7,34.1,0.373,0.0,False
Jonas Jerebko,DET,2014,4.2,2.7,0.6,0.7,11.6,0.471,0.0,False
Amir Johnson,TOR,2014,10.4,6.6,1.5,1.6,28.8,0.562,0.0,False
Chris Johnson,BOS,2014,6.3,2.4,0.8,0.6,19.7,0.397,0.0,False
Darius Johnson-Odom,PHI,2014,0.0,0.7,0.3,0.7,5.0,0.0,0.0,False
James Johnson,MEM,2014,7.4,3.2,2.1,1.3,18.4,0.464,0.0,False
Joe Johnson,BRK,2014,15.8,3.4,2.7,1.5,32.6,0.454,0.0,False
Orlando Johnson,2TM,2014,2.2,1.2,0.4,0.3,8.7,0.319,0.0,False
Orlando Johnson,IND,2014,2.4,1.3,0.4,0.4,9.0,0.344,0.0,False
Orlando Johnson,SAC,2014,1.3,0.6,0.6,0.1,7.1,0.176,0.0,False
Wesley Johnson,LAL,2014,9.1,4.4,1.6,1.1,28.4,0.425,0.0,False
James Jones,MIA,2014,4.9,1.2,0.5,0.2,11.8,0.456,0.0,False
Perry Jones,OKC,2014,3.5,1.8,0.4,0.3,12.3,0.459,0.0,False
Solomon Jones,ORL,2014,1.3,1.5,0.2,0.2,7.7,0.353,0.0,False
Terrence Jones,HOU,2014,12.1,6.9,1.1,0.9,27.3,0.542,0.0,False
DeAndre Jordan,LAC,2014,10.4,13.6,0.9,1.5,35.0,0.676,0.0,False
Cory Joseph,SAS,2014,5.0,1.6,1.7,0.6,13.8,0.475,0.0,False
Chris Kaman,LAL,2014,10.4,5.9,1.5,1.9,18.9,0.509,0.0,False
Enes Freedom,UTA,2014,12.3,7.5,0.9,1.8,26.7,0.491,0.0,False
Sergey Karasev,CLE,2014,1.7,0.7,0.3,0.5,7.1,0.343,0.0,False
Ryan Kelly,LAL,2014,8.0,3.7,1.6,0.8,22.2,0.423,0.0,False
Michael Kidd-Gilchrist,CHA,2014,7.2,5.2,0.8,1.0,24.2,0.473,0.0,False
Andrei Kirilenko,BRK,2014,5.0,3.2,1.6,1.2,19.0,0.513,0.0,False
Brandon Knight,MIL,2014,17.9,3.5,4.9,2.6,33.3,0.422,0.0,False
Kyle Korver,ATL,2014,12.0,4.0,2.9,1.4,33.9,0.475,0.0,False
Kosta Koufos,MEM,2014,6.4,5.2,0.5,0.8,16.9,0.495,0.0,False
Viacheslav Kravtsov,PHO,2014,1.0,0.9,0.1,0.3,3.0,0.533,0.0,False
Ognjen Kuzmić,GSW,2014,0.7,1.0,0.1,0.5,4.4,0.385,0.0,False
Doron Lamb,ORL,2014,3.6,0.9,0.8,0.5,13.1,0.394,0.0,False
Jeremy Lamb,OKC,2014,8.5,2.4,1.5,0.8,19.7,0.432,0.0,False
Carl Landry,SAC,2014,4.2,3.2,0.3,0.5,12.9,0.517,0.0,False
Shane Larkin,DAL,2014,2.8,0.9,1.5,0.8,10.2,0.38,0.0,False
Ty Lawson,DEN,2014,17.6,3.5,8.8,3.2,35.8,0.431,0.0,False
Ricky Ledo,DAL,2014,1.7,0.2,0.2,0.2,3.0,0.353,0.0,False
Courtney Lee,2TM,2014,9.6,2.4,1.5,0.9,25.0,0.48,0.0,False
Courtney Lee,BOS,2014,7.4,1.6,1.1,0.8,16.8,0.492,0.0,False
Courtney Lee,MEM,2014,11.0,2.8,1.7,1.0,30.0,0.476,0.0,False
David Lee,GSW,2014,18.2,9.3,2.1,2.2,33.2,0.523,0.0,False
Alex Len,PHO,2014,2.0,2.4,0.1,0.6,8.6,0.423,0.0,False
Kawhi Leonard,SAS,2014,12.8,6.2,2.0,1.2,29.1,0.522,0.0,False
Meyers Leonard,POR,2014,2.5,2.8,0.5,0.4,8.9,0.451,0.0,False
Jon Leuer,MEM,2014,6.2,3.2,0.4,0.6,13.1,0.492,0.0,False
Rashard Lewis,MIA,2014,4.5,1.8,1.0,0.6,16.2,0.415,0.0,False
DeAndre Liggins,MIA,2014,2.0,1.0,0.0,0.0,1.0,1.0,0.0,False
Damian Lillard,POR,2014,20.7,3.5,5.6,2.4,35.8,0.424,0.0,False
Jeremy Lin,HOU,2014,12.5,2.6,4.1,2.5,28.9,0.446,0.0,False
Shaun Livingston,BRK,2014,8.3,3.2,3.2,1.4,26.0,0.483,0.0,False
Brook Lopez,BRK,2014,20.7,6.0,0.9,1.6,31.4,0.563,0.0,False
Robin Lopez,POR,2014,11.1,8.5,0.9,1.0,31.7,0.551,0.0,False
Kevin Love,MIN,2014,26.1,12.5,4.4,2.5,36.3,0.457,0.0,False
Kyle Lowry,TOR,2014,17.9,4.7,7.4,2.5,36.2,0.423,0.0,False
John Lucas III,UTA,2014,3.8,0.9,1.0,0.5,14.1,0.326,0.0,False
Shelvin Mack,ATL,2014,7.5,2.2,3.7,1.2,20.4,0.417,0.0,False
Ian Mahinmi,IND,2014,3.5,3.3,0.3,0.8,16.2,0.481,0.0,False
Shawn Marion,DAL,2014,10.4,6.5,1.6,1.3,31.7,0.482,0.0,False
Kendall Marshall,LAL,2014,8.0,2.9,8.8,2.8,29.0,0.406,0.0,False
Cartier Martin,2TM,2014,5.6,1.9,0.6,0.6,14.7,0.42,0.0,False
Cartier Martin,ATL,2014,5.9,2.0,0.6,0.6,15.5,0.414,0.0,False
Cartier Martin,CHI,2014,2.5,0.8,0.3,0.2,8.0,0.625,0.0,False
Kenyon Martin,NYK,2014,4.3,4.2,1.6,0.8,19.8,0.512,0.0,False
Kevin Martin,MIN,2014,19.1,3.0,1.8,1.6,32.0,0.43,0.0,False
Roger Mason,MIA,2014,3.0,0.9,0.8,0.4,10.4,0.373,0.0,False
Wesley Matthews,POR,2014,16.4,3.5,2.4,1.3,33.9,0.441,0.0,False
Jason Maxiell,ORL,2014,3.2,2.5,0.3,0.4,14.4,0.448,0.0,False
Eric Maynor,2TM,2014,2.6,1.3,1.7,0.9,10.5,0.317,0.0,False
Eric Maynor,WAS,2014,2.3,1.0,1.7,0.7,9.3,0.292,0.0,False
Eric Maynor,PHI,2014,3.8,1.9,1.5,1.5,14.0,0.379,0.0,False
O.J. Mayo,MIL,2014,11.7,2.4,2.2,1.8,25.9,0.407,0.0,False
Luc Mbah a Moute,2TM,2014,3.5,2.3,0.6,0.6,15.7,0.451,0.0,False
Luc Mbah a Moute,SAC,2014,4.4,3.0,1.7,0.4,21.8,0.469,0.0,False
Luc Mbah a Moute,MIN,2014,3.3,2.2,0.4,0.7,14.7,0.447,0.0,False
Ray McCallum,SAC,2014,6.2,1.8,2.7,0.9,19.9,0.377,0.0,False
CJ McCollum,POR,2014,5.3,1.3,0.7,0.9,12.5,0.416,0.0,False
JaVale McGee,DEN,2014,7.0,3.4,0.4,1.6,15.8,0.447,0.0,False
Ben McLemore,SAC,2014,8.8,2.9,1.0,1.2,26.7,0.376,0.0,False
Josh McRoberts,CHA,2014,8.5,4.8,4.3,1.1,30.3,0.436,0.0,False
Jodie Meeks,LAL,2014,15.7,2.5,1.8,1.4,33.2,0.463,0.0,False
Gal Mekel,DAL,2014,2.4,0.9,2.0,1.0,9.4,0.349,0.0,False
Khris Middleton,MIL,2014,12.1,3.8,2.1,1.5,30.0,0.44,0.0,False
C.J. Miles,CLE,2014,9.9,2.0,1.0,0.9,19.3,0.435,0.0,False
Andre Miller,2TM,2014,4.9,2.2,3.4,1.1,16.9,0.459,0.0,False
Andre Miller,DEN,2014,5.9,2.4,3.3,1.1,19.0,0.458,0.0,False
Andre Miller,WAS,2014,3.8,2.0,3.5,1.0,14.7,0.46,0.0,False
Darius Miller,NOP,2014,4.4,1.2,1.0,0.5,16.1,0.44,0.0,False
Mike Miller,MEM,2014,7.1,2.5,1.6,0.9,20.8,0.481,0.0,False
Quincy Miller,DEN,2014,4.9,2.8,0.5,0.9,15.2,0.367,0.0,False
Paul Millsap,ATL,2014,17.9,8.5,3.1,2.5,33.5,0.461,0.0,False
Patty Mills,SAS,2014,10.2,2.1,1.8,0.8,18.9,0.464,0.0,False
Tony Mitchell,DET,2014,1.0,1.2,0.1,0.2,3.8,0.417,0.0,False
Tony Mitchell,MIL,2014,2.0,0.3,0.3,0.0,3.3,0.6,0.0,False
Nazr Mohammed,CHI,2014,1.6,2.2,0.3,0.5,7.0,0.429,0.0,False
Greg Monroe,DET,2014,15.2,9.3,2.1,2.0,32.8,0.497,0.0,False
E'Twaun Moore,ORL,2014,6.3,1.7,1.4,0.7,19.1,0.428,0.0,False
Darius Morris,3TM,2014,4.0,1.0,1.6,1.0,11.6,0.406,0.0,False
Darius Morris,PHI,2014,6.9,1.1,2.6,1.6,16.1,0.433,0.0,False
Darius Morris,LAC,2014,0.9,0.5,0.5,0.2,5.4,0.308,0.0,False
Darius Morris,MEM,2014,3.0,1.6,1.6,1.2,13.2,0.375,0.0,False
Markieff Morris,PHO,2014,13.8,6.0,1.8,1.8,26.6,0.486,0.0,False
Marcus Morris,PHO,2014,9.7,3.9,1.1,1.2,22.0,0.442,0.0,False
Anthony Morrow,NOP,2014,8.4,1.8,0.8,0.7,18.8,0.458,0.0,False
Donatas Motiejūnas,HOU,2014,5.5,3.6,0.5,0.8,15.4,0.443,0.0,False
Arnett Moultrie,PHI,2014,3.0,2.9,0.2,0.6,15.6,0.421,0.0,False
Timofey Mozgov,DEN,2014,9.4,6.4,0.8,1.5,21.6,0.523,0.0,False
Shabazz Muhammad,MIN,2014,3.9,1.4,0.2,0.4,7.8,0.46,0.0,False
Byron Mullens,2TM,2014,4.2,2.0,0.3,0.6,9.2,0.442,0.0,False
Byron Mullens,LAC,2014,2.5,1.2,0.2,0.5,6.2,0.406,0.0,False
Byron Mullens,PHI,2014,6.8,3.3,0.4,0.8,13.7,0.465,0.0,False
Erik Murphy,CHI,2014,0.3,0.3,0.1,0.1,2.6,0.231,0.0,False
Toure' Murry,NYK,2014,2.7,0.9,1.0,0.7,7.3,0.434,0.0,False
Mike Muscala,ATL,2014,3.8,2.6,0.4,0.6,10.8,0.425,0.0,False
Steve Nash,LAL,2014,6.8,1.9,5.7,2.1,20.9,0.383,0.0,False
Hamady N'Diaye,SAC,2014,0.4,1.3,0.2,0.2,5.3,0.333,0.0,False
Gary Neal,2TM,2014,10.5,1.7,1.6,1.2,21.4,0.41,0.0,False
Gary Neal,MIL,2014,10.0,1.7,1.5,1.3,20.2,0.39,0.0,False
Gary Neal,CHA,2014,11.2,1.8,1.7,1.1,23.0,0.438,0.0,False
Nemanja Nedović,GSW,2014,1.1,0.6,0.5,0.5,5.9,0.205,0.0,False
Jameer Nelson,ORL,2014,12.1,3.4,7.0,2.4,32.0,0.394,0.0,False
Andrew Nicholson,ORL,2014,5.7,3.4,0.3,0.7,15.4,0.429,0.0,False
Joakim Noah,CHI,2014,12.6,11.3,5.4,2.4,35.3,0.475,0.0,False
Steve Novak,TOR,2014,3.3,1.1,0.2,0.1,10.0,0.411,0.0,False
Dirk Nowitzki,DAL,2014,21.7,6.2,2.7,1.5,32.9,0.497,0.0,False
James Nunnally,2TM,2014,3.4,1.5,0.6,0.5,12.7,0.326,0.0,False
James Nunnally,ATL,2014,4.5,2.0,0.5,1.0,13.5,0.333,0.0,False
James Nunnally,PHI,2014,2.9,1.2,0.7,0.3,12.3,0.321,0.0,False
Greg Oden,MIA,2014,2.9,2.3,0.0,0.5,9.2,0.551,0.0,False
Victor Oladipo,ORL,2014,13.8,4.1,4.1,3.2,31.1,0.419,0.0,False
Kelly Olynyk,BOS,2014,8.7,5.2,1.6,1.5,20.0,0.466,0.0,False
Jermaine O'Neal,GSW,2014,7.9,5.5,0.6,1.2,20.1,0.504,0.0,False
Arinze Onuaku,2TM,2014,0.6,1.6,0.6,0.2,6.0,0.2,0.0,False
Arinze Onuaku,NOP,2014,1.0,2.3,1.0,0.3,8.3,0.25,0.0,False
Arinze Onuaku,CLE,2014,0.0,0.5,0.0,0.0,2.5,0.0,0.0,False
Kyle O'Quinn,ORL,2014,6.2,5.3,1.1,1.1,17.2,0.501,0.0,False
Daniel Orton,PHI,2014,3.0,2.8,0.7,0.8,11.4,0.447,0.0,False
Travis Outlaw,SAC,2014,5.4,2.7,0.8,0.4,16.9,0.399,0.0,False
Zaza Pachulia,MIL,2014,7.7,6.3,2.6,1.7,25.0,0.427,0.0,False
Jannero Pargo,CHA,2014,4.7,0.7,1.8,0.9,8.3,0.441,0.0,False
Tony Parker,SAS,2014,16.7,2.3,5.7,2.2,29.4,0.499,0.0,False
Chandler Parsons,HOU,2014,16.6,5.5,4.0,1.9,37.6,0.472,0.0,False
Patrick Patterson,2TM,2014,8.5,5.3,1.2,1.0,23.6,0.46,0.0,False
Patrick Patterson,SAC,2014,6.9,5.8,0.9,0.9,24.4,0.41,0.0,False
Patrick Patterson,TOR,2014,9.1,5.1,1.3,1.0,23.3,0.477,0.0,False
Chris Paul,LAC,2014,19.1,4.3,10.7,2.3,35.0,0.467,0.0,False
Nikola Peković,MIN,2014,17.5,8.7,0.9,1.6,30.8,0.541,0.0,False
Jeff Ayres,SAS,2014,3.3,3.5,0.8,0.9,13.0,0.58,0.0,False
Kendrick Perkins,OKC,2014,3.4,4.9,1.1,1.5,19.5,0.451,0.0,False
Paul Pierce,BRK,2014,13.5,4.6,2.4,2.0,28.0,0.451,0.0,False
Dexter Pittman,ATL,2014,0.0,1.5,0.0,0.0,1.5,0.0,0.0,False
Mason Plumlee,BRK,2014,7.4,4.4,0.9,1.1,18.2,0.659,0.0,False
Miles Plumlee,PHO,2014,8.1,7.8,0.5,1.4,24.6,0.517,0.0,False
Quincy Pondexter,MEM,2014,6.3,1.7,1.3,1.0,18.0,0.392,0.0,False
Otto Porter Jr.,WAS,2014,2.1,1.5,0.3,0.4,8.6,0.363,0.0,False
Josh Powell,HOU,2014,4.0,5.0,0.0,1.0,19.0,0.333,0.0,False
Phil Pressey,BOS,2014,2.8,1.4,3.2,1.2,15.1,0.308,0.0,False
A.J. Price,MIN,2014,1.6,0.4,0.5,0.3,3.5,0.413,0.0,False
Ronnie Price,ORL,2014,2.4,1.4,2.1,0.8,12.2,0.304,0.0,False
Pablo Prigioni,NYK,2014,3.8,2.0,3.5,0.9,19.4,0.461,0.0,False
Tayshaun Prince,MEM,2014,6.0,3.1,1.6,0.5,25.6,0.407,0.0,False
Miroslav Raduljica,MIL,2014,3.8,2.3,0.5,0.6,9.7,0.54,0.0,False
Anthony Randolph,DEN,2014,4.8,2.8,0.7,0.9,12.3,0.386,0.0,False
Shavlik Randolph,PHO,2014,1.4,1.8,0.1,0.4,6.8,0.5,0.0,False
Zach Randolph,MEM,2014,17.4,10.1,2.5,2.3,34.2,0.467,0.0,False
JJ Redick,LAC,2014,15.2,2.1,2.2,1.2,28.2,0.455,0.0,False
Glen Rice Jr.,WAS,2014,2.9,1.8,0.6,0.8,9.9,0.297,0.0,False
Luke Ridnour,2TM,2014,5.0,1.6,2.9,1.1,18.7,0.385,0.0,False
Luke Ridnour,MIL,2014,5.7,1.7,3.4,1.3,21.2,0.384,0.0,False
Luke Ridnour,CHA,2014,4.0,1.4,2.2,0.8,15.1,0.389,0.0,False
Austin Rivers,NOP,2014,7.7,1.9,2.3,1.1,19.4,0.405,0.0,False
Andre Roberson,OKC,2014,1.9,2.4,0.4,0.5,10.0,0.485,0.0,False
Brian Roberts,NOP,2014,9.4,1.9,3.3,1.3,23.2,0.42,0.0,False
Nate Robinson,DEN,2014,10.4,1.8,2.5,1.3,19.7,0.428,0.0,False
Thomas Robinson,POR,2014,4.8,4.4,0.5,0.8,12.5,0.481,0.0,False
Rajon Rondo,BOS,2014,11.7,5.5,9.8,3.3,33.3,0.403,0.0,False
Derrick Rose,CHI,2014,15.9,3.2,4.3,3.4,31.1,0.354,0.0,False
Terrence Ross,TOR,2014,10.9,3.1,1.0,1.1,26.7,0.423,0.0,False
Ricky Rubio,MIN,2014,9.5,4.2,8.6,2.7,32.2,0.381,0.0,False
Brandon Rush,UTA,2014,2.1,1.2,0.6,0.5,11.0,0.333,0.0,False
Robert Sacre,LAL,2014,5.4,3.9,0.8,0.7,16.8,0.477,0.0,False
John Salmons,2TM,2014,5.2,2.1,1.9,0.7,22.1,0.363,0.0,False
John Salmons,SAC,2014,5.8,2.6,2.4,0.8,24.7,0.35,0.0,False
John Salmons,TOR,2014,5.0,2.0,1.7,0.7,21.4,0.368,0.0,False
Larry Sanders,MIL,2014,7.7,7.2,0.8,1.1,25.4,0.469,0.0,False
Dennis Schröder,ATL,2014,3.7,1.2,1.9,1.2,13.1,0.383,0.0,False
Luis Scola,IND,2014,7.6,4.8,1.0,1.3,17.1,0.47,0.0,False
Mike Scott,ATL,2014,9.6,3.6,0.9,1.0,18.5,0.479,0.0,False
Thabo Sefolosha,OKC,2014,6.3,3.6,1.5,0.9,26.0,0.415,0.0,False
Kevin Séraphin,WAS,2014,4.7,2.4,0.3,0.8,10.9,0.505,0.0,False
Ramon Sessions,2TM,2014,12.3,2.4,4.1,1.8,26.7,0.429,0.0,False
Ramon Sessions,CHA,2014,10.5,2.1,3.7,1.7,23.7,0.409,0.0,False
Ramon Sessions,MIL,2014,15.8,3.1,4.8,2.0,32.5,0.461,0.0,False
Mustafa Shakur,OKC,2014,0.3,0.0,1.3,0.7,3.7,0.0,0.0,False
Tornike Shengelia,2TM,2014,1.1,0.6,0.5,0.5,5.9,0.464,0.0,False
Tornike Shengelia,BRK,2014,1.5,0.8,0.7,0.6,8.1,0.458,0.0,False
Tornike Shengelia,CHI,2014,0.4,0.2,0.2,0.1,1.9,0.5,0.0,False
Iman Shumpert,NYK,2014,6.7,4.2,1.7,1.1,26.5,0.378,0.0,False
Alexey Shved,MIN,2014,4.0,1.3,1.1,0.8,10.5,0.321,0.0,False
Henry Sims,2TM,2014,7.6,5.2,1.1,0.9,19.0,0.474,0.0,False
Henry Sims,CLE,2014,2.2,2.8,0.3,0.4,8.4,0.4,0.0,False
Henry Sims,PHI,2014,11.8,7.0,1.8,1.3,27.2,0.489,0.0,False
Chris Singleton,WAS,2014,3.0,2.2,0.2,0.7,10.0,0.373,0.0,False
Kyle Singler,DET,2014,9.6,3.7,0.9,1.0,28.5,0.447,0.0,False
Peyton Siva,DET,2014,2.3,0.6,1.4,0.8,9.3,0.316,0.0,False
Donald Sloan,IND,2014,2.3,0.9,1.0,0.5,8.2,0.376,0.0,False
Chris Smith,NYK,2014,0.0,0.0,0.0,0.0,1.0,,0.0,False
Greg Smith,HOU,2014,3.5,2.5,0.0,0.5,9.1,0.643,0.0,False
Ish Smith,PHO,2014,3.7,1.8,2.6,0.9,14.4,0.423,0.0,False
Jason Smith,NOP,2014,9.7,5.8,0.9,0.9,26.8,0.465,0.0,False
Josh Smith,DET,2014,16.4,6.8,3.3,2.6,35.5,0.419,0.0,False
J.R. Smith,NYK,2014,14.5,4.0,3.0,1.5,32.7,0.415,0.0,False
Tony Snell,CHI,2014,4.5,1.6,0.9,0.6,16.0,0.384,0.0,False
James Southerland,2TM,2014,3.5,2.0,0.0,0.3,7.5,0.333,0.0,False
James Southerland,CHA,2014,0.0,0.0,0.0,0.0,3.0,0.0,0.0,False
James Southerland,NOP,2014,4.7,2.7,0.0,0.3,9.0,0.417,0.0,False
Marreese Speights,GSW,2014,6.4,3.7,0.4,0.8,12.4,0.441,0.0,False
Tiago Splitter,SAS,2014,8.2,6.2,1.5,1.3,21.5,0.523,0.0,False
D.J. Stephens,MIL,2014,2.3,1.7,0.0,0.0,5.0,0.429,0.0,False
Lance Stephenson,IND,2014,13.8,7.2,4.6,2.7,35.3,0.491,0.0,False
Greg Stiemsma,NOP,2014,2.9,4.1,0.7,0.8,18.3,0.574,0.0,False
Julyan Stone,TOR,2014,0.9,1.0,0.6,0.2,5.7,0.412,0.0,False
Amar'e Stoudemire,NYK,2014,11.9,4.9,0.5,1.4,22.6,0.557,0.0,False
Rodney Stuckey,DET,2014,13.9,2.3,2.1,1.7,26.7,0.436,0.0,False
Jared Sullinger,BOS,2014,13.3,8.1,1.6,1.6,27.6,0.427,0.0,False
Jeff Taylor,CHA,2014,8.0,2.3,0.8,1.0,24.2,0.376,0.0,False
Tyshawn Taylor,BRK,2014,3.9,0.7,1.6,1.3,11.7,0.341,0.0,False
Jeff Teague,ATL,2014,16.5,2.6,6.7,2.9,32.2,0.438,0.0,False
Marquis Teague,2TM,2014,2.7,1.0,1.5,1.0,11.1,0.319,0.0,False
Marquis Teague,CHI,2014,2.4,1.0,1.5,0.9,12.7,0.242,0.0,False
Marquis Teague,BRK,2014,3.0,1.0,1.4,1.0,9.6,0.415,0.0,False
Mirza Teletović,BRK,2014,8.6,3.7,0.8,0.8,19.4,0.418,0.0,False
Garrett Temple,WAS,2014,1.8,0.9,1.0,0.6,8.5,0.362,0.0,False
Jason Terry,BRK,2014,4.5,1.1,1.6,0.8,16.3,0.362,0.0,False
Hasheem Thabeet,OKC,2014,1.2,1.7,0.0,0.6,8.3,0.565,0.0,False
Adonis Thomas,2TM,2014,2.3,0.5,0.5,0.2,6.2,0.429,0.0,False
Adonis Thomas,ORL,2014,1.8,0.8,0.5,0.0,6.0,0.333,0.0,False
Adonis Thomas,PHI,2014,3.5,0.0,0.5,0.5,6.5,0.6,0.0,False
Isaiah Thomas,SAC,2014,20.3,2.9,6.3,3.0,34.7,0.453,0.0,False
Lance Thomas,NOP,2014,1.2,1.4,0.6,0.4,8.4,0.222,0.0,False
Malcolm Thomas,2TM,2014,1.9,2.6,0.3,1.1,7.9,0.438,0.0,False
Malcolm Thomas,SAS,2014,2.0,9.0,0.0,1.0,15.0,0.25,0.0,False
Malcolm Thomas,UTA,2014,1.9,1.7,0.3,1.1,6.9,0.5,0.0,False
Hollis Thompson,PHI,2014,6.0,3.2,0.9,0.8,22.6,0.46,0.0,False
Jason Thompson,SAC,2014,7.1,6.4,0.6,1.2,24.5,0.506,0.0,False
Klay Thompson,GSW,2014,18.4,3.1,2.2,1.7,35.4,0.444,0.0,False
Tristan Thompson,CLE,2014,11.7,9.2,0.9,1.3,31.6,0.477,0.0,False
Marcus Thornton,2TM,2014,9.8,2.8,1.1,0.9,24.2,0.394,0.0,False
Marcus Thornton,SAC,2014,8.3,2.7,1.0,0.8,24.4,0.381,0.0,False
Marcus Thornton,BRK,2014,12.3,2.8,1.2,1.1,23.8,0.414,0.0,False
Jamaal Tinsley,UTA,2014,1.1,1.4,2.9,1.1,13.8,0.2,0.0,False
Anthony Tolliver,CHA,2014,6.1,2.6,0.7,0.4,20.3,0.42,0.0,False
P.J. Tucker,PHO,2014,9.4,6.5,1.7,1.3,30.7,0.431,0.0,False
Ronny Turiaf,MIN,2014,4.8,5.6,0.8,0.8,19.5,0.598,0.0,False
Hedo Türkoğlu,LAC,2014,3.0,2.3,0.9,0.4,10.3,0.385,0.0,False
Evan Turner,2TM,2014,14.0,5.0,3.2,2.3,30.3,0.425,0.0,False
Evan Turner,PHI,2014,17.4,6.0,3.7,2.9,34.9,0.428,0.0,False
Evan Turner,IND,2014,7.1,3.2,2.4,1.3,21.1,0.411,0.0,False
Jeremy Tyler,NYK,2014,3.6,2.7,0.2,0.6,9.7,0.517,0.0,False
Ekpe Udoh,MIL,2014,3.4,3.5,0.7,0.9,19.1,0.399,0.0,False
Beno Udrih,2TM,2014,4.9,1.4,2.8,1.1,15.7,0.438,0.0,False
Beno Udrih,NYK,2014,5.6,1.8,3.5,1.4,19.0,0.425,0.0,False
Beno Udrih,MEM,2014,2.7,0.2,0.6,0.5,5.5,0.556,0.0,False
Jonas Valančiūnas,TOR,2014,11.3,8.8,0.7,1.7,28.2,0.531,0.0,False
Anderson Varejão,CLE,2014,8.4,9.7,2.2,1.1,27.7,0.495,0.0,False
Jarvis Varnado,2TM,2014,4.1,2.6,0.5,0.4,14.1,0.6,0.0,False
Jarvis Varnado,CHI,2014,0.0,0.0,0.0,0.0,2.0,,0.0,False
Jarvis Varnado,PHI,2014,4.3,2.7,0.6,0.4,14.7,0.6,0.0,False
Greivis Vásquez,2TM,2014,9.6,2.2,4.1,1.6,22.5,0.421,0.0,False
Greivis Vásquez,SAC,2014,9.8,1.9,5.3,1.5,25.8,0.433,0.0,False
Greivis Vásquez,TOR,2014,9.5,2.3,3.7,1.7,21.5,0.417,0.0,False
Jan Veselý,2TM,2014,3.6,3.5,0.4,0.7,14.4,0.514,0.0,False
Jan Veselý,WAS,2014,3.2,3.4,0.3,0.7,14.2,0.522,0.0,False
Jan Veselý,DEN,2014,4.4,3.7,0.5,0.7,14.6,0.506,0.0,False
Charlie Villanueva,DET,2014,4.6,1.7,0.3,0.4,9.0,0.38,0.0,False
Nikola Vučević,ORL,2014,14.2,11.0,1.8,2.0,31.8,0.507,0.0,False
Sasha Vujačić,LAC,2014,2.5,1.5,0.0,1.5,5.0,0.4,0.0,False
Dwyane Wade,MIA,2014,19.0,4.5,4.7,3.0,32.9,0.545,0.0,False
Dion Waiters,CLE,2014,15.9,2.8,3.0,2.2,29.6,0.433,0.0,False
Kemba Walker,CHA,2014,17.7,4.2,6.1,2.3,35.8,0.393,0.0,False
Gerald Wallace,BOS,2014,5.1,3.7,2.5,1.7,24.4,0.504,0.0,False
John Wall,WAS,2014,19.3,4.1,8.8,3.6,36.3,0.433,0.0,False
Casper Ware,PHI,2014,5.3,1.0,1.1,0.6,12.9,0.429,0.0,False
C.J. Watson,IND,2014,6.6,1.6,1.7,1.0,18.9,0.437,0.0,False
Earl Watson,POR,2014,0.5,0.6,1.2,0.7,6.7,0.273,0.0,False
Maalik Wayns,LAC,2014,1.0,1.0,1.0,0.0,4.5,0.5,0.0,False
Martell Webster,WAS,2014,9.7,2.8,1.2,0.7,27.7,0.433,0.0,False
Russell Westbrook,OKC,2014,21.8,5.7,6.9,3.8,30.7,0.437,0.0,False
David West,IND,2014,14.0,6.8,2.8,1.7,30.9,0.488,0.0,False
D.J. White,CHA,2014,0.0,1.0,0.0,0.0,5.0,0.0,0.0,False
Royce White,SAC,2014,0.0,0.0,0.0,0.0,3.0,0.0,0.0,False
Deron Williams,BRK,2014,14.3,2.6,6.1,2.2,32.2,0.45,0.0,False
Derrick Williams,2TM,2014,8.0,4.1,0.7,1.0,23.3,0.427,0.0,False
Derrick Williams,MIN,2014,4.9,2.4,0.1,0.5,14.7,0.352,0.0,False
Derrick Williams,SAC,2014,8.5,4.4,0.8,1.0,24.7,0.437,0.0,False
Elliot Williams,PHI,2014,6.0,1.9,1.1,1.0,17.3,0.415,0.0,False
Lou Williams,ATL,2014,10.4,2.1,3.5,1.5,24.1,0.4,0.0,False
Mo Williams,POR,2014,9.7,2.1,4.3,2.0,24.8,0.417,0.0,False
Marvin Williams,UTA,2014,9.1,5.1,1.2,0.8,25.4,0.439,0.0,False
Reggie Williams,OKC,2014,3.7,0.0,0.3,0.7,5.7,0.556,0.0,False
Shawne Williams,LAL,2014,5.6,4.6,0.8,0.6,20.9,0.38,0.0,False
Jeff Withey,NOP,2014,3.3,2.6,0.4,0.3,11.8,0.535,0.0,False
Nate Wolters,MIL,2014,7.2,2.6,3.2,1.0,22.6,0.437,0.0,False
Brandan Wright,DAL,2014,9.1,4.2,0.5,0.6,18.6,0.677,0.0,False
Chris Wright,MIL,2014,6.0,2.5,0.6,0.6,15.8,0.6,0.0,False
Dorell Wright,POR,2014,5.0,2.8,0.9,0.6,14.5,0.374,0.0,False
Tony Wroten,PHI,2014,13.0,3.2,3.0,2.8,24.5,0.427,0.0,False
Nick Young,LAL,2014,17.9,2.6,1.5,1.5,28.3,0.435,0.0,False
Thaddeus Young,PHI,2014,17.9,6.0,2.3,2.1,34.4,0.454,0.0,False
Cody Zeller,CHA,2014,6.0,4.3,1.1,1.1,17.3,0.426,0.0,False
Tyler Zeller,CLE,2014,5.7,4.0,0.5,0.9,15.0,0.538,0.0,False
Quincy Acy,TOR,2013,4.0,2.7,0.4,0.6,11.8,0.56,0.0,False
Jeff Adrien,CHA,2013,4.0,3.8,0.7,0.6,13.7,0.429,0.0,False
Arron Afflalo,ORL,2013,16.5,3.7,3.2,2.2,36.0,0.439,0.0,False
Josh Akognon,DAL,2013,1.7,0.3,0.3,0.0,3.0,0.5,0.0,False
Cole Aldrich,2TM,2013,2.2,2.7,0.2,0.5,8.6,0.55,0.0,False
Cole Aldrich,HOU,2013,1.7,1.9,0.2,0.5,7.1,0.535,0.0,False
Cole Aldrich,SAC,2013,3.3,4.2,0.2,0.6,11.7,0.568,0.0,False
LaMarcus Aldridge,POR,2013,21.1,9.1,2.6,1.9,37.7,0.484,0.0,False
Lavoy Allen,PHI,2013,5.8,5.0,0.9,0.7,21.1,0.454,0.0,False
Ray Allen,MIA,2013,10.9,2.7,1.7,1.3,25.8,0.449,0.0,False
Tony Allen,MEM,2013,8.9,4.6,1.2,1.2,26.7,0.445,0.0,False
Al-Farouq Aminu,NOH,2013,7.3,7.7,1.4,1.5,27.2,0.475,0.0,False
Lou Amundson,3TM,2013,1.9,2.7,0.3,0.5,9.5,0.395,0.0,False
Lou Amundson,MIN,2013,1.6,2.4,0.2,0.6,8.1,0.368,0.0,False
Lou Amundson,CHI,2013,0.0,1.0,0.0,0.0,2.0,0.0,0.0,False
Lou Amundson,NOH,2013,2.4,3.2,0.4,0.4,11.6,0.429,0.0,False
Alan Anderson,TOR,2013,10.7,2.3,1.6,1.2,23.0,0.383,0.0,False
Chris Andersen,MIA,2013,4.9,4.1,0.4,0.6,14.9,0.577,0.0,False
James Anderson,2TM,2013,3.8,1.8,1.1,0.6,10.3,0.413,0.0,False
James Anderson,SAS,2013,3.4,1.4,0.9,0.7,9.4,0.44,0.0,False
James Anderson,HOU,2013,4.0,2.0,1.1,0.6,10.6,0.406,0.0,False
Ryan Anderson,NOH,2013,16.2,6.4,1.2,1.2,30.9,0.423,0.0,False
Carmelo Anthony,NYK,2013,28.7,6.9,2.6,2.6,37.0,0.449,0.0,False
Joel Anthony,MIA,2013,1.4,1.9,0.2,0.4,9.1,0.515,0.0,False
Trevor Ariza,WAS,2013,9.5,4.8,2.0,1.5,26.3,0.417,0.0,False
Metta World Peace,LAL,2013,12.4,5.0,1.5,1.3,33.7,0.403,0.0,False
Darrell Arthur,MEM,2013,6.1,2.9,0.6,0.7,16.4,0.451,0.0,False
Ömer Aşık,HOU,2013,10.1,11.7,0.9,2.1,30.0,0.541,0.0,False
D.J. Augustin,IND,2013,4.7,1.2,2.2,0.9,16.1,0.35,0.0,False
Gustavo Ayón,2TM,2013,3.7,3.6,1.3,0.9,13.3,0.551,0.0,False
Gustavo Ayón,ORL,2013,3.6,3.3,1.4,0.9,13.3,0.536,0.0,False
Gustavo Ayón,MIL,2013,4.3,4.9,1.0,0.8,13.6,0.595,0.0,False
Luke Babbitt,POR,2013,3.9,2.2,0.5,0.4,11.8,0.368,0.0,False
Leandro Barbosa,BOS,2013,5.2,1.1,1.4,0.5,12.5,0.43,0.0,False
J.J. Barea,MIN,2013,11.3,2.8,4.0,2.0,23.1,0.417,0.0,False
Andrea Bargnani,TOR,2013,12.7,3.7,1.1,1.5,28.7,0.399,0.0,False
Harrison Barnes,GSW,2013,9.2,4.1,1.2,1.2,25.4,0.439,0.0,False
Matt Barnes,LAC,2013,10.3,4.6,1.5,1.1,25.7,0.462,0.0,False
Earl Barron,2TM,2013,3.3,5.1,0.4,0.9,13.3,0.353,0.0,False
Earl Barron,WAS,2013,2.5,3.9,0.3,0.9,11.1,0.351,0.0,False
Earl Barron,NYK,2013,11.0,18.0,2.0,1.0,37.0,0.357,0.0,False
Will Barton,POR,2013,4.0,2.0,0.8,0.8,12.2,0.382,0.0,False
Brandon Bass,BOS,2013,8.7,5.2,1.0,1.0,27.6,0.486,0.0,False
Shane Battier,MIA,2013,6.6,2.3,1.0,0.5,24.8,0.42,0.0,False
Nicolas Batum,POR,2013,14.3,5.6,4.9,2.6,38.5,0.423,0.0,False
Jerryd Bayless,MEM,2013,8.7,2.2,3.3,1.5,22.1,0.419,0.0,False
Aron Baynes,SAS,2013,2.7,2.0,0.3,0.7,8.8,0.5,0.0,False
Kent Bazemore,GSW,2013,2.0,0.4,0.4,0.3,4.4,0.371,0.0,False
Bradley Beal,WAS,2013,13.9,3.8,2.4,1.6,31.2,0.41,0.0,False
Michael Beasley,PHO,2013,10.1,3.8,1.5,1.9,20.7,0.405,0.0,False
Rodrigue Beaubois,DAL,2013,4.0,1.3,1.9,0.7,12.2,0.369,0.0,False
Marco Belinelli,CHI,2013,9.6,1.9,2.0,1.1,25.8,0.395,0.0,False
Patrick Beverley,HOU,2013,5.6,2.7,2.9,1.1,17.4,0.418,0.0,False
Andris Biedriņš,GSW,2013,0.5,2.9,0.3,0.3,9.3,0.476,0.0,False
Chauncey Billups,LAC,2013,8.4,1.5,2.2,1.2,19.0,0.402,0.0,False
Bismack Biyombo,CHA,2013,4.8,7.3,0.4,1.0,27.3,0.451,0.0,False
DeJuan Blair,SAS,2013,5.4,3.8,0.7,0.8,14.0,0.524,0.0,False
Steve Blake,LAL,2013,7.3,2.9,3.8,1.4,26.1,0.422,0.0,False
Andray Blatche,BRK,2013,10.3,5.1,1.0,1.5,19.0,0.512,0.0,False
Eric Bledsoe,LAC,2013,8.5,3.0,3.1,1.8,20.4,0.445,0.0,False
Keith Bogans,BRK,2013,4.2,1.6,1.0,0.7,19.0,0.38,0.0,False
Andrew Bogut,GSW,2013,5.8,7.7,2.1,1.1,24.6,0.451,0.0,False
Matt Bonner,SAS,2013,4.2,1.9,0.5,0.2,13.4,0.487,0.0,False
Trevor Booker,WAS,2013,5.3,5.0,0.8,0.6,18.5,0.491,0.0,False
Carlos Boozer,CHI,2013,16.2,9.8,2.3,2.2,32.2,0.477,0.0,False
Chris Bosh,MIA,2013,16.6,6.8,1.7,1.7,33.2,0.535,0.0,False
Avery Bradley,BOS,2013,9.2,2.2,2.1,1.4,28.7,0.402,0.0,False
Elton Brand,DAL,2013,7.2,6.0,1.0,0.8,21.2,0.473,0.0,False
Corey Brewer,DEN,2013,12.1,2.9,1.5,1.2,24.4,0.425,0.0,False
Ronnie Brewer,2TM,2013,3.0,2.3,0.8,0.3,14.2,0.354,0.0,False
Ronnie Brewer,NYK,2013,3.6,2.2,0.9,0.3,15.5,0.366,0.0,False
Ronnie Brewer,OKC,2013,0.9,2.9,0.7,0.3,10.1,0.261,0.0,False
Aaron Brooks,2TM,2013,7.1,1.5,2.2,1.3,18.8,0.453,0.0,False
Aaron Brooks,SAC,2013,8.0,1.7,2.3,1.4,20.8,0.459,0.0,False
Aaron Brooks,HOU,2013,1.4,0.3,0.9,0.6,5.4,0.308,0.0,False
MarShon Brooks,BRK,2013,5.4,1.4,1.0,0.9,12.5,0.463,0.0,False
Kwame Brown,PHI,2013,1.9,3.4,0.4,0.4,12.2,0.459,0.0,False
Shannon Brown,PHO,2013,10.5,2.5,1.8,1.3,23.8,0.42,0.0,False
Kobe Bryant,LAL,2013,27.3,5.6,6.0,3.7,38.6,0.463,0.0,False
Chase Budinger,MIN,2013,9.4,3.1,1.1,1.0,22.1,0.414,0.0,False
Alec Burks,UTA,2013,7.0,2.3,1.4,1.2,17.8,0.42,0.0,False
Caron Butler,LAC,2013,10.4,2.9,1.0,0.9,24.1,0.424,0.0,False
Jimmy Butler,CHI,2013,8.6,4.0,1.4,0.8,26.0,0.467,0.0,False
Will Bynum,DET,2013,9.8,1.5,3.6,1.9,18.8,0.469,0.0,False
José Calderón,2TM,2013,11.3,2.4,7.1,1.7,29.6,0.491,0.0,False
José Calderón,TOR,2013,11.1,2.4,7.4,1.7,28.3,0.47,0.0,False
José Calderón,DET,2013,11.6,2.5,6.6,1.8,31.7,0.527,0.0,False
Marcus Camby,NYK,2013,1.8,3.3,0.6,0.6,10.4,0.321,0.0,False
DeMarre Carroll,UTA,2013,6.0,2.8,0.9,0.5,16.8,0.46,0.0,False
Matt Carroll,CHA,2013,0.0,0.0,1.0,0.0,6.0,,0.0,False
Vince Carter,DAL,2013,13.4,4.1,2.4,1.3,25.8,0.435,0.0,False
Omri Casspi,CLE,2013,4.0,2.7,0.7,0.5,11.7,0.394,0.0,False
Mario Chalmers,MIA,2013,8.6,2.2,3.5,1.5,26.9,0.429,0.0,False
Tyson Chandler,NYK,2013,10.4,10.7,0.9,1.3,32.8,0.638,0.0,False
Wilson Chandler,DEN,2013,13.0,5.1,1.3,1.4,25.1,0.462,0.0,False
Josh Childress,BRK,2013,1.0,1.1,0.4,0.0,7.1,0.286,0.0,False
Earl Clark,LAL,2013,7.3,5.5,1.1,1.1,23.1,0.44,0.0,False
Victor Claver,POR,2013,3.8,2.4,0.9,0.9,16.6,0.392,0.0,False
Norris Cole,MIA,2013,5.6,1.6,2.1,1.3,19.9,0.421,0.0,False
Darren Collison,DAL,2013,12.0,2.7,5.1,2.1,29.3,0.471,0.0,False
Jason Collins,2TM,2013,1.1,1.6,0.2,0.5,10.1,0.31,0.0,False
Jason Collins,BOS,2013,1.2,1.6,0.2,0.5,10.3,0.348,0.0,False
Jason Collins,WAS,2013,0.7,1.3,0.3,0.3,9.0,0.167,0.0,False
Nick Collison,OKC,2013,5.1,4.1,1.5,0.9,19.5,0.595,0.0,False
Mike Conley,MEM,2013,14.6,2.8,6.1,2.4,34.5,0.44,0.0,False
Will Conroy,MIN,2013,0.3,0.3,0.0,0.0,5.0,0.0,0.0,False
Daequan Cook,2TM,2013,2.8,1.2,0.4,0.3,9.0,0.305,0.0,False
Daequan Cook,HOU,2013,3.4,1.1,0.6,0.4,10.3,0.356,0.0,False
Daequan Cook,CHI,2013,2.5,1.3,0.3,0.3,8.4,0.278,0.0,False
Chris Copeland,NYK,2013,8.7,2.1,0.5,0.9,15.4,0.479,0.0,False
DeMarcus Cousins,SAC,2013,17.1,9.9,2.7,3.0,30.5,0.465,0.0,False
Jamal Crawford,LAC,2013,16.5,1.7,2.5,1.9,29.3,0.438,0.0,False
Jordan Crawford,2TM,2013,11.6,3.0,3.2,2.0,24.4,0.415,0.0,False
Jordan Crawford,WAS,2013,13.2,3.1,3.7,2.3,26.2,0.415,0.0,False
Jordan Crawford,BOS,2013,9.1,2.7,2.5,1.6,21.6,0.415,0.0,False
Jae Crowder,DAL,2013,5.0,2.4,1.2,0.6,17.3,0.384,0.0,False
Dante Cunningham,MIN,2013,8.7,5.1,0.8,0.7,25.1,0.468,0.0,False
Jared Cunningham,DAL,2013,2.0,0.4,0.1,0.3,3.3,0.429,0.0,False
Eddy Curry,DAL,2013,4.5,2.0,0.0,1.5,12.5,0.5,0.0,False
Stephen Curry,GSW,2013,22.9,4.0,6.9,3.1,38.2,0.451,0.0,False
Samuel Dalembert,MIL,2013,6.7,5.9,0.4,1.1,16.3,0.542,0.0,False
Marquis Daniels,MIL,2013,5.5,2.5,1.1,0.8,18.4,0.376,0.0,False
Anthony Davis,NOH,2013,13.5,8.2,1.0,1.4,28.8,0.516,0.0,False
Ed Davis,2TM,2013,7.7,5.7,0.8,0.8,20.1,0.539,0.0,False
Ed Davis,TOR,2013,9.7,6.7,1.2,1.0,24.2,0.549,0.0,False
Ed Davis,MEM,2013,5.1,4.4,0.2,0.5,15.1,0.517,0.0,False
Glen Davis,ORL,2013,15.1,7.2,2.1,1.9,31.3,0.448,0.0,False
Austin Daye,2TM,2013,4.5,2.2,0.8,0.5,12.3,0.433,0.0,False
Austin Daye,DET,2013,5.1,2.6,0.9,0.5,14.5,0.443,0.0,False
Austin Daye,MEM,2013,4.0,1.9,0.7,0.5,10.6,0.423,0.0,False
Nando De Colo,SAS,2013,3.8,1.9,1.9,1.1,12.8,0.436,0.0,False
Carlos Delfino,HOU,2013,10.6,3.3,2.0,1.1,25.2,0.405,0.0,False
Luol Deng,CHI,2013,16.5,6.3,3.0,1.9,38.7,0.426,0.0,False
Justin Dentmon,DAL,2013,0.0,0.0,0.0,0.0,2.0,0.0,0.0,False
DeMar DeRozan,TOR,2013,18.1,3.9,2.5,1.8,36.7,0.445,0.0,False
Boris Diaw,SAS,2013,5.8,3.4,2.4,1.1,22.8,0.539,0.0,False
DeSagana Diop,CHA,2013,0.7,2.3,0.6,0.4,10.3,0.296,0.0,False
Keyon Dooling,MEM,2013,4.4,0.1,1.1,0.7,11.7,0.476,0.0,False
Chris Douglas-Roberts,DAL,2013,2.8,0.8,0.7,0.2,10.5,0.357,0.0,False
Toney Douglas,2TM,2013,7.5,1.9,2.1,1.1,18.2,0.403,0.0,False
Toney Douglas,HOU,2013,8.1,1.8,1.9,1.1,18.6,0.395,0.0,False
Toney Douglas,SAC,2013,6.1,2.2,2.6,1.1,17.1,0.43,0.0,False
Goran Dragić,PHO,2013,14.7,3.1,7.4,2.8,33.5,0.443,0.0,False
Andre Drummond,DET,2013,7.9,7.6,0.5,1.0,20.7,0.608,0.0,False
Jared Dudley,PHO,2013,10.9,3.1,2.6,1.3,27.5,0.468,0.0,False
Chris Duhon,LAL,2013,2.9,1.5,2.9,0.9,17.8,0.382,0.0,False
Tim Duncan,SAS,2013,17.8,9.9,2.7,2.1,30.1,0.502,0.0,False
Mike Dunleavy,MIL,2013,10.5,3.9,1.9,1.2,25.9,0.442,0.0,False
Kevin Durant,OKC,2013,28.1,7.9,4.6,3.5,38.5,0.51,0.0,False
Devin Ebanks,LAL,2013,3.4,2.2,0.5,0.6,10.4,0.329,0.0,False
Wayne Ellington,2TM,2013,7.9,2.1,1.3,0.7,21.3,0.427,0.0,False
Wayne Ellington,MEM,2013,5.5,1.3,1.1,0.6,16.9,0.407,0.0,False
Wayne Ellington,CLE,2013,10.4,3.0,1.6,0.9,25.9,0.439,0.0,False
Monta Ellis,MIL,2013,19.2,3.9,6.0,3.1,37.5,0.416,0.0,False
Kim English,DET,2013,2.9,0.9,0.6,0.5,9.9,0.375,0.0,False
Jeremy Evans,UTA,2013,2.0,1.6,0.3,0.2,5.8,0.614,0.0,False
Reggie Evans,BRK,2013,4.5,11.1,0.5,1.4,24.6,0.479,0.0,False
Tyreke Evans,SAC,2013,15.2,4.4,3.5,2.0,31.0,0.478,0.0,False
Festus Ezeli,GSW,2013,2.4,4.0,0.3,0.8,14.4,0.438,0.0,False
Kenneth Faried,DEN,2013,11.5,9.2,1.0,1.4,28.1,0.552,0.0,False
Derrick Favors,UTA,2013,9.4,7.1,1.0,1.7,23.2,0.482,0.0,False
Raymond Felton,NYK,2013,13.9,2.9,5.5,2.3,34.0,0.427,0.0,False
Landry Fields,TOR,2013,4.7,4.1,1.2,0.8,20.3,0.457,0.0,False
Derek Fisher,2TM,2013,5.3,1.1,1.4,0.9,17.4,0.342,0.0,False
Derek Fisher,DAL,2013,8.6,1.7,3.4,2.0,25.4,0.354,0.0,False
Derek Fisher,OKC,2013,4.1,0.9,0.7,0.5,14.4,0.333,0.0,False
Evan Fournier,DEN,2013,5.3,0.9,1.2,0.8,11.3,0.493,0.0,False
Randy Foye,UTA,2013,10.8,1.5,2.0,1.1,27.4,0.397,0.0,False
Jimmer Fredette,SAC,2013,7.2,1.0,1.3,1.0,14.0,0.421,0.0,False
Joel Freeland,POR,2013,2.6,2.3,0.3,0.4,9.4,0.408,0.0,False
Danilo Gallinari,DEN,2013,16.2,5.2,2.5,1.6,32.5,0.418,0.0,False
Francisco García,2TM,2013,5.5,1.6,1.1,0.6,17.7,0.393,0.0,False
Francisco García,SAC,2013,5.2,1.7,1.1,0.5,17.8,0.376,0.0,False
Francisco García,HOU,2013,6.4,1.3,1.1,0.7,17.7,0.432,0.0,False
Kevin Garnett,BOS,2013,14.8,7.8,2.3,1.6,29.7,0.496,0.0,False
Diante Garrett,PHO,2013,2.1,0.8,1.6,0.8,7.8,0.327,0.0,False
Marc Gasol,MEM,2013,14.1,7.8,4.0,2.0,35.0,0.494,0.0,False
Pau Gasol,LAL,2013,13.7,8.6,4.1,2.1,33.8,0.466,0.0,False
Rudy Gay,2TM,2013,18.2,6.1,2.7,2.6,35.8,0.416,0.0,False
Rudy Gay,MEM,2013,17.2,5.9,2.6,2.5,36.7,0.408,0.0,False
Rudy Gay,TOR,2013,19.5,6.4,2.8,2.8,34.7,0.425,0.0,False
Alonzo Gee,CLE,2013,10.3,3.9,1.6,1.6,31.0,0.41,0.0,False
Mickaël Gelabale,MIN,2013,5.0,2.8,0.7,0.4,17.9,0.518,0.0,False
Paul George,IND,2013,17.4,7.6,4.1,2.9,37.6,0.419,0.0,False
Daniel Gibson,CLE,2013,5.4,1.3,1.8,0.7,20.0,0.34,0.0,False
Taj Gibson,CHI,2013,8.0,5.3,0.9,1.2,22.4,0.485,0.0,False
Manu Ginóbili,SAS,2013,11.8,3.4,4.6,2.2,23.2,0.425,0.0,False
Drew Gooden,MIL,2013,3.3,1.9,0.4,0.6,9.4,0.328,0.0,False
Ben Gordon,CHA,2013,11.2,1.7,1.9,1.8,20.8,0.408,0.0,False
Eric Gordon,NOH,2013,17.0,1.8,3.3,2.8,30.1,0.402,0.0,False
Marcin Gortat,PHO,2013,11.1,8.5,1.2,1.6,30.8,0.521,0.0,False
Andrew Goudelock,LAL,2013,0.0,1.0,0.0,0.0,6.0,0.0,0.0,False
Danny Granger,IND,2013,5.4,1.8,0.6,0.8,14.8,0.286,0.0,False
Aaron Gray,TOR,2013,2.8,3.2,0.8,0.9,12.2,0.533,0.0,False
Danny Green,SAS,2013,10.5,3.1,1.8,1.2,27.5,0.448,0.0,False
Draymond Green,GSW,2013,2.9,3.3,0.7,0.6,13.4,0.327,0.0,False
Gerald Green,IND,2013,7.0,2.4,0.8,0.9,18.0,0.366,0.0,False
Jeff Green,BOS,2013,12.8,3.9,1.6,1.6,27.8,0.467,0.0,False
Willie Green,LAC,2013,6.3,1.3,0.8,0.4,16.5,0.461,0.0,False
Blake Griffin,LAC,2013,18.0,8.3,3.7,2.3,32.5,0.538,0.0,False
Hamed Haddadi,2TM,2013,2.8,3.7,0.4,1.0,10.7,0.427,0.0,False
Hamed Haddadi,MEM,2013,1.2,1.8,0.3,0.3,6.7,0.333,0.0,False
Hamed Haddadi,PHO,2013,4.1,5.1,0.5,1.6,13.8,0.459,0.0,False
Jordan Hamilton,DEN,2013,5.2,2.4,0.6,0.5,9.9,0.418,0.0,False
Richard Hamilton,CHI,2013,9.8,1.7,2.4,1.7,21.8,0.429,0.0,False
Ben Hansbrough,IND,2013,2.0,0.6,0.8,0.6,7.1,0.333,0.0,False
Tyler Hansbrough,IND,2013,7.0,4.6,0.4,1.0,16.9,0.432,0.0,False
James Harden,HOU,2013,25.9,4.9,5.8,3.8,38.3,0.438,0.0,False
Maurice Harkless,ORL,2013,8.2,4.4,0.7,0.9,26.0,0.461,0.0,False
Josh Harrellson,MIA,2013,1.7,1.2,0.0,0.5,5.2,0.444,0.0,False
Al Harrington,ORL,2013,5.1,2.7,1.0,0.7,11.9,0.351,0.0,False
Devin Harris,ATL,2013,9.9,2.0,3.4,1.5,24.5,0.438,0.0,False
Terrel Harris,2TM,2013,0.8,1.3,0.5,0.9,6.9,0.148,0.0,False
Terrel Harris,MIA,2013,1.4,1.3,0.3,0.6,4.1,0.25,0.0,False
Terrel Harris,NOH,2013,0.4,1.3,0.5,1.0,8.3,0.105,0.0,False
Tobias Harris,2TM,2013,11.0,5.2,1.3,1.2,23.6,0.455,0.0,False
Tobias Harris,MIL,2013,4.9,2.0,0.5,0.6,11.6,0.461,0.0,False
Tobias Harris,ORL,2013,17.3,8.5,2.1,1.8,36.1,0.453,0.0,False
Udonis Haslem,MIA,2013,3.9,5.4,0.5,0.6,18.9,0.514,0.0,False
Spencer Hawes,PHI,2013,11.0,7.2,2.2,1.6,27.2,0.464,0.0,False
Chuck Hayes,SAC,2013,2.7,4.0,1.5,0.6,16.3,0.442,0.0,False
Gordon Hayward,UTA,2013,14.1,3.1,3.0,1.7,29.2,0.435,0.0,False
Lazar Hayward,MIN,2013,2.5,1.0,0.8,0.0,7.8,0.2,0.0,False
Brendan Haywood,CHA,2013,3.5,4.8,0.5,0.8,19.0,0.431,0.0,False
Gerald Henderson,CHA,2013,15.5,3.7,2.6,1.6,31.4,0.447,0.0,False
Xavier Henry,NOH,2013,3.9,1.8,0.3,0.6,12.5,0.41,0.0,False
John Henson,MIL,2013,6.0,4.7,0.5,0.7,13.1,0.482,0.0,False
Roy Hibbert,IND,2013,11.9,8.3,1.4,2.1,28.7,0.448,0.0,False
J.J. Hickson,POR,2013,12.7,10.4,1.1,1.8,29.0,0.562,0.0,False
Cory Higgins,CHA,2013,2.3,0.5,0.8,0.0,5.3,0.316,0.0,False
Nenê,WAS,2013,12.6,6.7,2.9,2.3,27.2,0.48,0.0,False
George Hill,IND,2013,14.2,3.7,4.7,1.5,34.5,0.443,0.0,False
Grant Hill,LAC,2013,3.2,1.7,0.9,0.9,15.1,0.388,0.0,False
Jordan Hill,LAL,2013,6.7,5.7,0.4,0.9,15.8,0.497,0.0,False
Kirk Hinrich,CHI,2013,7.7,2.6,5.2,1.7,29.4,0.377,0.0,False
Jrue Holiday,PHI,2013,17.7,4.2,8.0,3.7,37.5,0.431,0.0,False
Justin Holiday,PHI,2013,4.7,1.6,1.7,1.0,15.8,0.333,0.0,False
Ryan Hollins,LAC,2013,3.4,2.3,0.2,0.7,11.1,0.614,0.0,False
Tyler Honeycutt,SAC,2013,0.9,1.1,0.2,0.6,3.6,0.273,0.0,False
Al Horford,ATL,2013,17.4,10.2,3.2,2.0,37.2,0.543,0.0,False
Dwight Howard,LAL,2013,17.1,12.4,1.4,3.0,35.8,0.578,0.0,False
Josh Howard,MIN,2013,6.7,3.3,0.4,0.9,18.8,0.403,0.0,False
Juwan Howard,MIA,2013,3.0,1.1,0.9,0.6,7.3,0.526,0.0,False
Kris Humphries,BRK,2013,5.8,5.6,0.5,0.9,18.3,0.448,0.0,False
Serge Ibaka,OKC,2013,13.2,7.7,0.5,1.6,31.1,0.573,0.0,False
Andre Iguodala,DEN,2013,13.0,5.3,5.4,2.6,34.7,0.451,0.0,False
Ersan İlyasova,MIL,2013,13.2,7.1,1.6,1.0,27.6,0.462,0.0,False
Kyrie Irving,CLE,2013,22.5,3.7,5.9,3.2,34.7,0.452,0.0,False
Royal Ivey,PHI,2013,3.2,1.1,0.6,0.4,13.2,0.431,0.0,False
Jarrett Jack,GSW,2013,12.9,3.1,5.6,2.0,29.7,0.452,0.0,False
Reggie Jackson,OKC,2013,5.3,2.4,1.7,0.8,14.2,0.458,0.0,False
Stephen Jackson,SAS,2013,6.2,2.8,1.5,1.4,19.5,0.373,0.0,False
Bernard James,DAL,2013,2.8,2.8,0.1,0.4,9.9,0.515,0.0,False
Damion James,BRK,2013,0.0,0.5,0.0,0.0,0.0,,0.0,False
LeBron James,MIA,2013,26.8,8.0,7.3,3.0,37.9,0.565,0.0,False
Mike James,DAL,2013,6.1,1.6,3.1,1.2,19.2,0.373,0.0,False
Antawn Jamison,LAL,2013,9.4,4.8,0.7,0.7,21.5,0.464,0.0,False
Al Jefferson,UTA,2013,17.8,9.2,2.1,1.3,33.1,0.494,0.0,False
Richard Jefferson,GSW,2013,3.1,1.5,0.6,0.4,10.1,0.456,0.0,False
Jared Jeffries,POR,2013,1.2,1.6,0.4,0.4,9.2,0.296,0.0,False
Charles Jenkins,2TM,2013,1.9,0.5,0.7,0.4,7.5,0.405,0.0,False
Charles Jenkins,GSW,2013,1.7,0.4,0.6,0.4,6.2,0.422,0.0,False
Charles Jenkins,PHI,2013,2.5,0.9,1.3,0.2,12.5,0.368,0.0,False
John Jenkins,ATL,2013,6.1,1.5,0.9,0.7,14.8,0.446,0.0,False
Brandon Jennings,MIL,2013,17.5,3.1,6.5,2.5,36.2,0.399,0.0,False
Jonas Jerebko,DET,2013,7.7,3.8,0.9,0.9,18.2,0.449,0.0,False
Amir Johnson,TOR,2013,10.0,7.5,1.5,1.4,28.7,0.554,0.0,False
Chris Johnson,MIN,2013,3.9,2.0,0.3,0.4,9.5,0.64,0.0,False
Chris Johnson,MEM,2013,3.6,1.4,0.3,0.4,12.8,0.44,0.0,False
Darius Johnson-Odom,LAL,2013,0.0,1.0,0.3,0.0,1.5,0.0,0.0,False
Ivan Johnson,ATL,2013,6.6,3.9,0.7,1.0,15.0,0.52,0.0,False
James Johnson,SAC,2013,5.1,2.7,1.1,1.3,16.3,0.413,0.0,False
Joe Johnson,BRK,2013,16.3,3.0,3.5,1.7,36.7,0.423,0.0,False
Orlando Johnson,IND,2013,4.0,2.2,0.9,0.6,12.1,0.4,0.0,False
Wesley Johnson,PHO,2013,8.0,2.5,0.7,1.0,19.1,0.407,0.0,False
Dahntay Jones,2TM,2013,3.4,1.3,0.6,0.5,13.0,0.369,0.0,False
Dahntay Jones,DAL,2013,3.5,1.4,0.6,0.4,12.7,0.357,0.0,False
Dahntay Jones,ATL,2013,3.1,1.1,0.7,0.6,13.6,0.39,0.0,False
DeQuan Jones,ORL,2013,3.7,1.7,0.3,0.5,12.7,0.436,0.0,False
Dominique Jones,DAL,2013,4.0,1.6,2.9,1.3,11.7,0.367,0.0,False
James Jones,MIA,2013,1.6,0.6,0.3,0.1,5.8,0.344,0.0,False
Kevin Jones,CLE,2013,3.0,2.4,0.3,0.3,10.4,0.402,0.0,False
Perry Jones,OKC,2013,2.3,1.6,0.3,0.4,7.4,0.394,0.0,False
Solomon Jones,NYK,2013,0.0,1.5,0.0,1.5,13.0,0.0,0.0,False
Terrence Jones,HOU,2013,5.5,3.4,0.8,0.7,14.5,0.457,0.0,False
DeAndre Jordan,LAC,2013,8.8,7.2,0.3,1.2,24.5,0.643,0.0,False
Cory Joseph,SAS,2013,4.5,1.9,1.9,0.8,13.9,0.464,0.0,False
Kris Joseph,2TM,2013,0.9,0.7,0.1,0.2,5.4,0.143,0.0,False
Kris Joseph,BOS,2013,1.2,0.8,0.2,0.3,4.0,0.182,0.0,False
Kris Joseph,BRK,2013,0.5,0.5,0.0,0.0,7.5,0.0,0.0,False
Chris Kaman,DAL,2013,10.5,5.6,0.8,1.6,20.7,0.507,0.0,False
Enes Freedom,UTA,2013,7.2,4.3,0.4,1.4,15.4,0.544,0.0,False
Michael Kidd-Gilchrist,CHA,2013,9.0,5.8,1.5,1.3,26.0,0.458,0.0,False
Jason Kidd,NYK,2013,6.0,4.3,3.3,1.0,26.9,0.372,0.0,False
Andrei Kirilenko,MIN,2013,12.4,5.7,2.8,1.9,31.8,0.507,0.0,False
Linas Kleiza,TOR,2013,7.4,2.6,0.8,0.7,18.8,0.333,0.0,False
Brandon Knight,DET,2013,13.3,3.3,4.0,2.7,31.5,0.407,0.0,False
Kyle Korver,ATL,2013,10.9,4.0,2.0,0.9,30.5,0.461,0.0,False
Kosta Koufos,DEN,2013,8.0,6.9,0.4,0.7,22.4,0.581,0.0,False
Viacheslav Kravtsov,DET,2013,3.1,1.8,0.4,0.6,9.0,0.717,0.0,False
Doron Lamb,2TM,2013,3.3,1.0,0.7,0.6,12.3,0.368,0.0,False
Doron Lamb,MIL,2013,3.4,0.7,0.9,0.7,12.2,0.347,0.0,False
Doron Lamb,ORL,2013,3.2,1.2,0.5,0.4,12.4,0.397,0.0,False
Jeremy Lamb,OKC,2013,3.1,0.8,0.2,0.3,6.4,0.353,0.0,False
Carl Landry,GSW,2013,10.8,6.0,0.8,1.4,23.2,0.54,0.0,False
Ty Lawson,DEN,2013,16.7,2.7,6.9,2.5,34.4,0.461,0.0,False
Courtney Lee,BOS,2013,7.8,2.4,1.8,1.1,24.9,0.464,0.0,False
David Lee,GSW,2013,18.5,11.2,3.5,2.6,36.8,0.519,0.0,False
Malcolm Lee,MIN,2013,4.9,2.4,1.3,0.6,18.1,0.382,0.0,False
Kawhi Leonard,SAS,2013,11.9,6.0,1.6,1.1,31.2,0.494,0.0,False
Meyers Leonard,POR,2013,5.5,3.7,0.5,0.7,17.5,0.545,0.0,False
Jon Leuer,2TM,2013,2.0,1.3,0.3,0.3,6.7,0.481,0.0,False
Jon Leuer,CLE,2013,2.4,1.4,0.6,0.6,10.1,0.357,0.0,False
Jon Leuer,MEM,2013,1.8,1.3,0.2,0.2,5.1,0.625,0.0,False
Rashard Lewis,MIA,2013,5.2,2.2,0.5,0.6,14.4,0.414,0.0,False
DeAndre Liggins,OKC,2013,1.5,1.4,0.4,0.4,7.4,0.447,0.0,False
Damian Lillard,POR,2013,19.0,3.1,6.5,3.0,38.6,0.429,0.0,False
Jeremy Lin,HOU,2013,13.4,3.0,6.1,2.9,32.2,0.441,0.0,False
Shaun Livingston,2TM,2013,6.3,2.4,3.3,1.2,22.0,0.48,0.0,False
Shaun Livingston,WAS,2013,3.7,2.2,2.2,1.0,18.8,0.364,0.0,False
Shaun Livingston,CLE,2013,7.2,2.5,3.6,1.2,23.2,0.507,0.0,False
Brook Lopez,BRK,2013,19.4,6.9,0.9,1.8,30.4,0.521,0.0,False
Robin Lopez,NOH,2013,11.3,5.6,0.8,1.3,26.0,0.534,0.0,False
Kevin Love,MIN,2013,18.3,14.0,2.3,2.2,34.3,0.352,0.0,False
Kyle Lowry,TOR,2013,11.6,4.7,6.4,2.3,29.7,0.401,0.0,False
John Lucas III,TOR,2013,5.3,1.0,1.7,0.4,13.1,0.386,0.0,False
Scott Machado,HOU,2013,1.3,0.2,1.0,1.3,3.5,0.5,0.0,False
Shelvin Mack,3TM,2013,4.6,1.3,2.2,1.1,13.4,0.46,0.0,False
Shelvin Mack,WAS,2013,5.3,2.3,3.3,1.1,20.1,0.4,0.0,False
Shelvin Mack,PHI,2013,0.5,0.0,0.3,0.5,1.8,0.5,0.0,False
Shelvin Mack,ATL,2013,5.2,1.2,2.2,1.2,13.4,0.488,0.0,False
Corey Maggette,DET,2013,5.3,1.4,1.1,0.9,14.3,0.355,0.0,False
Ian Mahinmi,IND,2013,5.0,3.9,0.3,1.2,16.5,0.453,0.0,False
Shawn Marion,DAL,2013,12.1,7.8,2.4,1.5,30.0,0.514,0.0,False
Kendall Marshall,PHO,2013,3.0,0.9,3.0,1.2,14.6,0.371,0.0,False
Cartier Martin,WAS,2013,6.6,2.4,0.5,0.8,16.9,0.381,0.0,False
Kenyon Martin,NYK,2013,7.2,5.3,0.4,0.9,23.9,0.602,0.0,False
Kevin Martin,OKC,2013,14.0,2.3,1.4,1.3,27.7,0.45,0.0,False
Roger Mason,NOH,2013,5.3,1.9,1.1,0.7,17.7,0.433,0.0,False
Wesley Matthews,POR,2013,14.8,2.8,2.5,1.6,34.8,0.436,0.0,False
Jason Maxiell,DET,2013,6.9,5.7,0.8,1.1,24.8,0.446,0.0,False
Eric Maynor,2TM,2013,4.5,0.7,2.8,1.2,15.0,0.377,0.0,False
Eric Maynor,OKC,2013,2.8,0.5,2.0,0.8,10.6,0.313,0.0,False
Eric Maynor,POR,2013,6.9,1.0,4.0,1.8,21.2,0.422,0.0,False
O.J. Mayo,DAL,2013,15.3,3.5,4.4,2.6,35.5,0.449,0.0,False
Luc Mbah a Moute,MIL,2013,6.7,4.4,0.9,1.2,22.9,0.401,0.0,False
JaVale McGee,DEN,2013,9.1,4.8,0.3,1.1,18.1,0.575,0.0,False
Dominic McGuire,3TM,2013,2.0,3.0,0.8,0.5,14.9,0.429,0.0,False
Dominic McGuire,TOR,2013,2.1,3.2,0.7,0.5,15.3,0.469,0.0,False
Dominic McGuire,NOH,2013,2.1,3.1,1.0,0.6,16.1,0.429,0.0,False
Dominic McGuire,IND,2013,0.0,1.0,0.5,0.0,6.0,0.0,0.0,False
Josh McRoberts,2TM,2013,6.0,4.9,2.1,1.0,22.2,0.455,0.0,False
Josh McRoberts,ORL,2013,3.9,3.3,1.7,0.7,16.7,0.392,0.0,False
Josh McRoberts,CHA,2013,9.3,7.2,2.7,1.5,30.8,0.505,0.0,False
Jodie Meeks,LAL,2013,7.9,2.2,0.9,0.7,21.3,0.387,0.0,False
Fab Melo,BOS,2013,1.2,0.5,0.0,0.2,6.0,0.5,0.0,False
Khris Middleton,DET,2013,6.1,1.9,1.0,0.4,17.6,0.44,0.0,False
C.J. Miles,CLE,2013,11.2,2.7,1.0,1.1,21.0,0.415,0.0,False
Darko Miličić,BOS,2013,0.0,1.0,0.0,2.0,5.0,0.0,0.0,False
Andre Miller,DEN,2013,9.6,2.9,5.9,2.1,26.2,0.479,0.0,False
Darius Miller,NOH,2013,2.3,1.5,0.8,0.4,13.3,0.407,0.0,False
Mike Miller,MIA,2013,4.8,2.7,1.7,0.6,15.3,0.433,0.0,False
Quincy Miller,DEN,2013,1.3,0.3,0.4,0.1,3.7,0.333,0.0,False
Paul Millsap,UTA,2013,14.6,7.1,2.6,1.8,30.4,0.49,0.0,False
Patty Mills,SAS,2013,5.1,0.9,1.1,0.7,11.3,0.469,0.0,False
Nazr Mohammed,CHI,2013,2.6,3.1,0.4,0.4,11.0,0.367,0.0,False
Greg Monroe,DET,2013,16.0,9.6,3.5,2.9,33.2,0.486,0.0,False
E'Twaun Moore,ORL,2013,7.8,2.2,2.7,1.4,22.4,0.396,0.0,False
Darius Morris,LAL,2013,4.0,1.2,1.6,0.9,14.2,0.388,0.0,False
Markieff Morris,PHO,2013,8.2,4.8,1.3,1.3,22.4,0.407,0.0,False
Marcus Morris,2TM,2013,7.7,3.6,0.8,1.0,19.8,0.422,0.0,False
Marcus Morris,HOU,2013,8.6,4.1,0.9,1.0,21.4,0.428,0.0,False
Marcus Morris,PHO,2013,5.7,2.5,0.7,1.0,16.1,0.405,0.0,False
Anthony Morrow,2TM,2013,4.0,0.7,0.3,0.2,9.3,0.441,0.0,False
Anthony Morrow,ATL,2013,5.2,1.1,0.4,0.2,12.5,0.423,0.0,False
Anthony Morrow,DAL,2013,2.3,0.2,0.2,0.2,4.8,0.5,0.0,False
Donatas Motiejūnas,HOU,2013,5.7,2.1,0.7,0.8,12.2,0.455,0.0,False
Arnett Moultrie,PHI,2013,3.7,3.1,0.2,0.4,11.5,0.582,0.0,False
Timofey Mozgov,DEN,2013,2.6,2.6,0.2,0.6,8.9,0.506,0.0,False
Byron Mullens,CHA,2013,10.6,6.4,1.5,1.4,26.9,0.385,0.0,False
Kevin Murphy,UTA,2013,0.9,0.2,0.1,0.2,3.1,0.25,0.0,False
Troy Murphy,DAL,2013,4.6,3.5,0.5,0.5,18.3,0.361,0.0,False
Steve Nash,LAL,2013,12.7,2.8,6.7,2.5,32.5,0.497,0.0,False
Gary Neal,SAS,2013,9.5,2.1,1.9,1.0,21.8,0.412,0.0,False
Jameer Nelson,ORL,2013,14.7,3.7,7.4,2.8,35.3,0.392,0.0,False
Andrew Nicholson,ORL,2013,7.8,3.4,0.6,1.1,16.7,0.527,0.0,False
Joakim Noah,CHI,2013,11.9,11.1,4.0,2.7,36.8,0.481,0.0,False
Steve Novak,NYK,2013,6.6,1.9,0.4,0.1,20.3,0.414,0.0,False
Dirk Nowitzki,DAL,2013,17.3,6.8,2.5,1.3,31.3,0.471,0.0,False
Lamar Odom,LAC,2013,4.0,5.9,1.7,1.0,19.7,0.399,0.0,False
Tim Ohlbrecht,HOU,2013,1.0,0.3,0.3,1.3,4.0,0.333,0.0,False
Emeka Okafor,WAS,2013,9.7,8.8,1.2,1.4,26.0,0.477,0.0,False
Jermaine O'Neal,PHO,2013,8.3,5.3,0.8,1.3,18.7,0.482,0.0,False
Kyle O'Quinn,ORL,2013,4.1,3.7,0.9,0.6,11.2,0.513,0.0,False
Daniel Orton,OKC,2013,2.5,2.0,0.3,0.3,8.0,0.462,0.0,False
Travis Outlaw,SAC,2013,5.3,1.6,0.6,0.5,11.7,0.418,0.0,False
Zaza Pachulia,ATL,2013,5.9,6.5,1.5,1.3,21.8,0.473,0.0,False
Jannero Pargo,3TM,2013,6.5,1.1,2.1,1.3,15.8,0.368,0.0,False
Jannero Pargo,WAS,2013,3.0,0.9,2.0,1.1,14.6,0.25,0.0,False
Jannero Pargo,ATL,2013,5.0,1.0,2.7,0.7,16.1,0.342,0.0,False
Jannero Pargo,CHA,2013,8.4,1.2,1.9,1.6,16.2,0.401,0.0,False
Jeremy Pargo,2TM,2013,6.8,1.3,2.4,1.3,16.8,0.396,0.0,False
Jeremy Pargo,CLE,2013,7.8,1.3,2.6,1.5,17.9,0.401,0.0,False
Jeremy Pargo,PHI,2013,4.9,1.2,2.0,0.9,14.9,0.381,0.0,False
Tony Parker,SAS,2013,20.3,3.0,7.6,2.6,32.9,0.522,0.0,False
Chandler Parsons,HOU,2013,15.5,5.3,3.5,1.9,36.3,0.486,0.0,False
Patrick Patterson,2TM,2013,10.4,4.7,1.1,0.9,25.0,0.512,0.0,False
Patrick Patterson,HOU,2013,11.6,4.7,1.1,0.9,25.9,0.519,0.0,False
Patrick Patterson,SAC,2013,8.0,4.8,1.3,0.8,23.2,0.494,0.0,False
Chris Paul,LAC,2013,16.9,3.7,9.7,2.3,33.4,0.481,0.0,False
Sasha Pavlović,POR,2013,2.6,1.4,0.8,0.4,13.5,0.353,0.0,False
Nikola Peković,MIN,2013,16.3,8.8,0.9,1.6,31.6,0.52,0.0,False
Jeff Ayres,IND,2013,3.9,2.8,0.4,0.6,10.0,0.484,0.0,False
Kendrick Perkins,OKC,2013,4.2,6.0,1.4,1.4,25.1,0.457,0.0,False
Johan Petro,ATL,2013,3.5,3.6,0.5,0.8,11.4,0.436,0.0,False
Paul Pierce,BOS,2013,18.6,6.3,4.8,2.8,33.4,0.436,0.0,False
Mickaël Piétrus,TOR,2013,5.3,1.9,0.5,0.8,20.3,0.347,0.0,False
Dexter Pittman,2TM,2013,0.7,1.1,0.0,0.3,2.9,0.364,0.0,False
Dexter Pittman,MIA,2013,1.5,1.8,0.0,0.5,3.0,0.6,0.0,False
Dexter Pittman,MEM,2013,0.3,0.7,0.0,0.1,2.9,0.167,0.0,False
Miles Plumlee,IND,2013,0.9,1.6,0.1,0.2,3.9,0.238,0.0,False
Quincy Pondexter,MEM,2013,6.4,2.2,1.0,0.7,21.1,0.428,0.0,False
A.J. Price,WAS,2013,7.7,2.0,3.6,1.1,22.4,0.39,0.0,False
Ronnie Price,POR,2013,2.7,1.1,1.9,0.9,13.1,0.325,0.0,False
Pablo Prigioni,NYK,2013,3.5,1.8,3.0,1.1,16.2,0.455,0.0,False
Tayshaun Prince,2TM,2013,10.4,4.4,2.4,1.1,32.1,0.438,0.0,False
Tayshaun Prince,DET,2013,11.7,4.6,2.5,1.2,32.4,0.444,0.0,False
Tayshaun Prince,MEM,2013,8.8,4.2,2.3,0.9,31.7,0.429,0.0,False
Joel Przybilla,MIL,2013,0.2,1.8,0.3,0.3,5.7,0.25,0.0,False
Chris Quinn,CLE,2013,1.4,0.3,1.3,0.9,11.1,0.25,0.0,False
Vladimir Radmanović,CHI,2013,1.3,1.1,0.3,0.3,5.8,0.302,0.0,False
Anthony Randolph,DEN,2013,3.7,2.4,0.3,0.9,8.4,0.491,0.0,False
Shavlik Randolph,BOS,2013,4.2,4.4,0.3,0.6,12.4,0.583,0.0,False
Zach Randolph,MEM,2013,15.4,11.2,1.4,2.0,34.3,0.46,0.0,False
JJ Redick,2TM,2013,14.1,2.2,3.8,1.8,30.5,0.434,0.0,False
JJ Redick,ORL,2013,15.1,2.4,4.4,2.1,31.5,0.45,0.0,False
JJ Redick,MIL,2013,12.3,1.9,2.7,1.2,28.7,0.403,0.0,False
Jason Richardson,PHI,2013,10.5,3.8,1.5,0.8,28.4,0.402,0.0,False
Quentin Richardson,NYK,2013,5.0,10.0,1.0,2.0,29.0,0.091,0.0,False
Luke Ridnour,MIN,2013,11.5,2.5,3.8,1.6,30.2,0.453,0.0,False
Austin Rivers,NOH,2013,6.2,1.8,2.1,1.2,23.2,0.372,0.0,False
Brian Roberts,NOH,2013,7.1,1.2,2.8,0.9,17.0,0.417,0.0,False
Nate Robinson,CHI,2013,13.1,2.2,4.4,1.8,25.4,0.433,0.0,False
Thomas Robinson,2TM,2013,4.8,4.5,0.7,1.3,15.1,0.43,0.0,False
Thomas Robinson,SAC,2013,4.8,4.7,0.7,1.3,15.9,0.424,0.0,False
Thomas Robinson,HOU,2013,4.5,4.1,0.5,1.2,13.0,0.449,0.0,False
Rajon Rondo,BOS,2013,13.7,5.6,11.1,3.9,37.4,0.484,0.0,False
Terrence Ross,TOR,2013,6.4,2.0,0.7,0.7,17.0,0.407,0.0,False
Brandon Roy,MIN,2013,5.8,2.8,4.6,1.4,24.4,0.314,0.0,False
Ricky Rubio,MIN,2013,10.7,4.0,7.3,3.0,29.7,0.36,0.0,False
Brandon Rush,GSW,2013,7.0,0.5,1.0,1.5,12.5,0.667,0.0,False
Robert Sacre,LAL,2013,1.3,1.1,0.2,0.3,6.3,0.375,0.0,False
John Salmons,SAC,2013,8.8,2.7,3.0,1.1,30.0,0.399,0.0,False
Samardo Samuels,CLE,2013,3.2,1.6,0.4,0.3,10.9,0.367,0.0,False
Larry Sanders,MIL,2013,9.8,9.5,1.2,1.2,27.3,0.506,0.0,False
Luis Scola,PHO,2013,12.8,6.6,2.2,1.5,26.6,0.472,0.0,False
Mike Scott,ATL,2013,4.6,2.8,0.3,0.5,9.4,0.476,0.0,False
Thabo Sefolosha,OKC,2013,7.6,3.9,1.5,0.8,27.5,0.481,0.0,False
Josh Selby,MEM,2013,2.0,0.5,0.4,0.7,5.9,0.273,0.0,False
Kevin Séraphin,WAS,2013,9.1,4.4,0.7,1.6,21.8,0.461,0.0,False
Ramon Sessions,CHA,2013,14.4,2.8,3.8,1.7,27.1,0.408,0.0,False
Tornike Shengelia,BRK,2013,1.6,1.2,0.2,0.6,4.9,0.435,0.0,False
Iman Shumpert,NYK,2013,6.8,3.0,1.7,0.8,22.1,0.396,0.0,False
Alexey Shved,MIN,2013,8.6,2.3,3.7,1.9,23.9,0.372,0.0,False
Henry Sims,NOH,2013,2.0,1.0,0.0,0.5,2.5,0.667,0.0,False
Chris Singleton,WAS,2013,4.1,3.2,0.6,0.8,16.2,0.382,0.0,False
Kyle Singler,DET,2013,8.8,4.0,0.9,1.2,28.0,0.428,0.0,False
Donald Sloan,2TM,2013,3.5,1.2,1.7,0.6,11.4,0.346,0.0,False
Donald Sloan,CLE,2013,4.1,1.4,1.9,0.7,12.9,0.346,0.0,False
Donald Sloan,NOH,2013,0.0,0.0,0.3,0.3,2.0,,0.0,False
Greg Smith,HOU,2013,6.0,4.6,0.4,0.6,15.9,0.62,0.0,False
Ish Smith,2TM,2013,2.4,1.2,1.7,0.7,9.9,0.352,0.0,False
Ish Smith,ORL,2013,2.4,1.3,1.6,0.8,10.5,0.336,0.0,False
Ish Smith,MIL,2013,2.4,0.9,1.9,0.6,8.6,0.395,0.0,False
Jason Smith,NOH,2013,8.2,3.6,0.7,1.1,17.2,0.49,0.0,False
Josh Smith,ATL,2013,17.5,8.4,4.2,3.0,35.3,0.465,0.0,False
J.R. Smith,NYK,2013,18.1,5.3,2.7,1.7,33.5,0.422,0.0,False
Nolan Smith,POR,2013,2.8,0.7,0.9,0.7,7.2,0.368,0.0,False
Marreese Speights,2TM,2013,8.3,4.9,0.6,1.0,16.5,0.445,0.0,False
Marreese Speights,MEM,2013,6.6,4.7,0.5,0.9,14.5,0.429,0.0,False
Marreese Speights,CLE,2013,10.2,5.1,0.7,1.2,18.5,0.457,0.0,False
Tiago Splitter,SAS,2013,10.3,6.4,1.6,1.2,24.7,0.56,0.0,False
Jerry Stackhouse,BRK,2013,4.9,0.9,0.9,0.6,14.7,0.384,0.0,False
Lance Stephenson,IND,2013,8.8,3.9,2.9,1.4,29.2,0.46,0.0,False
DeShawn Stevenson,ATL,2013,5.1,2.2,0.9,0.4,20.7,0.374,0.0,False
Greg Stiemsma,MIN,2013,4.0,3.4,0.4,0.8,15.9,0.457,0.0,False
Julyan Stone,DEN,2013,1.8,0.8,0.5,0.5,7.0,1.0,0.0,False
Amar'e Stoudemire,NYK,2013,14.2,5.0,0.4,1.7,23.5,0.577,0.0,False
Rodney Stuckey,DET,2013,11.5,2.8,3.6,1.8,28.6,0.406,0.0,False
Jared Sullinger,BOS,2013,6.0,5.9,0.8,0.6,19.8,0.493,0.0,False
DaJuan Summers,LAC,2013,1.0,1.0,0.5,0.0,3.5,0.25,0.0,False
Jeff Taylor,CHA,2013,6.1,1.9,0.8,0.6,19.6,0.431,0.0,False
Tyshawn Taylor,BRK,2013,2.2,0.5,0.6,0.7,5.8,0.368,0.0,False
Jeff Teague,ATL,2013,14.6,2.3,7.2,2.9,32.9,0.451,0.0,False
Marquis Teague,CHI,2013,2.1,0.9,1.3,0.7,8.2,0.381,0.0,False
Mirza Teletović,BRK,2013,3.5,1.8,0.4,0.4,9.4,0.384,0.0,False
Sebastian Telfair,2TM,2013,5.6,1.4,2.6,1.1,16.6,0.362,0.0,False
Sebastian Telfair,PHO,2013,6.0,1.5,2.5,1.2,17.3,0.381,0.0,False
Sebastian Telfair,TOR,2013,4.3,1.2,3.0,0.8,14.2,0.29,0.0,False
Garrett Temple,WAS,2013,5.1,2.4,2.3,1.2,22.7,0.407,0.0,False
Jason Terry,BOS,2013,10.1,2.0,2.5,1.3,26.9,0.434,0.0,False
Hasheem Thabeet,OKC,2013,2.4,3.0,0.2,0.6,11.7,0.604,0.0,False
Isaiah Thomas,SAC,2013,13.9,2.0,4.0,1.8,26.9,0.44,0.0,False
Kurt Thomas,NYK,2013,2.5,2.3,0.5,0.2,10.1,0.542,0.0,False
Lance Thomas,NOH,2013,2.5,1.9,0.3,0.2,10.9,0.5,0.0,False
Malcolm Thomas,2TM,2013,1.3,1.3,0.3,0.3,4.8,0.5,0.0,False
Malcolm Thomas,GSW,2013,0.6,1.0,0.4,0.2,4.2,0.0,0.0,False
Malcolm Thomas,CHI,2013,1.7,1.6,0.3,0.3,5.1,0.556,0.0,False
Tyrus Thomas,CHA,2013,4.8,2.3,0.7,0.7,13.8,0.353,0.0,False
Jason Thompson,SAC,2013,10.9,6.7,1.0,1.2,27.9,0.502,0.0,False
Klay Thompson,GSW,2013,16.6,3.7,2.2,1.9,35.8,0.422,0.0,False
Tristan Thompson,CLE,2013,11.7,9.4,1.3,1.5,31.3,0.488,0.0,False
Marcus Thornton,SAC,2013,12.7,2.5,1.3,0.9,24.0,0.429,0.0,False
Jamaal Tinsley,UTA,2013,3.5,1.7,4.4,1.6,18.5,0.368,0.0,False
Anthony Tolliver,ATL,2013,4.1,2.5,0.5,0.6,15.5,0.38,0.0,False
P.J. Tucker,PHO,2013,6.4,4.4,1.4,0.8,24.2,0.473,0.0,False
Ronny Turiaf,LAC,2013,1.9,2.3,0.5,0.4,10.8,0.505,0.0,False
Hedo Türkoğlu,ORL,2013,2.9,2.4,2.1,1.1,17.2,0.264,0.0,False
Evan Turner,PHI,2013,13.3,6.3,4.3,2.3,35.3,0.419,0.0,False
Jeremy Tyler,2TM,2013,1.0,1.0,0.0,0.3,3.2,0.375,0.0,False
Jeremy Tyler,GSW,2013,1.1,0.9,0.1,0.3,3.2,0.375,0.0,False
Jeremy Tyler,ATL,2013,0.0,3.0,0.0,0.0,5.0,,0.0,False
Ekpe Udoh,MIL,2013,4.3,3.3,0.6,0.6,17.3,0.435,0.0,False
Beno Udrih,2TM,2013,8.2,2.1,4.6,1.6,22.1,0.441,0.0,False
Beno Udrih,MIL,2013,6.7,2.0,3.5,1.4,18.4,0.475,0.0,False
Beno Udrih,ORL,2013,10.2,2.3,6.1,2.0,27.3,0.408,0.0,False
Jonas Valančiūnas,TOR,2013,8.9,6.0,0.7,1.5,23.9,0.557,0.0,False
Anderson Varejão,CLE,2013,14.1,14.4,3.4,1.8,36.0,0.478,0.0,False
Jarvis Varnado,2TM,2013,0.6,0.7,0.2,0.5,4.5,0.429,0.0,False
Jarvis Varnado,BOS,2013,1.2,0.6,0.2,0.2,3.6,0.5,0.0,False
Jarvis Varnado,MIA,2013,0.3,0.8,0.3,0.6,5.0,0.333,0.0,False
Greivis Vásquez,NOH,2013,13.9,4.3,9.0,3.2,34.4,0.433,0.0,False
Jan Veselý,WAS,2013,2.5,2.4,0.5,0.5,11.8,0.5,0.0,False
Charlie Villanueva,DET,2013,6.8,3.5,0.8,0.6,15.8,0.377,0.0,False
Nikola Vučević,ORL,2013,13.1,11.9,1.9,1.8,33.2,0.519,0.0,False
Dwyane Wade,MIA,2013,21.2,5.0,5.1,2.8,34.7,0.521,0.0,False
Dion Waiters,CLE,2013,14.7,2.4,3.0,2.0,28.8,0.412,0.0,False
Kemba Walker,CHA,2013,17.7,3.5,5.7,2.4,34.9,0.423,0.0,False
Gerald Wallace,BRK,2013,7.7,4.6,2.6,1.6,30.1,0.397,0.0,False
Rasheed Wallace,NYK,2013,7.0,4.0,0.3,0.5,14.1,0.387,0.0,False
John Wall,WAS,2013,18.5,4.0,7.6,3.2,32.7,0.441,0.0,False
Luke Walton,CLE,2013,3.4,2.9,3.3,1.2,17.1,0.392,0.0,False
Hakim Warrick,2TM,2013,6.9,3.2,0.9,1.0,17.5,0.406,0.0,False
Hakim Warrick,NOH,2013,4.0,0.0,0.0,0.0,7.0,0.5,0.0,False
Hakim Warrick,CHA,2013,7.0,3.3,0.9,1.1,17.9,0.405,0.0,False
C.J. Watson,BRK,2013,6.8,1.8,2.0,0.9,19.0,0.418,0.0,False
Earl Watson,UTA,2013,2.0,1.8,4.0,1.4,17.3,0.308,0.0,False
Maalik Wayns,2TM,2013,2.8,0.3,1.0,0.6,7.5,0.295,0.0,False
Maalik Wayns,PHI,2013,2.7,0.2,1.0,0.6,7.9,0.264,0.0,False
Maalik Wayns,LAC,2013,3.3,0.3,1.2,0.3,6.2,0.438,0.0,False
Martell Webster,WAS,2013,11.4,3.9,1.9,1.2,28.9,0.442,0.0,False
Russell Westbrook,OKC,2013,23.2,5.2,7.4,3.3,34.9,0.438,0.0,False
David West,IND,2013,17.1,7.7,2.9,2.2,33.4,0.498,0.0,False
D.J. White,BOS,2013,2.4,1.1,0.3,0.2,7.2,0.522,0.0,False
James White,NYK,2013,2.2,0.8,0.5,0.3,7.6,0.431,0.0,False
Chris Wilcox,BOS,2013,4.2,3.0,0.4,0.6,13.6,0.719,0.0,False
Damien Wilkins,PHI,2013,6.4,1.7,1.5,0.8,18.0,0.459,0.0,False
Deron Williams,BRK,2013,18.9,3.0,7.7,2.8,36.4,0.44,0.0,False
Derrick Williams,MIN,2013,12.0,5.5,0.6,1.3,24.6,0.43,0.0,False
Lou Williams,ATL,2013,14.1,2.1,3.6,1.9,28.7,0.422,0.0,False
Mo Williams,UTA,2013,12.9,2.4,6.2,2.7,30.8,0.43,0.0,False
Marvin Williams,UTA,2013,7.2,3.6,1.1,0.8,23.7,0.423,0.0,False
Reggie Williams,CHA,2013,3.7,1.3,1.0,0.5,9.5,0.432,0.0,False
Terrence Williams,BOS,2013,4.6,1.8,1.6,0.9,13.3,0.495,0.0,False
Brandan Wright,DAL,2013,8.5,4.1,0.6,0.5,18.0,0.597,0.0,False
Chris Wright,DAL,2013,0.7,0.0,0.0,0.3,1.3,0.5,0.0,False
Dorell Wright,PHI,2013,9.2,3.8,1.9,0.8,22.6,0.396,0.0,False
Tony Wroten,MEM,2013,2.6,0.8,1.2,0.8,7.8,0.384,0.0,False
Nick Young,PHI,2013,10.6,2.2,1.4,0.8,23.9,0.413,0.0,False
Sam Young,IND,2013,2.8,2.2,0.8,0.6,12.4,0.392,0.0,False
Thaddeus Young,PHI,2013,14.8,7.5,1.6,1.2,34.6,0.531,0.0,False
Luke Zeller,PHO,2013,1.2,0.6,0.2,0.0,3.6,0.346,0.0,False
Tyler Zeller,CLE,2013,7.9,5.7,1.2,1.2,26.4,0.438,0.0,False
Jeff Adrien,HOU,2012,2.6,2.8,0.1,0.3,7.9,0.438,0.0,False
Arron Afflalo,DEN,2012,15.2,3.2,2.4,1.4,33.6,0.471,0.0,False
Blake Ahearn,UTA,2012,2.5,0.5,0.3,1.3,7.5,0.286,0.0,False
Solomon Alabi,TOR,2012,2.4,3.4,0.2,0.4,8.7,0.361,0.0,False
Cole Aldrich,OKC,2012,2.2,1.8,0.1,0.3,6.7,0.524,0.0,False
LaMarcus Aldridge,POR,2012,21.7,8.0,2.4,2.0,36.3,0.512,0.0,False
Lavoy Allen,PHI,2012,4.1,4.2,0.8,0.5,15.2,0.473,0.0,False
Ray Allen,BOS,2012,14.2,3.1,2.4,1.5,34.0,0.458,0.0,False
Tony Allen,MEM,2012,9.8,4.0,1.4,1.6,26.3,0.469,0.0,False
Morris Almond,WAS,2012,3.5,2.0,0.5,0.3,16.8,0.353,0.0,False
Al-Farouq Aminu,NOH,2012,6.0,4.7,1.0,1.4,22.4,0.411,0.0,False
Lou Amundson,IND,2012,3.6,3.7,0.2,0.8,12.6,0.43,0.0,False
Alan Anderson,TOR,2012,9.6,2.0,1.5,1.5,27.1,0.387,0.0,False
Chris Andersen,DEN,2012,5.3,4.6,0.2,0.5,15.2,0.546,0.0,False
James Anderson,SAS,2012,3.7,1.5,0.8,0.6,11.8,0.379,0.0,False
Ryan Anderson,ORL,2012,16.1,7.7,0.9,0.9,32.2,0.439,0.0,False
Carmelo Anthony,NYK,2012,22.6,6.3,3.6,2.6,34.1,0.43,0.0,False
Joel Anthony,MIA,2012,3.4,3.9,0.1,0.7,21.1,0.559,0.0,False
Gilbert Arenas,MEM,2012,4.2,1.1,1.1,0.7,12.4,0.406,0.0,False
Trevor Ariza,NOH,2012,10.8,5.2,3.3,1.9,32.9,0.417,0.0,False
Metta World Peace,LAL,2012,7.7,3.4,2.2,1.1,26.9,0.394,0.0,False
Ömer Aşık,CHI,2012,3.1,5.3,0.5,1.0,14.7,0.506,0.0,False
D.J. Augustin,CHA,2012,11.1,2.3,6.4,2.3,29.3,0.376,0.0,False
Gustavo Ayón,NOH,2012,5.9,4.9,1.4,0.9,20.1,0.536,0.0,False
Kelenna Azubuike,DAL,2012,2.3,0.0,0.0,1.3,6.0,0.375,0.0,False
Luke Babbitt,POR,2012,5.1,2.4,0.4,0.7,13.4,0.41,0.0,False
Renaldo Balkman,NYK,2012,3.0,1.9,0.4,0.4,8.2,0.5,0.0,False
Leandro Barbosa,2TM,2012,11.1,2.0,1.5,1.5,21.6,0.425,0.0,False
Leandro Barbosa,TOR,2012,12.2,1.9,1.5,1.6,22.5,0.436,0.0,False
Leandro Barbosa,IND,2012,8.9,2.2,1.5,1.2,19.8,0.399,0.0,False
J.J. Barea,MIN,2012,11.3,2.8,5.7,2.5,25.2,0.4,0.0,False
Andrea Bargnani,TOR,2012,19.5,5.5,2.0,2.2,33.3,0.432,0.0,False
Matt Barnes,LAL,2012,7.8,5.5,2.0,1.2,22.9,0.452,0.0,False
Earl Barron,GSW,2012,2.0,0.5,0.0,0.0,4.5,0.5,0.0,False
Brandon Bass,BOS,2012,12.5,6.2,0.9,1.1,31.7,0.479,0.0,False
Shane Battier,MIA,2012,4.8,2.4,1.3,0.6,23.1,0.387,0.0,False
Tony Battie,PHI,2012,1.6,2.5,0.6,0.1,10.9,0.373,0.0,False
Nicolas Batum,POR,2012,13.9,4.6,1.4,1.5,30.4,0.451,0.0,False
Jerryd Bayless,TOR,2012,11.4,2.1,3.8,1.7,22.7,0.424,0.0,False
Michael Beasley,MIN,2012,11.5,4.4,1.0,1.7,23.1,0.445,0.0,False
Rodrigue Beaubois,DAL,2012,8.9,2.8,2.9,1.3,21.7,0.422,0.0,False
Marco Belinelli,NOH,2012,11.8,2.6,1.5,1.0,29.8,0.417,0.0,False
Raja Bell,UTA,2012,6.4,1.4,1.1,0.6,23.4,0.466,0.0,False
Keith Benson,GSW,2012,0.0,1.0,0.0,0.0,3.0,0.0,0.0,False
Mike Bibby,NYK,2012,2.6,1.5,2.1,0.5,14.3,0.282,0.0,False
Andris Biedriņš,GSW,2012,1.7,3.7,0.3,0.3,15.7,0.609,0.0,False
Chauncey Billups,LAC,2012,15.0,2.5,4.0,1.9,30.4,0.364,0.0,False
Bismack Biyombo,CHA,2012,5.2,5.8,0.4,1.1,23.1,0.464,0.0,False
DeJuan Blair,SAS,2012,9.5,5.5,1.2,1.4,21.3,0.534,0.0,False
Steve Blake,LAL,2012,5.2,1.6,3.3,1.4,23.3,0.377,0.0,False
Andray Blatche,WAS,2012,8.5,5.8,1.1,1.4,24.1,0.38,0.0,False
Eric Bledsoe,LAC,2012,3.3,1.6,1.7,1.2,11.6,0.389,0.0,False
Keith Bogans,NJN,2012,4.2,2.2,0.6,0.6,18.8,0.381,0.0,False
Andrew Bogut,MIL,2012,11.3,8.3,2.6,2.0,30.3,0.449,0.0,False
Matt Bonner,SAS,2012,6.6,3.3,0.9,0.2,20.4,0.44,0.0,False
Trevor Booker,WAS,2012,8.4,6.5,0.8,1.2,25.2,0.531,0.0,False
Carlos Boozer,CHI,2012,15.0,8.5,1.9,1.7,29.5,0.532,0.0,False
Chris Bosh,MIA,2012,18.0,7.9,1.8,2.1,35.2,0.487,0.0,False
Earl Boykins,HOU,2012,4.9,1.4,2.1,0.9,13.9,0.333,0.0,False
Craig Brackins,PHI,2012,1.6,1.1,0.6,0.3,6.3,0.273,0.0,False
Avery Bradley,BOS,2012,7.6,1.8,1.4,1.2,21.4,0.498,0.0,False
Elton Brand,PHI,2012,11.0,7.2,1.6,1.1,28.9,0.494,0.0,False
Corey Brewer,DEN,2012,8.9,2.5,1.5,0.9,21.8,0.434,0.0,False
Ronnie Brewer,CHI,2012,6.9,3.5,2.1,0.9,24.8,0.427,0.0,False
Jon Brockman,MIL,2012,1.1,2.1,0.3,0.3,6.8,0.333,0.0,False
MarShon Brooks,NJN,2012,12.6,3.6,2.3,2.1,29.4,0.428,0.0,False
Derrick Brown,CHA,2012,8.1,3.6,1.0,0.8,22.2,0.518,0.0,False
Kwame Brown,GSW,2012,6.3,6.3,0.4,1.6,20.8,0.525,0.0,False
Shannon Brown,PHO,2012,11.0,2.7,1.2,1.1,23.7,0.42,0.0,False
Kobe Bryant,LAL,2012,27.9,5.4,4.6,3.5,38.5,0.43,0.0,False
Chase Budinger,HOU,2012,9.6,3.7,1.3,0.9,22.4,0.442,0.0,False
Alec Burks,UTA,2012,7.2,2.2,0.9,0.9,15.9,0.429,0.0,False
Caron Butler,LAC,2012,12.0,3.7,1.2,1.2,29.7,0.407,0.0,False
Jimmy Butler,CHI,2012,2.6,1.3,0.3,0.3,8.5,0.405,0.0,False
Rasual Butler,TOR,2012,3.2,1.9,0.6,0.4,13.3,0.308,0.0,False
Derrick Byars,SAS,2012,5.0,5.5,0.5,0.0,18.5,0.273,0.0,False
Andrew Bynum,LAL,2012,18.7,11.8,1.4,2.5,35.2,0.558,0.0,False
Will Bynum,DET,2012,5.7,1.6,1.8,1.5,14.3,0.381,0.0,False
José Calderón,TOR,2012,10.5,3.0,8.8,2.0,33.9,0.457,0.0,False
Marcus Camby,2TM,2012,4.9,9.0,1.8,1.0,22.9,0.446,0.0,False
Marcus Camby,POR,2012,3.8,8.9,1.9,1.2,22.4,0.416,0.0,False
Marcus Camby,HOU,2012,7.1,9.3,1.7,0.5,24.1,0.484,0.0,False
Brian Cardinal,DAL,2012,1.0,0.8,0.4,0.2,6.3,0.255,0.0,False
DeMarre Carroll,2TM,2012,4.5,2.2,0.8,0.5,14.5,0.41,0.0,False
DeMarre Carroll,DEN,2012,3.0,0.8,0.8,0.5,5.3,1.0,0.0,False
DeMarre Carroll,UTA,2012,4.8,2.5,0.8,0.5,16.4,0.374,0.0,False
Matt Carroll,CHA,2012,2.7,1.1,0.7,0.5,11.2,0.331,0.0,False
Anthony Carter,TOR,2012,2.0,1.4,1.4,0.7,8.7,0.321,0.0,False
Vince Carter,DAL,2012,10.1,3.4,2.3,1.4,25.3,0.411,0.0,False
Omri Casspi,CLE,2012,7.1,3.5,1.0,1.0,20.6,0.403,0.0,False
Mario Chalmers,MIA,2012,9.8,2.7,3.5,2.2,28.5,0.448,0.0,False
Tyson Chandler,NYK,2012,11.3,9.9,0.9,1.6,33.2,0.679,0.0,False
Wilson Chandler,DEN,2012,9.4,5.1,2.1,2.3,26.9,0.392,0.0,False
Josh Childress,PHO,2012,2.9,2.8,1.0,0.3,14.4,0.485,0.0,False
Earl Clark,ORL,2012,2.7,2.8,0.4,0.6,12.4,0.367,0.0,False
Norris Cole,MIA,2012,6.8,1.4,2.0,1.6,19.4,0.393,0.0,False
Darren Collison,IND,2012,10.4,3.1,4.8,1.9,31.3,0.44,0.0,False
Jason Collins,ATL,2012,1.3,1.6,0.3,0.3,10.3,0.4,0.0,False
Nick Collison,OKC,2012,4.5,4.3,1.3,1.0,20.7,0.597,0.0,False
Mike Conley,MEM,2012,12.7,2.5,6.5,2.0,35.1,0.433,0.0,False
Brian Cook,2TM,2012,2.5,2.0,0.3,0.3,8.6,0.316,0.0,False
Brian Cook,LAC,2012,1.9,1.4,0.1,0.3,7.6,0.224,0.0,False
Brian Cook,WAS,2012,3.1,2.5,0.5,0.4,9.7,0.408,0.0,False
Daequan Cook,OKC,2012,5.5,2.1,0.3,0.3,17.4,0.368,0.0,False
DeMarcus Cousins,SAC,2012,18.1,11.0,1.6,2.7,30.5,0.448,0.0,False
Jamal Crawford,POR,2012,14.0,2.0,3.2,1.9,26.9,0.384,0.0,False
Jordan Crawford,WAS,2012,14.7,2.6,3.0,2.2,27.4,0.4,0.0,False
Dante Cunningham,MEM,2012,5.2,3.8,0.6,0.5,17.6,0.516,0.0,False
Eddy Curry,MIA,2012,2.1,0.9,0.1,0.7,5.9,0.462,0.0,False
Stephen Curry,GSW,2012,14.7,3.4,5.3,2.5,28.2,0.49,0.0,False
Samuel Dalembert,HOU,2012,7.5,7.0,0.5,1.3,22.2,0.506,0.0,False
Erick Dampier,ATL,2012,0.1,1.7,0.3,0.2,5.5,0.125,0.0,False
Marquis Daniels,BOS,2012,3.2,1.7,1.2,0.7,12.7,0.364,0.0,False
Baron Davis,NYK,2012,6.1,1.9,4.7,2.6,20.5,0.37,0.0,False
Ed Davis,TOR,2012,6.3,6.6,0.9,1.0,23.2,0.513,0.0,False
Glen Davis,ORL,2012,9.3,5.4,0.8,1.2,23.4,0.421,0.0,False
Josh Davis,MEM,2012,1.9,1.8,0.4,0.2,8.7,0.37,0.0,False
Eric Dawson,SAS,2012,3.8,2.5,0.0,0.8,9.8,0.583,0.0,False
Austin Daye,DET,2012,4.7,2.2,0.8,1.0,14.7,0.322,0.0,False
Carlos Delfino,MIL,2012,9.0,3.9,2.3,1.2,28.5,0.402,0.0,False
Luol Deng,CHI,2012,15.3,6.5,2.9,1.8,39.4,0.412,0.0,False
Justin Dentmon,2TM,2012,4.3,1.3,1.7,1.2,15.2,0.357,0.0,False
Justin Dentmon,SAS,2012,2.0,0.5,0.5,0.5,9.5,0.333,0.0,False
Justin Dentmon,TOR,2012,5.5,1.8,2.3,1.5,18.0,0.364,0.0,False
DeMar DeRozan,TOR,2012,16.7,3.3,2.0,2.0,35.0,0.422,0.0,False
Boris Diaw,2TM,2012,6.4,4.9,3.6,2.0,25.0,0.444,0.0,False
Boris Diaw,CHA,2012,7.4,5.3,4.3,2.3,27.5,0.41,0.0,False
Boris Diaw,SAS,2012,4.7,4.3,2.4,1.4,20.3,0.588,0.0,False
Ike Diogu,SAS,2012,1.0,0.5,0.0,0.5,7.0,0.0,0.0,False
DeSagana Diop,CHA,2012,1.1,3.1,0.9,0.7,12.0,0.357,0.0,False
Keyon Dooling,BOS,2012,4.0,0.8,1.1,0.7,14.4,0.405,0.0,False
Toney Douglas,NYK,2012,6.2,1.9,2.0,1.5,17.3,0.324,0.0,False
Goran Dragić,HOU,2012,11.7,2.5,5.3,2.4,26.5,0.462,0.0,False
Jared Dudley,PHO,2012,12.7,4.6,1.7,1.1,31.1,0.485,0.0,False
Chris Duhon,ORL,2012,3.8,1.6,2.4,1.3,19.5,0.419,0.0,False
Tim Duncan,SAS,2012,15.4,9.0,2.3,1.7,28.2,0.492,0.0,False
Mike Dunleavy,MIL,2012,12.3,3.7,2.1,1.1,26.3,0.474,0.0,False
Kevin Durant,OKC,2012,28.0,8.0,3.5,3.8,38.6,0.496,0.0,False
Jerome Dyson,NOH,2012,7.4,2.1,2.0,2.2,20.0,0.396,0.0,False
Devin Ebanks,LAL,2012,4.0,2.3,0.5,0.8,16.5,0.416,0.0,False
Wayne Ellington,MIN,2012,6.1,1.9,0.6,0.5,19.1,0.404,0.0,False
Monta Ellis,2TM,2012,20.4,3.4,6.0,3.1,36.6,0.433,0.0,False
Monta Ellis,GSW,2012,21.9,3.4,6.0,3.3,36.9,0.433,0.0,False
Monta Ellis,MIL,2012,17.6,3.5,5.9,2.6,36.0,0.432,0.0,False
Francisco Elson,PHI,2012,0.4,0.2,0.2,0.2,3.2,0.333,0.0,False
Andre Emmett,NJN,2012,2.2,1.0,0.2,0.3,7.5,0.571,0.0,False
Semih Erden,CLE,2012,3.5,2.6,0.3,0.6,11.9,0.527,0.0,False
Jeremy Evans,UTA,2012,2.1,1.7,0.4,0.2,7.5,0.643,0.0,False
Maurice Evans,WAS,2012,4.9,1.0,0.4,0.4,14.3,0.402,0.0,False
Reggie Evans,LAC,2012,1.9,4.8,0.3,0.8,13.8,0.472,0.0,False
Tyreke Evans,SAC,2012,16.5,4.6,4.5,2.7,34.3,0.453,0.0,False
Christian Eyenga,2TM,2012,2.4,2.0,0.7,0.4,14.6,0.24,0.0,False
Christian Eyenga,CLE,2012,1.5,2.0,0.7,0.3,13.8,0.158,0.0,False
Christian Eyenga,LAL,2012,8.0,2.0,1.0,1.0,19.0,0.5,0.0,False
Kenneth Faried,DEN,2012,10.2,7.7,0.8,1.2,22.5,0.586,0.0,False
Jordan Farmar,NJN,2012,10.4,1.6,3.3,1.7,21.3,0.467,0.0,False
Derrick Favors,UTA,2012,8.8,6.5,0.7,1.6,21.2,0.499,0.0,False
Raymond Felton,POR,2012,11.4,2.5,6.5,2.8,31.8,0.407,0.0,False
Rudy Fernández,DEN,2012,8.6,2.1,2.4,1.3,22.9,0.44,0.0,False
Kyrylo Fesenko,IND,2012,2.7,3.0,0.3,0.0,5.7,0.4,0.0,False
Landry Fields,NYK,2012,8.8,4.2,2.6,1.5,28.7,0.46,0.0,False
Derek Fisher,2TM,2012,5.6,1.9,2.7,1.2,23.9,0.371,0.0,False
Derek Fisher,LAL,2012,5.9,2.1,3.3,1.3,25.6,0.383,0.0,False
Derek Fisher,OKC,2012,4.9,1.5,1.4,0.8,20.4,0.343,0.0,False
Jonny Flynn,2TM,2012,4.5,1.3,3.3,1.2,14.3,0.351,0.0,False
Jonny Flynn,HOU,2012,3.4,0.7,2.5,0.8,12.3,0.293,0.0,False
Jonny Flynn,POR,2012,5.2,1.7,3.8,1.5,15.6,0.378,0.0,False
Jeff Foote,NOH,2012,1.0,1.5,0.0,0.5,9.8,0.333,0.0,False
Gary Forbes,TOR,2012,6.6,2.1,1.1,1.1,14.9,0.413,0.0,False
T.J. Ford,SAS,2012,3.6,1.3,3.2,1.6,13.6,0.442,0.0,False
Courtney Fortson,2TM,2012,3.5,1.5,1.0,1.0,9.5,0.344,0.0,False
Courtney Fortson,LAC,2012,4.3,2.0,1.3,1.3,11.5,0.417,0.0,False
Courtney Fortson,HOU,2012,3.0,1.2,0.8,0.8,8.2,0.3,0.0,False
Jeff Foster,IND,2012,2.3,3.8,0.4,0.6,12.8,0.5,0.0,False
Randy Foye,LAC,2012,11.0,2.1,2.2,1.1,25.9,0.398,0.0,False
Jimmer Fredette,SAC,2012,7.6,1.2,1.8,1.1,18.6,0.386,0.0,False
Channing Frye,PHO,2012,10.5,5.9,1.4,1.0,26.1,0.416,0.0,False
Dan Gadzuric,NYK,2012,0.0,2.5,0.0,0.5,6.5,0.0,0.0,False
Sundiata Gaines,NJN,2012,5.1,1.9,2.2,0.9,13.9,0.376,0.0,False
Danilo Gallinari,DEN,2012,14.6,4.7,2.7,1.6,31.4,0.414,0.0,False
Francisco García,SAC,2012,4.8,2.0,0.6,0.4,16.3,0.376,0.0,False
Kevin Garnett,BOS,2012,15.8,8.2,2.9,1.8,31.1,0.503,0.0,False
Marc Gasol,MEM,2012,14.6,8.9,3.1,1.9,36.5,0.482,0.0,False
Pau Gasol,LAL,2012,17.4,10.4,3.6,2.2,37.4,0.501,0.0,False
Rudy Gay,MEM,2012,19.0,6.4,2.3,2.5,37.3,0.455,0.0,False
Alonzo Gee,CLE,2012,10.6,5.1,1.8,1.8,29.0,0.412,0.0,False
Paul George,IND,2012,12.1,5.6,2.4,1.8,29.7,0.44,0.0,False
Daniel Gibson,CLE,2012,7.5,2.9,2.2,1.3,26.2,0.351,0.0,False
Taj Gibson,CHI,2012,7.7,5.3,0.7,1.0,20.4,0.495,0.0,False
Manu Ginóbili,SAS,2012,12.9,3.4,4.4,1.9,23.3,0.526,0.0,False
Mickell Gladness,2TM,2012,2.2,2.2,0.2,0.3,9.7,0.424,0.0,False
Mickell Gladness,MIA,2012,0.3,1.4,0.3,0.4,3.5,0.333,0.0,False
Mickell Gladness,GSW,2012,3.0,2.6,0.2,0.2,12.4,0.429,0.0,False
Ryan Gomes,LAC,2012,2.3,1.9,0.4,0.5,13.3,0.326,0.0,False
Drew Gooden,MIL,2012,13.7,6.5,2.6,1.9,26.2,0.437,0.0,False
Ben Gordon,DET,2012,12.5,2.3,2.4,2.2,26.9,0.442,0.0,False
Eric Gordon,NOH,2012,20.6,2.8,3.4,2.7,34.4,0.45,0.0,False
Marcin Gortat,PHO,2012,15.4,10.0,0.9,1.4,32.0,0.555,0.0,False
Andrew Goudelock,LAL,2012,4.4,0.8,0.5,0.5,10.5,0.391,0.0,False
Danny Granger,IND,2012,18.7,5.0,1.8,1.8,33.3,0.416,0.0,False
Aaron Gray,TOR,2012,3.9,5.7,0.6,1.0,16.6,0.516,0.0,False
Danny Green,SAS,2012,9.1,3.5,1.3,1.0,23.1,0.442,0.0,False
Donté Greene,SAC,2012,5.4,2.5,0.6,0.6,14.7,0.406,0.0,False
Gerald Green,NJN,2012,12.9,3.5,1.1,1.8,25.2,0.481,0.0,False
Willie Green,ATL,2012,7.6,1.5,0.8,0.6,17.4,0.471,0.0,False
Blake Griffin,LAC,2012,20.7,10.9,3.2,2.3,36.2,0.549,0.0,False
Hamed Haddadi,MEM,2012,2.0,2.0,0.2,0.6,5.9,0.542,0.0,False
Jordan Hamilton,DEN,2012,4.4,2.4,0.8,0.6,9.9,0.432,0.0,False
Richard Hamilton,CHI,2012,11.6,2.4,3.0,1.8,24.9,0.452,0.0,False
Tyler Hansbrough,IND,2012,9.3,4.4,0.5,1.0,21.8,0.405,0.0,False
Luke Harangody,CLE,2012,2.9,2.5,0.3,0.2,11.0,0.354,0.0,False
James Harden,OKC,2012,16.8,4.1,3.7,2.2,31.4,0.491,0.0,False
Justin Harper,ORL,2012,1.4,0.9,0.1,0.4,6.0,0.29,0.0,False
Josh Harrellson,NYK,2012,4.4,3.9,0.3,0.5,14.6,0.423,0.0,False
Al Harrington,DEN,2012,14.2,6.1,1.4,1.8,27.5,0.446,0.0,False
Devin Harris,UTA,2012,11.3,1.8,5.0,1.9,27.6,0.445,0.0,False
Manny Harris,CLE,2012,6.7,2.7,1.2,1.0,17.5,0.4,0.0,False
Terrel Harris,MIA,2012,3.6,2.3,1.2,1.1,14.5,0.349,0.0,False
Tobias Harris,MIL,2012,5.0,2.4,0.5,0.7,11.4,0.467,0.0,False
Udonis Haslem,MIA,2012,6.0,7.3,0.7,0.9,24.8,0.423,0.0,False
Spencer Hawes,PHI,2012,9.6,7.3,2.6,1.5,24.9,0.489,0.0,False
Chuck Hayes,SAC,2012,3.2,4.3,1.4,0.9,19.2,0.429,0.0,False
Gordon Hayward,UTA,2012,11.8,3.5,3.1,1.7,30.5,0.456,0.0,False
Lazar Hayward,OKC,2012,1.4,0.6,0.2,0.3,5.4,0.342,0.0,False
Brendan Haywood,DAL,2012,5.2,6.0,0.4,0.9,21.2,0.518,0.0,False
Gerald Henderson,CHA,2012,15.1,4.1,2.3,1.8,33.3,0.459,0.0,False
Xavier Henry,NOH,2012,5.3,2.4,0.8,0.8,16.9,0.395,0.0,False
Roy Hibbert,IND,2012,12.8,8.8,1.7,2.0,29.8,0.497,0.0,False
J.J. Hickson,2TM,2012,8.4,6.2,0.8,1.3,23.0,0.467,0.0,False
J.J. Hickson,SAC,2012,4.7,5.1,0.6,1.1,18.4,0.37,0.0,False
J.J. Hickson,POR,2012,15.1,8.3,1.2,1.6,31.6,0.543,0.0,False
Cory Higgins,CHA,2012,3.9,0.9,0.9,1.0,11.1,0.325,0.0,False
Nenê,2TM,2012,13.7,7.5,2.1,2.5,28.5,0.537,0.0,False
Nenê,DEN,2012,13.4,7.4,2.2,2.8,29.5,0.509,0.0,False
Nenê,WAS,2012,14.5,7.5,1.7,1.7,25.8,0.607,0.0,False
George Hill,IND,2012,9.6,3.0,2.9,1.0,25.5,0.442,0.0,False
Grant Hill,PHO,2012,10.2,3.5,2.2,1.3,28.1,0.446,0.0,False
Jordan Hill,2TM,2012,5.0,4.8,0.4,0.8,14.1,0.497,0.0,False
Jordan Hill,HOU,2012,5.0,4.8,0.4,0.8,14.7,0.504,0.0,False
Jordan Hill,LAL,2012,4.7,4.4,0.3,1.0,11.7,0.467,0.0,False
Kirk Hinrich,ATL,2012,6.6,2.1,2.8,1.2,25.8,0.414,0.0,False
Darington Hobson,MIL,2012,0.8,0.6,1.2,0.4,7.8,0.154,0.0,False
Jrue Holiday,PHI,2012,13.5,3.3,4.5,2.1,33.8,0.432,0.0,False
Ryan Hollins,2TM,2012,3.4,2.1,0.2,0.9,13.4,0.548,0.0,False
Ryan Hollins,CLE,2012,3.7,2.3,0.3,1.0,15.1,0.5,0.0,False
Ryan Hollins,BOS,2012,2.8,1.7,0.2,0.7,10.7,0.643,0.0,False
Tyler Honeycutt,SAC,2012,1.3,0.9,0.5,0.1,5.9,0.333,0.0,False
Al Horford,ATL,2012,12.4,7.0,2.2,1.5,31.6,0.553,0.0,False
Dennis Horner,NJN,2012,0.6,0.6,0.0,0.1,2.8,0.25,0.0,False
Dwight Howard,ORL,2012,20.6,14.5,1.9,3.2,38.3,0.573,0.0,False
Josh Howard,UTA,2012,8.7,3.7,1.2,1.2,23.0,0.399,0.0,False
Juwan Howard,MIA,2012,1.5,1.7,0.4,0.7,6.8,0.309,0.0,False
Lester Hudson,2TM,2012,10.9,2.9,2.3,2.0,20.9,0.383,0.0,False
Lester Hudson,CLE,2012,12.7,3.5,2.7,2.3,24.2,0.391,0.0,False
Lester Hudson,MEM,2012,3.0,0.0,0.3,0.7,6.7,0.273,0.0,False
Larry Hughes,ORL,2012,1.3,0.6,0.8,1.3,12.7,0.227,0.0,False
Kris Humphries,NJN,2012,13.8,11.0,1.5,1.9,34.9,0.481,0.0,False
Serge Ibaka,OKC,2012,9.1,7.5,0.4,1.2,27.2,0.535,0.0,False
Andre Iguodala,PHI,2012,12.4,6.1,5.5,1.9,35.6,0.454,0.0,False
Ersan İlyasova,MIL,2012,13.0,8.8,1.2,1.3,27.6,0.492,0.0,False
Kyrie Irving,CLE,2012,18.5,3.7,5.4,3.1,30.5,0.469,0.0,False
Royal Ivey,OKC,2012,2.1,0.7,0.3,0.3,10.4,0.356,0.0,False
Jarrett Jack,NOH,2012,15.6,3.9,6.3,2.4,34.0,0.456,0.0,False
Reggie Jackson,OKC,2012,3.1,1.2,1.6,0.8,11.1,0.321,0.0,False
Stephen Jackson,2TM,2012,9.8,3.5,2.5,2.2,25.8,0.374,0.0,False
Stephen Jackson,MIL,2012,10.5,3.2,3.0,2.5,27.4,0.357,0.0,False
Stephen Jackson,SAS,2012,8.9,3.9,2.0,1.8,23.8,0.405,0.0,False
Damion James,NJN,2012,4.9,4.7,0.4,1.7,24.3,0.371,0.0,False
LeBron James,MIA,2012,27.1,7.9,6.2,3.4,37.5,0.531,0.0,False
Mike James,CHI,2012,4.8,0.9,2.6,1.3,10.9,0.408,0.0,False
Antawn Jamison,CLE,2012,17.2,6.3,2.0,1.4,33.1,0.403,0.0,False
Al Jefferson,UTA,2012,19.2,9.6,2.2,1.0,34.0,0.492,0.0,False
Richard Jefferson,2TM,2012,9.2,3.5,1.4,0.8,27.7,0.416,0.0,False
Richard Jefferson,SAS,2012,9.2,3.5,1.3,0.8,28.5,0.414,0.0,False
Richard Jefferson,GSW,2012,9.0,3.5,1.5,0.8,26.4,0.42,0.0,False
Jared Jeffries,NYK,2012,4.4,3.9,0.7,0.7,18.7,0.41,0.0,False
Charles Jenkins,GSW,2012,5.8,1.3,3.3,1.2,17.5,0.447,0.0,False
Brandon Jennings,MIL,2012,19.1,3.4,5.5,2.2,35.3,0.418,0.0,False
Jonas Jerebko,DET,2012,8.7,4.8,0.7,1.0,22.9,0.468,0.0,False
Yi Jianlian,DAL,2012,2.6,1.6,0.2,0.5,6.8,0.378,0.0,False
Amir Johnson,TOR,2012,7.1,6.4,1.2,1.5,24.3,0.576,0.0,False
Armon Johnson,2TM,2012,5.2,1.4,1.2,0.7,13.8,0.465,0.0,False
Armon Johnson,POR,2012,2.0,1.0,0.0,1.0,5.0,1.0,0.0,False
Armon Johnson,NJN,2012,5.6,1.5,1.4,0.6,14.9,0.452,0.0,False
Carldell Johnson,NOH,2012,1.8,0.6,1.5,0.5,7.9,0.314,0.0,False
Chris Johnson,2TM,2012,2.0,1.5,0.1,0.6,6.5,0.488,0.0,False
Chris Johnson,POR,2012,1.6,0.9,0.1,0.4,4.7,0.478,0.0,False
Chris Johnson,NOH,2012,3.3,3.1,0.1,1.1,11.7,0.5,0.0,False
Ivan Johnson,ATL,2012,6.4,4.0,0.6,1.2,16.7,0.513,0.0,False
James Johnson,TOR,2012,9.1,4.7,2.0,1.6,25.2,0.45,0.0,False
JaJuan Johnson,BOS,2012,3.2,1.6,0.2,0.4,8.3,0.446,0.0,False
Joe Johnson,ATL,2012,18.8,3.7,3.9,1.9,35.5,0.454,0.0,False
Trey Johnson,NOH,2012,1.9,1.1,0.4,0.5,5.5,0.571,0.0,False
Wesley Johnson,MIN,2012,6.0,2.7,0.9,0.9,22.6,0.398,0.0,False
Dahntay Jones,IND,2012,5.3,1.8,1.0,0.7,16.2,0.409,0.0,False
Dominique Jones,DAL,2012,2.7,1.3,1.3,0.8,8.1,0.397,0.0,False
James Jones,MIA,2012,3.6,1.0,0.4,0.2,13.1,0.38,0.0,False
Solomon Jones,2TM,2012,3.2,2.8,0.4,0.9,13.9,0.393,0.0,False
Solomon Jones,LAC,2012,0.6,1.7,0.2,0.5,9.6,0.125,0.0,False
Solomon Jones,NOH,2012,5.5,3.7,0.6,1.2,17.8,0.434,0.0,False
DeAndre Jordan,LAC,2012,7.4,8.3,0.3,1.1,27.2,0.632,0.0,False
Jerome Jordan,NYK,2012,2.0,1.3,0.2,0.1,5.1,0.515,0.0,False
Cory Joseph,SAS,2012,2.0,0.9,1.2,0.4,9.2,0.314,0.0,False
Chris Kaman,NOH,2012,13.1,7.7,2.1,2.7,29.2,0.446,0.0,False
Enes Freedom,UTA,2012,4.6,4.2,0.1,0.8,13.2,0.496,0.0,False
Jason Kapono,LAL,2012,2.0,0.5,0.4,0.2,10.0,0.382,0.0,False
D.J. Kennedy,CLE,2012,6.0,3.5,1.5,1.5,29.5,0.417,0.0,False
Jason Kidd,DAL,2012,6.2,4.1,5.5,1.9,28.7,0.363,0.0,False
Linas Kleiza,TOR,2012,9.7,4.1,0.9,1.3,21.6,0.402,0.0,False
Brandon Knight,DET,2012,12.8,3.2,3.8,2.6,32.3,0.415,0.0,False
Kyle Korver,CHI,2012,8.1,2.4,1.7,0.8,22.6,0.432,0.0,False
Kosta Koufos,DEN,2012,5.5,5.4,0.3,0.7,16.5,0.599,0.0,False
Carl Landry,NOH,2012,12.5,5.2,0.9,1.6,24.4,0.503,0.0,False
Ty Lawson,DEN,2012,16.4,3.7,6.6,2.4,34.8,0.488,0.0,False
Courtney Lee,HOU,2012,11.4,2.7,1.5,1.1,30.3,0.433,0.0,False
David Lee,GSW,2012,20.1,9.6,2.8,2.6,37.2,0.503,0.0,False
Malcolm Lee,MIN,2012,3.3,1.4,1.6,0.9,12.8,0.39,0.0,False
Kawhi Leonard,SAS,2012,7.9,5.1,1.1,0.7,24.0,0.493,0.0,False
Travis Leslie,LAC,2012,1.4,0.9,0.5,0.2,4.5,0.357,0.0,False
Jon Leuer,MIL,2012,4.7,2.6,0.5,0.4,12.1,0.508,0.0,False
Rashard Lewis,WAS,2012,7.8,3.9,1.0,1.1,26.0,0.385,0.0,False
DeAndre Liggins,ORL,2012,1.9,0.9,0.3,0.6,6.8,0.48,0.0,False
Jeremy Lin,NYK,2012,14.6,3.1,6.2,3.6,26.9,0.446,0.0,False
Shaun Livingston,MIL,2012,5.5,2.1,2.1,1.1,18.8,0.469,0.0,False
Brook Lopez,NJN,2012,19.2,3.6,1.2,1.2,27.2,0.494,0.0,False
Robin Lopez,PHO,2012,5.4,3.3,0.3,0.7,14.0,0.461,0.0,False
Kevin Love,MIN,2012,26.0,13.3,2.0,2.3,39.0,0.448,0.0,False
Kyle Lowry,HOU,2012,14.3,4.5,6.6,2.8,32.1,0.409,0.0,False
John Lucas III,CHI,2012,7.5,1.6,2.2,0.9,14.8,0.399,0.0,False
Vernon Macklin,DET,2012,2.0,1.5,0.2,0.1,5.9,0.543,0.0,False
Shelvin Mack,WAS,2012,3.6,1.4,2.0,0.8,12.2,0.4,0.0,False
Corey Maggette,CHA,2012,15.0,3.9,1.2,1.8,27.5,0.373,0.0,False
Jamaal Magloire,TOR,2012,1.2,3.3,0.2,0.6,11.0,0.378,0.0,False
Ian Mahinmi,DAL,2012,5.8,4.7,0.2,0.8,18.7,0.546,0.0,False
Shawn Marion,DAL,2012,10.6,7.4,2.1,1.6,30.5,0.446,0.0,False
Cartier Martin,WAS,2012,9.3,3.4,0.6,0.8,23.0,0.44,0.0,False
Kenyon Martin,LAC,2012,5.2,4.3,0.4,0.8,22.4,0.441,0.0,False
Kevin Martin,HOU,2012,17.1,2.7,2.8,1.8,31.6,0.413,0.0,False
Roger Mason,WAS,2012,5.5,1.3,0.9,0.6,13.4,0.399,0.0,False
Wesley Matthews,POR,2012,13.7,3.4,1.7,1.1,33.8,0.412,0.0,False
Jason Maxiell,DET,2012,6.5,5.1,0.6,1.1,22.6,0.478,0.0,False
Eric Maynor,OKC,2012,4.2,1.4,2.4,1.2,15.2,0.359,0.0,False
O.J. Mayo,MEM,2012,12.6,3.2,2.6,1.9,26.8,0.408,0.0,False
Luc Mbah a Moute,MIL,2012,7.7,5.3,0.7,0.9,23.5,0.51,0.0,False
JaVale McGee,2TM,2012,11.3,7.8,0.5,1.4,25.2,0.556,0.0,False
JaVale McGee,WAS,2012,11.9,8.8,0.6,1.7,27.4,0.535,0.0,False
JaVale McGee,DEN,2012,10.3,5.8,0.3,1.0,20.6,0.612,0.0,False
Tracy McGrady,ATL,2012,5.3,3.0,2.1,1.0,16.1,0.437,0.0,False
Dominic McGuire,GSW,2012,3.5,3.8,1.7,0.9,17.6,0.448,0.0,False
Josh McRoberts,LAL,2012,2.8,3.4,1.0,0.6,14.4,0.475,0.0,False
Jodie Meeks,PHI,2012,8.4,2.4,0.8,0.4,24.9,0.409,0.0,False
C.J. Miles,UTA,2012,9.1,2.1,1.2,0.9,20.4,0.381,0.0,False
Darko Miličić,MIN,2012,4.6,3.3,0.6,1.1,16.3,0.454,0.0,False
Andre Miller,DEN,2012,9.7,3.3,6.7,2.7,27.4,0.438,0.0,False
Brad Miller,MIN,2012,2.3,1.3,1.6,0.8,9.7,0.333,0.0,False
Mike Miller,MIA,2012,6.1,3.3,1.1,0.8,19.3,0.435,0.0,False
Paul Millsap,UTA,2012,16.6,8.8,2.3,1.8,32.8,0.495,0.0,False
Patty Mills,SAS,2012,10.3,1.8,2.4,1.6,16.3,0.485,0.0,False
Nazr Mohammed,OKC,2012,2.7,2.7,0.2,0.4,11.0,0.467,0.0,False
Greg Monroe,DET,2012,15.4,9.7,2.3,2.4,31.5,0.521,0.0,False
Jamario Moon,CHA,2012,2.3,2.8,0.6,1.0,15.4,0.292,0.0,False
E'Twaun Moore,BOS,2012,2.9,0.9,0.9,0.6,8.7,0.381,0.0,False
Mikki Moore,GSW,2012,3.4,3.1,0.7,1.0,16.9,0.45,0.0,False
Darius Morris,LAL,2012,2.4,0.8,1.1,1.0,8.9,0.429,0.0,False
Markieff Morris,PHO,2012,7.4,4.4,1.0,1.1,19.5,0.399,0.0,False
Marcus Morris,HOU,2012,2.4,0.9,0.2,0.2,7.4,0.296,0.0,False
Anthony Morrow,NJN,2012,12.0,2.0,1.0,1.1,26.4,0.413,0.0,False
Timofey Mozgov,DEN,2012,5.4,4.1,0.5,1.2,15.6,0.526,0.0,False
Byron Mullens,CHA,2012,9.3,5.0,0.9,1.1,22.5,0.425,0.0,False
Troy Murphy,LAL,2012,3.2,3.2,0.9,0.4,16.2,0.45,0.0,False
Eduardo Nájera,CHA,2012,2.6,2.3,0.5,0.3,12.3,0.375,0.0,False
Steve Nash,PHO,2012,12.5,3.0,10.7,3.7,31.6,0.532,0.0,False
Hamady N'Diaye,WAS,2012,0.0,0.0,0.0,0.0,1.0,0.0,0.0,False
Gary Neal,SAS,2012,9.9,2.1,2.1,1.1,21.5,0.436,0.0,False
Jameer Nelson,ORL,2012,11.9,3.2,5.7,2.4,29.9,0.427,0.0,False
Joakim Noah,CHI,2012,10.2,9.8,2.5,1.4,30.4,0.508,0.0,False
Andrés Nocioni,PHI,2012,1.5,1.3,0.1,0.5,5.1,0.25,0.0,False
Steve Novak,NYK,2012,8.8,1.9,0.2,0.4,18.9,0.478,0.0,False
Dirk Nowitzki,DAL,2012,21.6,6.7,2.2,1.9,33.5,0.457,0.0,False
Lamar Odom,DAL,2012,6.6,4.2,1.7,1.0,20.5,0.352,0.0,False
Emeka Okafor,NOH,2012,9.9,7.9,0.9,1.4,28.9,0.533,0.0,False
Mehmet Okur,NJN,2012,7.6,4.8,1.8,1.5,26.7,0.374,0.0,False
Jermaine O'Neal,BOS,2012,5.0,5.4,0.4,0.8,22.8,0.433,0.0,False
Daniel Orton,ORL,2012,2.8,2.4,0.3,0.4,11.7,0.567,0.0,False
Travis Outlaw,SAC,2012,4.3,1.6,0.4,0.5,12.8,0.343,0.0,False
Larry Owens,NJN,2012,1.9,1.9,0.6,0.3,10.7,0.364,0.0,False
Zaza Pachulia,ATL,2012,7.8,7.9,1.4,1.4,28.3,0.499,0.0,False
Jannero Pargo,ATL,2012,5.6,1.5,1.9,1.0,13.4,0.415,0.0,False
Jeremy Pargo,MEM,2012,2.9,0.8,1.3,1.0,9.6,0.333,0.0,False
Anthony Parker,CLE,2012,7.2,2.7,2.4,1.0,25.1,0.433,0.0,False
Tony Parker,SAS,2012,18.3,2.9,7.7,2.6,32.1,0.48,0.0,False
Chandler Parsons,HOU,2012,9.5,4.8,2.1,1.3,28.6,0.452,0.0,False
Patrick Patterson,HOU,2012,7.7,4.5,0.8,0.8,23.2,0.44,0.0,False
Chris Paul,LAC,2012,19.8,3.6,9.1,2.1,36.4,0.478,0.0,False
Sasha Pavlović,BOS,2012,2.7,1.6,0.4,0.4,11.7,0.391,0.0,False
Nikola Peković,MIN,2012,13.9,7.4,0.7,1.9,26.9,0.564,0.0,False
Jeff Ayres,IND,2012,1.7,1.7,0.2,0.1,5.3,0.417,0.0,False
Kendrick Perkins,OKC,2012,5.1,6.6,1.2,1.8,26.8,0.489,0.0,False
Johan Petro,NJN,2012,4.2,3.8,0.8,0.6,15.6,0.419,0.0,False
Paul Pierce,BOS,2012,19.4,5.2,4.5,2.8,34.0,0.443,0.0,False
Mickaël Piétrus,BOS,2012,6.9,3.1,0.6,0.8,21.9,0.385,0.0,False
Dexter Pittman,MIA,2012,3.0,2.0,0.3,0.5,8.6,0.468,0.0,False
Quincy Pondexter,MEM,2012,4.2,2.0,0.4,0.5,15.7,0.452,0.0,False
A.J. Price,IND,2012,3.9,1.4,2.0,0.7,12.9,0.339,0.0,False
Ronnie Price,PHO,2012,3.6,1.6,1.9,1.3,14.4,0.377,0.0,False
Tayshaun Prince,DET,2012,12.7,4.5,2.4,1.2,33.1,0.421,0.0,False
Joel Przybilla,POR,2012,2.0,5.1,0.2,0.8,16.6,0.458,0.0,False
Vladimir Radmanović,ATL,2012,4.5,2.9,1.1,0.7,15.4,0.376,0.0,False
Anthony Randolph,MIN,2012,7.4,3.6,0.6,1.2,15.2,0.47,0.0,False
Zach Randolph,MEM,2012,11.6,8.0,1.7,1.4,26.3,0.463,0.0,False
Michael Redd,PHO,2012,8.2,1.5,0.6,0.7,15.1,0.4,0.0,False
JJ Redick,ORL,2012,11.6,2.3,2.5,1.0,27.2,0.425,0.0,False
Ryan Reid,OKC,2012,1.6,0.4,0.0,0.2,3.4,0.8,0.0,False
Jason Richardson,ORL,2012,11.6,3.6,2.0,1.1,29.5,0.408,0.0,False
Quentin Richardson,ORL,2012,4.5,2.6,0.8,0.6,18.0,0.376,0.0,False
Luke Ridnour,MIN,2012,12.1,2.7,4.8,1.8,33.0,0.44,0.0,False
Nate Robinson,GSW,2012,11.2,2.0,4.5,1.5,23.4,0.424,0.0,False
Rajon Rondo,BOS,2012,11.9,4.8,11.7,3.6,36.9,0.448,0.0,False
Derrick Rose,CHI,2012,21.8,3.4,7.9,3.1,35.3,0.435,0.0,False
Ricky Rubio,MIN,2012,10.6,4.2,8.2,3.2,34.2,0.357,0.0,False
Brandon Rush,GSW,2012,9.8,3.9,1.4,1.0,26.4,0.501,0.0,False
Walker Russell,DET,2012,3.0,0.9,2.1,1.2,12.8,0.347,0.0,False
John Salmons,SAC,2012,7.5,2.9,2.0,1.0,27.2,0.409,0.0,False
Samardo Samuels,CLE,2012,5.4,3.3,0.4,1.0,15.3,0.455,0.0,False
Larry Sanders,MIL,2012,3.6,3.1,0.6,0.8,12.4,0.457,0.0,False
Brian Scalabrine,CHI,2012,1.1,0.8,0.5,0.3,4.4,0.467,0.0,False
Luis Scola,HOU,2012,15.5,6.5,2.1,2.3,31.3,0.491,0.0,False
Thabo Sefolosha,OKC,2012,4.8,3.0,1.1,1.0,21.8,0.432,0.0,False
Josh Selby,MEM,2012,2.3,0.5,1.1,1.0,8.5,0.347,0.0,False
Kevin Séraphin,WAS,2012,7.9,4.9,0.6,1.2,20.6,0.531,0.0,False
Ramon Sessions,2TM,2012,11.3,3.3,5.5,2.2,26.7,0.428,0.0,False
Ramon Sessions,CLE,2012,10.5,3.1,5.2,2.0,24.5,0.398,0.0,False
Ramon Sessions,LAL,2012,12.7,3.8,6.2,2.6,30.5,0.479,0.0,False
Iman Shumpert,NYK,2012,9.5,3.2,2.8,1.9,28.9,0.401,0.0,False
Xavier Silas,PHI,2012,5.5,2.0,1.5,1.5,19.5,0.267,0.0,False
Bobby Simmons,LAC,2012,2.9,2.0,0.4,0.4,14.9,0.311,0.0,False
Chris Singleton,WAS,2012,4.6,3.5,0.7,0.6,21.7,0.372,0.0,False
James Singleton,WAS,2012,8.2,6.8,1.3,0.8,21.8,0.547,0.0,False
Brian Skinner,MEM,2012,0.0,0.0,0.0,0.0,4.0,0.0,0.0,False
Donald Sloan,3TM,2012,5.5,2.0,3.2,1.5,20.3,0.399,0.0,False
Donald Sloan,ATL,2012,1.2,1.0,1.0,0.4,4.0,0.375,0.0,False
Donald Sloan,NOH,2012,4.0,1.0,2.7,1.7,13.7,0.357,0.0,False
Donald Sloan,CLE,2012,6.6,2.4,3.7,1.7,24.3,0.403,0.0,False
Craig Smith,POR,2012,3.3,2.3,0.4,0.5,9.9,0.504,0.0,False
Greg Smith,HOU,2012,1.8,2.5,0.1,0.1,8.6,0.636,0.0,False
Ish Smith,2TM,2012,2.8,1.3,1.6,0.5,9.0,0.383,0.0,False
Ish Smith,GSW,2012,4.5,1.5,1.5,0.2,10.5,0.4,0.0,False
Ish Smith,ORL,2012,2.3,1.3,1.6,0.6,8.6,0.373,0.0,False
Jason Smith,NOH,2012,9.9,4.9,0.9,1.0,23.7,0.52,0.0,False
Jerry Smith,NJN,2012,1.4,1.4,0.8,0.0,9.2,0.214,0.0,False
Josh Smith,ATL,2012,18.8,9.6,3.9,2.5,35.3,0.458,0.0,False
J.R. Smith,NYK,2012,12.5,3.9,2.4,1.3,27.6,0.407,0.0,False
Nolan Smith,POR,2012,3.8,1.3,1.4,1.0,12.3,0.372,0.0,False
Marreese Speights,MEM,2012,8.8,6.2,0.8,1.2,22.4,0.453,0.0,False
Tiago Splitter,SAS,2012,9.3,5.2,1.1,1.5,19.0,0.618,0.0,False
Jerry Stackhouse,ATL,2012,3.6,0.8,0.5,0.4,9.1,0.37,0.0,False
Lance Stephenson,IND,2012,2.5,1.3,1.1,0.9,10.5,0.376,0.0,False
DeShawn Stevenson,NJN,2012,2.9,2.0,0.8,0.4,18.8,0.285,0.0,False
Greg Stiemsma,BOS,2012,2.9,3.2,0.5,0.6,13.9,0.545,0.0,False
Julyan Stone,DEN,2012,1.6,1.1,1.7,0.5,8.1,0.419,0.0,False
Amar'e Stoudemire,NYK,2012,17.5,7.8,1.1,2.4,32.8,0.483,0.0,False
Rodney Stuckey,DET,2012,14.8,2.6,3.8,1.9,29.9,0.429,0.0,False
DaJuan Summers,NOH,2012,4.5,1.5,0.7,0.5,13.9,0.431,0.0,False
Jeff Teague,ATL,2012,12.6,2.4,4.9,2.0,33.1,0.476,0.0,False
Sebastian Telfair,PHO,2012,6.1,1.5,2.3,1.1,14.9,0.412,0.0,False
Jason Terry,DAL,2012,15.1,2.4,3.6,2.0,31.7,0.43,0.0,False
Hasheem Thabeet,2TM,2012,1.8,2.1,0.0,0.4,7.0,0.524,0.0,False
Hasheem Thabeet,HOU,2012,1.2,1.4,0.0,0.0,4.6,1.0,0.0,False
Hasheem Thabeet,POR,2012,1.9,2.3,0.0,0.5,7.7,0.444,0.0,False
Isaiah Thomas,SAC,2012,11.5,2.6,4.1,1.6,25.5,0.448,0.0,False
Kurt Thomas,POR,2012,3.0,3.5,0.9,0.6,15.2,0.465,0.0,False
Lance Thomas,NOH,2012,4.0,3.0,0.3,0.6,15.0,0.452,0.0,False
Malcolm Thomas,SAS,2012,0.3,1.0,0.3,0.0,5.0,0.0,0.0,False
Tyrus Thomas,CHA,2012,5.6,3.7,0.6,1.0,18.8,0.367,0.0,False
Jason Thompson,SAC,2012,9.1,6.9,1.2,1.1,25.9,0.535,0.0,False
Klay Thompson,GSW,2012,12.5,2.4,2.0,1.6,24.4,0.443,0.0,False
Mychel Thompson,CLE,2012,3.6,1.0,1.4,1.0,19.0,0.292,0.0,False
Tristan Thompson,CLE,2012,8.2,6.5,0.5,1.4,23.7,0.439,0.0,False
Trey Thompkins,LAC,2012,2.4,1.0,0.1,0.3,5.0,0.393,0.0,False
Marcus Thornton,SAC,2012,18.7,3.7,1.9,1.6,34.9,0.438,0.0,False
Jamaal Tinsley,UTA,2012,3.7,1.2,3.3,1.4,13.7,0.404,0.0,False
Anthony Tolliver,MIN,2012,4.1,3.0,0.4,0.7,17.3,0.39,0.0,False
Ronny Turiaf,2TM,2012,3.0,4.1,0.6,0.8,16.4,0.576,0.0,False
Ronny Turiaf,WAS,2012,1.5,3.0,1.3,1.5,14.5,1.0,0.0,False
Ronny Turiaf,MIA,2012,3.5,4.5,0.4,0.6,17.0,0.533,0.0,False
Hedo Türkoğlu,ORL,2012,10.9,3.8,4.4,2.7,31.2,0.415,0.0,False
Evan Turner,PHI,2012,9.4,5.8,2.8,1.6,26.4,0.446,0.0,False
Jeremy Tyler,GSW,2012,4.9,3.3,0.4,0.9,13.5,0.421,0.0,False
Edwin Ubiles,WAS,2012,3.5,2.5,0.3,0.3,13.0,0.278,0.0,False
Ekpe Udoh,2TM,2012,5.6,4.2,0.9,0.9,21.1,0.431,0.0,False
Ekpe Udoh,GSW,2012,5.5,3.9,0.8,0.9,21.8,0.443,0.0,False
Ekpe Udoh,MIL,2012,5.7,4.7,1.1,0.8,20.1,0.409,0.0,False
Beno Udrih,MIL,2012,5.9,1.7,3.8,1.3,18.3,0.44,0.0,False
Ben Uzoh,2TM,2012,4.5,3.7,3.4,1.1,20.6,0.354,0.0,False
Ben Uzoh,CLE,2012,2.0,2.0,1.0,0.0,6.5,0.4,0.0,False
Ben Uzoh,TOR,2012,4.8,3.9,3.7,1.2,22.3,0.351,0.0,False
Anderson Varejão,CLE,2012,10.8,11.5,1.7,1.8,31.4,0.514,0.0,False
Greivis Vásquez,NOH,2012,8.9,2.6,5.4,2.2,25.8,0.43,0.0,False
Jan Veselý,WAS,2012,4.7,4.4,0.8,1.1,18.9,0.537,0.0,False
Charlie Villanueva,DET,2012,7.0,3.7,0.5,0.5,13.8,0.385,0.0,False
Nikola Vučević,PHI,2012,5.5,4.8,0.6,0.6,15.9,0.45,0.0,False
Dwyane Wade,MIA,2012,22.1,4.8,4.6,2.6,33.2,0.497,0.0,False
Von Wafer,ORL,2012,5.9,1.4,0.9,1.1,14.2,0.452,0.0,False
Henry Walker,NYK,2012,5.9,2.5,1.2,1.1,19.4,0.398,0.0,False
Kemba Walker,CHA,2012,12.1,3.5,4.4,1.8,27.2,0.366,0.0,False
Ben Wallace,DET,2012,1.4,4.3,0.7,0.5,15.8,0.395,0.0,False
Gerald Wallace,2TM,2012,13.8,6.7,2.8,1.9,35.8,0.454,0.0,False
Gerald Wallace,POR,2012,13.3,6.6,2.7,2.0,35.8,0.472,0.0,False
Gerald Wallace,NJN,2012,15.2,6.8,3.1,1.7,35.8,0.416,0.0,False
John Wall,WAS,2012,16.3,4.5,8.0,3.9,36.2,0.423,0.0,False
Luke Walton,2TM,2012,1.8,1.6,1.2,0.9,12.1,0.369,0.0,False
Luke Walton,LAL,2012,1.3,1.6,0.6,0.2,7.2,0.429,0.0,False
Luke Walton,CLE,2012,2.0,1.7,1.4,1.2,14.2,0.353,0.0,False
Hakim Warrick,PHO,2012,6.4,2.6,0.9,1.0,14.4,0.411,0.0,False
Darryl Watkins,NOH,2012,4.6,5.4,0.6,1.6,19.6,0.5,0.0,False
C.J. Watson,CHI,2012,9.7,2.1,4.1,2.0,23.7,0.368,0.0,False
Earl Watson,UTA,2012,3.0,2.4,4.3,1.7,20.7,0.338,0.0,False
Martell Webster,MIN,2012,6.9,3.6,0.9,1.0,24.3,0.423,0.0,False
Russell Westbrook,OKC,2012,23.6,4.6,5.5,3.6,35.3,0.457,0.0,False
David West,IND,2012,12.8,6.6,2.1,1.4,29.2,0.487,0.0,False
Delonte West,DAL,2012,9.6,2.3,3.2,1.7,24.1,0.461,0.0,False
D.J. White,CHA,2012,6.8,3.6,0.8,0.7,18.9,0.493,0.0,False
Hassan Whiteside,SAC,2012,1.6,2.2,0.0,0.3,6.1,0.444,0.0,False
Chris Wilcox,BOS,2012,5.4,4.4,0.4,1.1,17.2,0.598,0.0,False
Damien Wilkins,DET,2012,3.2,1.7,0.7,0.5,15.4,0.394,0.0,False
Deron Williams,NJN,2012,21.0,3.3,8.7,4.0,36.3,0.407,0.0,False
Derrick Williams,MIN,2012,8.8,4.7,0.6,1.2,21.5,0.412,0.0,False
Elliot Williams,POR,2012,3.7,0.8,0.3,0.2,6.2,0.5,0.0,False
Jordan Williams,NJN,2012,4.6,3.6,0.3,0.5,14.8,0.507,0.0,False
Lou Williams,PHI,2012,14.9,2.4,3.5,1.1,26.3,0.407,0.0,False
Mo Williams,LAC,2012,13.2,1.9,3.1,1.7,28.3,0.426,0.0,False
Marvin Williams,ATL,2012,10.2,5.2,1.2,0.7,26.3,0.432,0.0,False
Reggie Williams,CHA,2012,8.3,2.8,1.8,1.0,22.6,0.416,0.0,False
Sean Williams,2TM,2012,3.6,2.3,0.5,0.9,9.7,0.636,0.0,False
Sean Williams,DAL,2012,3.6,1.6,0.3,0.9,8.1,0.75,0.0,False
Sean Williams,BOS,2012,3.7,4.0,1.0,1.0,14.0,0.333,0.0,False
Shelden Williams,NJN,2012,4.6,6.0,0.6,1.1,22.0,0.478,0.0,False
Shawne Williams,NJN,2012,4.5,2.7,0.6,0.5,20.6,0.286,0.0,False
Terrence Williams,2TM,2012,7.1,3.4,2.2,1.4,18.3,0.429,0.0,False
Terrence Williams,HOU,2012,4.5,2.3,0.8,0.8,15.1,0.351,0.0,False
Terrence Williams,SAC,2012,8.8,4.1,3.1,1.8,20.5,0.461,0.0,False
Brandan Wright,DAL,2012,6.9,3.6,0.3,0.4,16.1,0.618,0.0,False
Chris Wright,GSW,2012,2.9,1.9,0.2,0.3,7.8,0.511,0.0,False
Dorell Wright,GSW,2012,10.3,4.6,1.5,0.8,27.0,0.422,0.0,False
Nick Young,2TM,2012,14.2,2.1,0.9,1.3,27.9,0.403,0.0,False
Nick Young,WAS,2012,16.6,2.4,1.2,1.5,30.3,0.406,0.0,False
Nick Young,LAC,2012,9.7,1.6,0.5,1.1,23.5,0.394,0.0,False
Sam Young,2TM,2012,3.3,1.8,0.4,0.5,10.7,0.354,0.0,False
Sam Young,MEM,2012,3.5,2.0,0.4,0.4,11.4,0.386,0.0,False
Sam Young,PHI,2012,2.9,1.5,0.4,0.5,9.6,0.295,0.0,False
Thaddeus Young,PHI,2012,12.8,5.2,1.2,0.9,27.9,0.507,0.0,False
Jeff Adrien,GSW,2011,2.5,2.5,0.4,0.4,8.5,0.426,0.0,False
Arron Afflalo,DEN,2011,12.6,3.6,2.4,1.0,33.7,0.498,0.0,False
Maurice Ager,MIN,2011,3.8,0.5,0.3,1.0,7.3,0.545,0.0,False
Alexis Ajinça,2TM,2011,4.2,2.3,0.3,0.5,10.0,0.444,0.0,False
Alexis Ajinça,DAL,2011,2.9,1.7,0.2,0.1,7.5,0.375,0.0,False
Alexis Ajinça,TOR,2011,4.8,2.5,0.3,0.7,11.0,0.465,0.0,False
Solomon Alabi,TOR,2011,0.5,1.2,0.2,0.3,4.9,0.2,0.0,False
Cole Aldrich,OKC,2011,1.0,1.9,0.2,0.4,7.9,0.533,0.0,False
LaMarcus Aldridge,POR,2011,21.8,8.8,2.1,1.9,39.6,0.5,0.0,False
Malik Allen,ORL,2011,1.3,1.8,0.2,0.2,9.9,0.355,0.0,False
Ray Allen,BOS,2011,16.5,3.4,2.7,1.5,36.1,0.491,0.0,False
Tony Allen,MEM,2011,8.9,2.7,1.4,1.2,20.8,0.51,0.0,False
Al-Farouq Aminu,LAC,2011,5.6,3.3,0.7,1.3,17.9,0.394,0.0,False
Lou Amundson,GSW,2011,4.3,4.0,0.4,0.5,15.0,0.454,0.0,False
Chris Andersen,DEN,2011,5.6,4.9,0.4,0.6,16.3,0.599,0.0,False
David Andersen,2TM,2011,3.4,2.1,0.3,0.6,9.3,0.463,0.0,False
David Andersen,TOR,2011,5.1,3.1,0.6,0.7,13.6,0.489,0.0,False
David Andersen,NOH,2011,2.7,1.7,0.2,0.5,7.7,0.446,0.0,False
James Anderson,SAS,2011,3.6,0.9,0.7,0.5,11.0,0.383,0.0,False
Ryan Anderson,ORL,2011,10.6,5.5,0.8,0.8,22.3,0.43,0.0,False
Carmelo Anthony,2TM,2011,25.6,7.3,2.9,2.7,35.7,0.455,0.0,False
Carmelo Anthony,DEN,2011,25.2,7.6,2.8,2.8,35.5,0.452,0.0,False
Carmelo Anthony,NYK,2011,26.3,6.7,3.0,2.4,36.2,0.461,0.0,False
Joel Anthony,MIA,2011,2.0,3.5,0.3,0.5,19.5,0.535,0.0,False
Gilbert Arenas,2TM,2011,10.8,2.7,3.9,2.5,25.7,0.366,0.0,False
Gilbert Arenas,WAS,2011,17.3,3.3,5.6,3.4,34.6,0.394,0.0,False
Gilbert Arenas,ORL,2011,8.0,2.4,3.2,2.2,21.8,0.344,0.0,False
Trevor Ariza,NOH,2011,11.0,5.4,2.2,1.6,34.7,0.398,0.0,False
Hilton Armstrong,2TM,2011,1.7,2.5,0.3,0.5,9.2,0.487,0.0,False
Hilton Armstrong,WAS,2011,1.9,2.8,0.2,0.6,10.0,0.484,0.0,False
Hilton Armstrong,ATL,2011,1.3,1.4,0.3,0.3,6.3,0.5,0.0,False
Carlos Arroyo,2TM,2011,4.8,1.6,2.0,0.9,18.5,0.44,0.0,False
Carlos Arroyo,MIA,2011,5.6,1.6,2.0,0.9,20.3,0.458,0.0,False
Carlos Arroyo,BOS,2011,2.4,1.5,1.7,1.1,12.7,0.314,0.0,False
Metta World Peace,LAL,2011,8.5,3.3,2.1,1.1,29.4,0.397,0.0,False
Darrell Arthur,MEM,2011,9.1,4.3,0.7,1.1,20.1,0.497,0.0,False
Ömer Aşık,CHI,2011,2.8,3.7,0.4,0.8,12.1,0.553,0.0,False
D.J. Augustin,CHA,2011,14.4,2.7,6.1,1.9,33.6,0.416,0.0,False
Luke Babbitt,POR,2011,1.5,1.3,0.3,0.3,5.7,0.273,0.0,False
Renaldo Balkman,2TM,2011,2.0,0.9,0.3,0.1,7.8,0.462,0.0,False
Renaldo Balkman,DEN,2011,2.6,0.8,0.4,0.0,8.8,0.556,0.0,False
Renaldo Balkman,NYK,2011,1.0,1.0,0.0,0.3,6.0,0.25,0.0,False
Marcus Banks,TOR,2011,2.0,0.3,1.0,0.7,7.3,0.0,0.0,False
Leandro Barbosa,TOR,2011,13.3,1.7,2.1,1.4,24.1,0.45,0.0,False
J.J. Barea,DAL,2011,9.5,2.0,3.9,1.7,20.6,0.439,0.0,False
Andrea Bargnani,TOR,2011,21.4,5.2,1.8,2.3,35.7,0.448,0.0,False
Matt Barnes,LAL,2011,6.7,4.3,1.3,1.1,19.2,0.47,0.0,False
Earl Barron,3TM,2011,3.8,3.6,0.5,0.8,14.5,0.323,0.0,False
Earl Barron,PHO,2011,3.0,3.3,0.3,0.9,15.3,0.235,0.0,False
Earl Barron,MIL,2011,5.1,3.1,0.6,0.3,12.1,0.459,0.0,False
Earl Barron,POR,2011,3.5,7.0,1.5,1.5,18.5,0.273,0.0,False
Brandon Bass,ORL,2011,11.2,5.6,0.8,1.3,26.1,0.515,0.0,False
Shane Battier,2TM,2011,7.6,4.5,2.3,1.0,29.0,0.45,0.0,False
Shane Battier,HOU,2011,8.6,4.8,2.6,1.1,30.8,0.456,0.0,False
Shane Battier,MEM,2011,5.0,4.0,1.4,0.7,24.2,0.426,0.0,False
Tony Battie,PHI,2011,2.6,2.6,0.3,0.3,9.9,0.469,0.0,False
Nicolas Batum,POR,2011,12.4,4.5,1.5,1.0,31.5,0.455,0.0,False
Jerryd Bayless,2TM,2011,9.2,2.3,3.7,1.8,21.1,0.422,0.0,False
Jerryd Bayless,NOH,2011,4.5,1.4,2.5,1.5,13.5,0.347,0.0,False
Jerryd Bayless,TOR,2011,10.0,2.5,4.0,1.8,22.5,0.429,0.0,False
Michael Beasley,MIN,2011,19.2,5.6,2.2,2.7,32.3,0.45,0.0,False
Rodrigue Beaubois,DAL,2011,8.4,1.9,2.3,1.7,17.7,0.422,0.0,False
Marco Belinelli,NOH,2011,10.5,1.9,1.2,1.0,24.5,0.437,0.0,False
Charlie Bell,GSW,2011,1.7,0.9,0.7,0.3,9.0,0.279,0.0,False
Raja Bell,UTA,2011,8.0,2.6,1.7,0.9,30.8,0.409,0.0,False
Mike Bibby,3TM,2011,8.6,2.4,3.3,1.3,28.6,0.431,0.0,False
Mike Bibby,ATL,2011,9.4,2.6,3.6,1.2,29.9,0.435,0.0,False
Mike Bibby,WAS,2011,1.0,1.5,4.0,0.5,14.5,0.111,0.0,False
Mike Bibby,MIA,2011,7.3,2.2,2.5,1.5,26.5,0.437,0.0,False
Andris Biedriņš,GSW,2011,5.0,7.2,1.0,1.0,23.7,0.534,0.0,False
Chauncey Billups,2TM,2011,16.8,2.6,5.4,2.5,32.1,0.427,0.0,False
Chauncey Billups,DEN,2011,16.5,2.5,5.3,2.5,32.3,0.438,0.0,False
Chauncey Billups,NYK,2011,17.5,3.1,5.5,2.3,31.6,0.403,0.0,False
DeJuan Blair,SAS,2011,8.3,7.0,1.0,1.4,21.4,0.501,0.0,False
Steve Blake,LAL,2011,4.0,2.0,2.2,0.9,20.0,0.359,0.0,False
Andray Blatche,WAS,2011,16.8,8.2,2.3,2.7,33.9,0.445,0.0,False
Eric Bledsoe,LAC,2011,6.7,2.8,3.6,2.4,22.7,0.424,0.0,False
Keith Bogans,CHI,2011,4.4,1.8,1.2,0.5,17.8,0.404,0.0,False
Andrew Bogut,MIL,2011,12.8,11.1,2.0,1.9,35.3,0.495,0.0,False
Matt Bonner,SAS,2011,7.3,3.6,0.9,0.4,21.7,0.464,0.0,False
Trevor Booker,WAS,2011,5.3,3.9,0.5,0.6,16.4,0.549,0.0,False
Carlos Boozer,CHI,2011,17.5,9.6,2.5,2.5,31.9,0.51,0.0,False
Chris Bosh,MIA,2011,18.7,8.3,1.9,1.8,36.3,0.496,0.0,False
Earl Boykins,MIL,2011,7.2,1.0,2.5,0.9,15.1,0.443,0.0,False
Craig Brackins,PHI,2011,2.7,1.3,0.3,0.0,11.0,0.25,0.0,False
Avery Bradley,BOS,2011,1.7,0.5,0.4,0.5,5.2,0.343,0.0,False
Elton Brand,PHI,2011,15.0,8.3,1.5,1.2,34.7,0.512,0.0,False
Corey Brewer,2TM,2011,8.0,2.5,1.3,1.3,21.9,0.395,0.0,False
Corey Brewer,MIN,2011,8.6,2.7,1.4,1.4,24.3,0.384,0.0,False
Corey Brewer,DAL,2011,5.3,1.8,0.9,0.8,11.4,0.49,0.0,False
Ronnie Brewer,CHI,2011,6.2,3.2,1.7,0.7,22.0,0.48,0.0,False
Jon Brockman,MIL,2011,2.2,2.9,0.3,0.4,10.7,0.511,0.0,False
Aaron Brooks,2TM,2011,10.7,1.3,3.9,1.7,21.8,0.375,0.0,False
Aaron Brooks,HOU,2011,11.6,1.5,3.8,1.6,23.9,0.346,0.0,False
Aaron Brooks,PHO,2011,9.6,1.1,4.2,1.8,18.9,0.43,0.0,False
Derrick Brown,2TM,2011,3.8,2.0,0.7,0.7,11.8,0.565,0.0,False
Derrick Brown,CHA,2011,3.7,2.0,0.7,0.7,11.9,0.549,0.0,False
Derrick Brown,NYK,2011,4.3,1.9,0.5,0.9,11.0,0.667,0.0,False
Kwame Brown,CHA,2011,7.9,6.8,0.7,1.0,26.0,0.517,0.0,False
Shannon Brown,LAL,2011,8.7,1.9,1.2,0.9,19.1,0.425,0.0,False
Kobe Bryant,LAL,2011,25.3,5.1,4.7,3.0,33.9,0.451,0.0,False
Chase Budinger,HOU,2011,9.8,3.6,1.6,0.9,22.3,0.425,0.0,False
Caron Butler,DAL,2011,15.0,4.1,1.6,1.7,29.9,0.45,0.0,False
Rasual Butler,2TM,2011,4.7,1.6,0.6,0.5,16.4,0.333,0.0,False
Rasual Butler,LAC,2011,5.0,1.9,0.7,0.5,18.1,0.323,0.0,False
Rasual Butler,CHI,2011,2.7,0.2,0.0,0.3,4.3,0.545,0.0,False
Andrew Bynum,LAL,2011,11.3,9.4,1.4,1.4,27.8,0.574,0.0,False
Will Bynum,DET,2011,7.9,1.2,3.2,1.4,18.4,0.448,0.0,False
José Calderón,TOR,2011,9.8,3.0,8.9,2.2,30.9,0.44,0.0,False
Marcus Camby,POR,2011,4.7,10.3,2.1,1.1,26.1,0.398,0.0,False
Derrick Caracter,LAL,2011,2.0,1.0,0.2,0.5,5.2,0.485,0.0,False
Brian Cardinal,DAL,2011,2.6,1.1,0.7,0.3,11.0,0.43,0.0,False
Rodney Carney,2TM,2011,4.7,1.8,0.4,0.6,12.4,0.418,0.0,False
Rodney Carney,GSW,2011,5.0,1.9,0.4,0.6,13.2,0.421,0.0,False
Rodney Carney,MEM,2011,1.0,0.5,0.0,0.0,2.5,0.333,0.0,False
DeMarre Carroll,2TM,2011,0.8,0.7,0.3,0.0,4.2,0.333,0.0,False
DeMarre Carroll,MEM,2011,1.4,1.1,0.3,0.0,5.6,0.444,0.0,False
DeMarre Carroll,HOU,2011,0.0,0.0,0.4,0.0,2.2,0.0,0.0,False
Matt Carroll,CHA,2011,4.4,1.3,0.4,0.4,10.8,0.447,0.0,False
Anthony Carter,2TM,2011,3.3,1.5,2.1,1.2,14.0,0.425,0.0,False
Anthony Carter,DEN,2011,1.9,0.9,1.9,1.0,10.9,0.333,0.0,False
Anthony Carter,NYK,2011,4.4,2.1,2.3,1.3,16.3,0.461,0.0,False
Vince Carter,2TM,2011,14.0,3.8,2.0,1.2,28.1,0.437,0.0,False
Vince Carter,ORL,2011,15.1,4.1,2.9,1.6,30.2,0.47,0.0,False
Vince Carter,PHO,2011,13.5,3.6,1.6,1.1,27.2,0.422,0.0,False
Omri Casspi,SAC,2011,8.6,4.3,1.0,1.0,24.0,0.412,0.0,False
Mario Chalmers,MIA,2011,6.4,2.1,2.5,1.3,22.6,0.399,0.0,False
Tyson Chandler,DAL,2011,10.1,9.4,0.4,1.2,27.8,0.654,0.0,False
Wilson Chandler,2TM,2011,15.3,5.7,1.7,1.4,33.3,0.45,0.0,False
Wilson Chandler,NYK,2011,16.4,5.9,1.7,1.3,34.5,0.461,0.0,False
Wilson Chandler,DEN,2011,12.5,5.0,1.6,1.8,30.6,0.419,0.0,False
Josh Childress,PHO,2011,5.0,2.9,0.8,0.8,16.6,0.565,0.0,False
Earl Clark,2TM,2011,3.9,2.4,0.2,0.7,11.0,0.43,0.0,False
Earl Clark,PHO,2011,3.2,1.9,0.4,0.2,8.0,0.387,0.0,False
Earl Clark,ORL,2011,4.1,2.5,0.2,0.8,11.9,0.441,0.0,False
Darren Collison,IND,2011,13.2,2.8,5.1,2.5,29.9,0.457,0.0,False
Jarron Collins,2TM,2011,0.7,0.9,0.1,0.3,6.5,0.286,0.0,False
Jarron Collins,LAC,2011,0.7,0.7,0.0,0.2,6.8,0.333,0.0,False
Jarron Collins,POR,2011,0.4,1.4,0.2,0.4,4.8,0.167,0.0,False
Jason Collins,ATL,2011,2.0,2.1,0.4,0.5,12.1,0.479,0.0,False
Nick Collison,OKC,2011,4.6,4.5,1.0,0.8,21.5,0.566,0.0,False
Sherron Collins,CHA,2011,0.9,0.3,0.4,0.2,3.3,0.28,0.0,False
Mike Conley,MEM,2011,13.7,3.0,6.5,2.2,35.5,0.444,0.0,False
Brian Cook,LAC,2011,4.8,2.4,0.4,0.6,11.2,0.424,0.0,False
Daequan Cook,OKC,2011,5.6,1.7,0.5,0.4,13.9,0.436,0.0,False
DeMarcus Cousins,SAC,2011,14.1,8.6,2.5,3.3,28.5,0.43,0.0,False
Marcus Cousin,UTA,2011,1.0,0.8,0.0,0.3,4.5,0.667,0.0,False
Jamal Crawford,ATL,2011,14.2,1.7,3.2,1.9,30.2,0.421,0.0,False
Jordan Crawford,2TM,2011,11.7,2.5,2.8,2.0,24.5,0.384,0.0,False
Jordan Crawford,ATL,2011,4.2,1.8,0.9,0.9,10.0,0.351,0.0,False
Jordan Crawford,WAS,2011,16.3,3.0,3.9,2.6,33.3,0.39,0.0,False
Dante Cunningham,2TM,2011,6.2,3.6,0.6,0.7,21.0,0.462,0.0,False
Dante Cunningham,POR,2011,5.1,3.4,0.5,0.6,19.8,0.433,0.0,False
Dante Cunningham,CHA,2011,9.0,4.0,0.6,0.8,24.0,0.508,0.0,False
Stephen Curry,GSW,2011,18.6,3.9,5.8,3.1,33.6,0.48,0.0,False
Samuel Dalembert,SAC,2011,8.1,8.2,0.8,1.7,24.2,0.473,0.0,False
Erick Dampier,MIA,2011,2.5,3.5,0.4,0.6,16.0,0.584,0.0,False
Antonio Daniels,PHI,2011,1.5,1.3,0.5,0.3,8.8,0.4,0.0,False
Marquis Daniels,BOS,2011,5.5,2.3,1.3,0.8,19.1,0.491,0.0,False
Baron Davis,2TM,2011,13.1,2.7,6.7,2.5,28.4,0.417,0.0,False
Baron Davis,LAC,2011,12.8,2.8,7.0,2.5,29.5,0.416,0.0,False
Baron Davis,CLE,2011,13.9,2.4,6.1,2.6,25.3,0.421,0.0,False
Ed Davis,TOR,2011,7.7,7.1,0.6,0.7,24.6,0.576,0.0,False
Glen Davis,BOS,2011,11.7,5.4,1.2,1.1,29.5,0.448,0.0,False
Austin Daye,DET,2011,7.5,3.8,1.1,0.8,20.1,0.41,0.0,False
Carlos Delfino,MIL,2011,11.5,4.1,2.3,1.2,32.4,0.39,0.0,False
Luol Deng,CHI,2011,17.4,5.8,2.8,1.9,39.1,0.46,0.0,False
DeMar DeRozan,TOR,2011,17.2,3.8,1.8,1.8,34.8,0.467,0.0,False
Boris Diaw,CHA,2011,11.3,5.0,4.1,2.0,33.9,0.492,0.0,False
Ike Diogu,LAC,2011,5.8,3.2,0.1,0.6,13.1,0.561,0.0,False
DeSagana Diop,CHA,2011,1.3,2.5,0.4,0.7,11.3,0.333,0.0,False
Keyon Dooling,MIL,2011,7.1,1.5,3.0,1.1,22.0,0.397,0.0,False
Joey Dorsey,TOR,2011,3.1,4.4,0.6,0.9,12.1,0.525,0.0,False
Chris Douglas-Roberts,MIL,2011,7.3,2.0,1.1,0.8,20.1,0.429,0.0,False
Toney Douglas,NYK,2011,10.6,3.0,3.0,1.1,24.3,0.416,0.0,False
Zabian Dowdell,PHO,2011,5.0,0.8,2.1,1.2,12.2,0.408,0.0,False
Goran Dragić,2TM,2011,7.5,2.0,2.9,1.7,17.6,0.435,0.0,False
Goran Dragić,PHO,2011,7.4,1.8,3.1,2.0,17.8,0.421,0.0,False
Goran Dragić,HOU,2011,7.7,2.5,2.5,1.0,17.2,0.472,0.0,False
Jared Dudley,PHO,2011,10.6,3.9,1.3,0.9,26.1,0.477,0.0,False
Chris Duhon,ORL,2011,2.5,1.0,2.3,1.2,15.2,0.38,0.0,False
Tim Duncan,SAS,2011,13.4,8.9,2.7,1.6,28.4,0.5,0.0,False
Mike Dunleavy,IND,2011,11.2,4.5,1.7,1.1,27.6,0.462,0.0,False
Ronald Dupree,TOR,2011,0.7,1.0,0.3,0.0,4.3,0.25,0.0,False
Kevin Durant,OKC,2011,27.7,6.8,2.7,2.8,38.9,0.462,0.0,False
Devin Ebanks,LAL,2011,3.1,1.4,0.1,0.3,5.9,0.412,0.0,False
Wayne Ellington,MIN,2011,6.6,1.7,1.2,0.9,19.0,0.403,0.0,False
Monta Ellis,GSW,2011,24.1,3.5,5.6,3.2,40.3,0.451,0.0,False
Francisco Elson,UTA,2011,2.2,1.9,0.5,0.5,9.8,0.478,0.0,False
Melvin Ely,DEN,2011,2.3,2.5,0.5,0.5,12.2,0.549,0.0,False
Semih Erden,2TM,2011,4.0,2.9,0.5,0.8,14.5,0.559,0.0,False
Semih Erden,BOS,2011,4.1,2.9,0.5,0.9,14.4,0.598,0.0,False
Semih Erden,CLE,2011,3.3,2.8,0.3,0.5,16.0,0.286,0.0,False
Jeremy Evans,UTA,2011,3.6,2.0,0.5,0.4,9.4,0.661,0.0,False
Maurice Evans,2TM,2011,6.3,2.1,0.6,0.5,21.2,0.417,0.0,False
Maurice Evans,ATL,2011,4.5,1.8,0.6,0.3,17.8,0.393,0.0,False
Maurice Evans,WAS,2011,9.7,2.8,0.6,0.7,27.4,0.439,0.0,False
Reggie Evans,TOR,2011,4.4,11.5,1.3,1.3,26.6,0.408,0.0,False
Tyreke Evans,SAC,2011,17.8,4.8,5.6,3.2,37.0,0.409,0.0,False
Patrick Ewing,NOH,2011,0.4,0.3,0.3,0.1,2.7,0.0,0.0,False
Christian Eyenga,CLE,2011,6.9,2.8,0.8,1.1,21.5,0.425,0.0,False
Jordan Farmar,NJN,2011,9.6,2.4,5.0,1.9,24.6,0.392,0.0,False
Derrick Favors,2TM,2011,6.8,5.3,0.5,1.0,19.7,0.517,0.0,False
Derrick Favors,NJN,2011,6.3,5.3,0.4,1.0,19.5,0.511,0.0,False
Derrick Favors,UTA,2011,8.2,5.2,0.8,1.0,20.2,0.529,0.0,False
Raymond Felton,2TM,2011,15.5,3.6,8.3,2.9,36.5,0.425,0.0,False
Raymond Felton,NYK,2011,17.1,3.6,9.0,3.3,38.4,0.423,0.0,False
Raymond Felton,DEN,2011,11.5,3.6,6.5,2.1,31.6,0.431,0.0,False
Rudy Fernández,POR,2011,8.6,2.2,2.5,1.1,23.3,0.37,0.0,False
Kyrylo Fesenko,UTA,2011,2.0,2.0,0.3,0.5,8.6,0.44,0.0,False
Landry Fields,NYK,2011,9.7,6.4,1.9,1.3,31.0,0.497,0.0,False
Derek Fisher,LAL,2011,6.8,1.9,2.7,0.9,28.0,0.389,0.0,False
Jonny Flynn,MIN,2011,5.3,1.5,3.4,2.1,18.5,0.365,0.0,False
Gary Forbes,DEN,2011,5.2,1.8,0.8,0.7,12.6,0.454,0.0,False
T.J. Ford,IND,2011,5.4,2.0,3.4,1.5,18.9,0.386,0.0,False
Jeff Foster,IND,2011,3.3,6.3,0.8,0.5,16.8,0.479,0.0,False
Randy Foye,LAC,2011,9.8,1.6,2.7,1.5,24.6,0.388,0.0,False
Channing Frye,PHO,2011,12.7,6.7,1.2,0.9,33.0,0.432,0.0,False
Dan Gadzuric,2TM,2011,2.8,3.2,0.3,0.7,11.0,0.419,0.0,False
Dan Gadzuric,GSW,2011,2.8,3.1,0.4,0.8,10.6,0.42,0.0,False
Dan Gadzuric,NJN,2011,2.8,3.5,0.2,0.6,11.9,0.415,0.0,False
Sundiata Gaines,3TM,2011,4.6,1.6,1.8,1.1,12.5,0.4,0.0,False
Sundiata Gaines,MIN,2011,2.6,0.8,0.8,0.8,8.1,0.318,0.0,False
Sundiata Gaines,TOR,2011,5.8,1.3,1.8,1.3,15.0,0.429,0.0,False
Sundiata Gaines,NJN,2011,5.5,2.4,2.5,1.3,14.6,0.417,0.0,False
Danilo Gallinari,2TM,2011,15.6,4.9,1.7,1.3,33.9,0.414,0.0,False
Danilo Gallinari,NYK,2011,15.9,4.8,1.7,1.2,34.8,0.415,0.0,False
Danilo Gallinari,DEN,2011,14.7,5.4,1.6,1.8,30.9,0.412,0.0,False
Francisco García,SAC,2011,9.7,2.3,1.2,0.8,23.9,0.436,0.0,False
Kevin Garnett,BOS,2011,14.9,8.9,2.4,1.6,31.3,0.528,0.0,False
Marc Gasol,MEM,2011,11.7,7.0,2.5,1.8,31.9,0.527,0.0,False
Pau Gasol,LAL,2011,18.8,10.2,3.3,1.7,37.0,0.529,0.0,False
Rudy Gay,MEM,2011,19.8,6.2,2.8,2.5,39.9,0.471,0.0,False
Alonzo Gee,3TM,2011,5.9,3.3,0.7,1.0,20.0,0.458,0.0,False
Alonzo Gee,SAS,2011,0.4,0.6,0.0,0.6,3.6,0.333,0.0,False
Alonzo Gee,WAS,2011,2.9,2.0,0.5,0.7,11.5,0.444,0.0,False
Alonzo Gee,CLE,2011,7.4,3.9,0.8,1.1,24.3,0.462,0.0,False
Paul George,IND,2011,7.8,3.7,1.1,1.1,20.7,0.453,0.0,False
Daniel Gibson,CLE,2011,11.6,2.6,3.0,1.2,27.8,0.4,0.0,False
Taj Gibson,CHI,2011,7.1,5.7,0.7,0.9,21.8,0.466,0.0,False
Manu Ginóbili,SAS,2011,17.4,3.7,4.9,2.2,30.3,0.433,0.0,False
Ryan Gomes,LAC,2011,7.2,3.3,1.6,0.7,27.6,0.41,0.0,False
Drew Gooden,MIL,2011,11.3,6.8,1.3,1.3,24.6,0.431,0.0,False
Ben Gordon,DET,2011,11.2,2.4,2.1,1.7,26.0,0.44,0.0,False
Eric Gordon,LAC,2011,22.3,2.9,4.4,2.7,37.7,0.45,0.0,False
Marcin Gortat,2TM,2011,10.2,7.9,0.9,1.0,25.4,0.561,0.0,False
Marcin Gortat,ORL,2011,4.0,4.7,0.7,0.7,15.8,0.543,0.0,False
Marcin Gortat,PHO,2011,13.0,9.3,1.0,1.2,29.7,0.563,0.0,False
Joey Graham,CLE,2011,5.2,2.2,0.5,0.7,15.0,0.458,0.0,False
Stephen Graham,NJN,2011,3.4,2.1,0.7,0.6,16.3,0.405,0.0,False
Danny Granger,IND,2011,20.5,5.4,2.6,2.6,35.0,0.425,0.0,False
Aaron Gray,NOH,2011,3.1,4.2,0.4,0.8,13.0,0.566,0.0,False
Danny Green,SAS,2011,5.1,1.9,0.3,0.6,11.5,0.486,0.0,False
Donté Greene,SAC,2011,5.8,2.1,0.7,0.9,16.3,0.404,0.0,False
Jeff Green,2TM,2011,13.3,4.8,1.4,1.3,32.4,0.449,0.0,False
Jeff Green,OKC,2011,15.2,5.6,1.8,1.6,37.0,0.437,0.0,False
Jeff Green,BOS,2011,9.8,3.3,0.7,0.9,23.5,0.485,0.0,False
Orien Greene,NJN,2011,1.0,0.0,0.3,0.0,1.7,0.5,0.0,False
Willie Green,NOH,2011,8.7,2.1,1.0,0.9,21.7,0.443,0.0,False
Blake Griffin,LAC,2011,22.5,12.1,3.8,2.7,38.0,0.506,0.0,False
Hamed Haddadi,MEM,2011,2.4,2.2,0.2,0.4,5.4,0.517,0.0,False
Richard Hamilton,DET,2011,14.1,2.3,3.1,1.6,27.2,0.429,0.0,False
Tyler Hansbrough,IND,2011,11.0,5.2,0.6,1.1,21.9,0.465,0.0,False
Luke Harangody,2TM,2011,3.9,2.9,0.6,0.3,13.1,0.383,0.0,False
Luke Harangody,BOS,2011,2.3,2.0,0.4,0.2,8.6,0.394,0.0,False
Luke Harangody,CLE,2011,6.2,4.2,1.0,0.5,19.0,0.378,0.0,False
James Harden,OKC,2011,12.2,3.1,2.1,1.3,26.7,0.436,0.0,False
Al Harrington,DEN,2011,10.5,4.5,1.4,1.5,22.8,0.416,0.0,False
Devin Harris,2TM,2011,15.2,2.4,7.1,2.9,31.7,0.422,0.0,False
Devin Harris,NJN,2011,15.0,2.4,7.6,2.9,31.9,0.425,0.0,False
Devin Harris,UTA,2011,15.8,2.4,5.4,2.9,31.2,0.413,0.0,False
Manny Harris,CLE,2011,5.9,2.6,1.6,1.2,17.3,0.374,0.0,False
Mike Harris,HOU,2011,2.0,1.3,0.3,0.3,4.0,0.5,0.0,False
Udonis Haslem,MIA,2011,8.0,8.2,0.5,1.1,26.5,0.512,0.0,False
Spencer Hawes,PHI,2011,7.2,5.7,1.5,1.2,21.2,0.465,0.0,False
Chuck Hayes,HOU,2011,7.9,8.1,2.7,1.2,28.1,0.527,0.0,False
Gordon Hayward,UTA,2011,5.4,1.9,1.1,1.0,16.9,0.485,0.0,False
Lazar Hayward,MIN,2011,3.8,1.7,0.7,0.5,10.0,0.357,0.0,False
Brendan Haywood,DAL,2011,4.4,5.2,0.3,0.7,18.5,0.574,0.0,False
Luther Head,SAC,2011,5.6,1.7,1.9,0.9,16.3,0.415,0.0,False
Gerald Henderson,CHA,2011,9.6,3.0,1.5,0.9,24.4,0.454,0.0,False
Xavier Henry,MEM,2011,4.3,1.0,0.5,0.3,13.9,0.406,0.0,False
Roy Hibbert,IND,2011,12.7,7.5,2.0,2.3,27.7,0.461,0.0,False
J.J. Hickson,CLE,2011,13.8,8.7,1.1,2.2,28.2,0.458,0.0,False
Nenê,DEN,2011,14.5,7.6,2.0,1.8,30.5,0.615,0.0,False
George Hill,SAS,2011,11.6,2.6,2.5,1.3,28.3,0.453,0.0,False
Grant Hill,PHO,2011,13.2,4.2,2.5,1.7,30.1,0.484,0.0,False
Jordan Hill,HOU,2011,5.6,4.3,0.4,0.9,15.6,0.491,0.0,False
Kirk Hinrich,2TM,2011,10.2,2.5,4.0,1.7,30.0,0.446,0.0,False
Kirk Hinrich,WAS,2011,11.1,2.7,4.4,1.8,30.6,0.452,0.0,False
Kirk Hinrich,ATL,2011,8.6,2.2,3.3,1.5,28.6,0.432,0.0,False
Jrue Holiday,PHI,2011,14.0,4.0,6.5,2.7,35.4,0.446,0.0,False
Ryan Hollins,CLE,2011,5.3,2.7,0.4,1.0,16.9,0.598,0.0,False
Al Horford,ATL,2011,15.3,9.3,3.5,1.5,35.1,0.557,0.0,False
Eddie House,MIA,2011,6.5,1.6,1.1,0.5,17.5,0.399,0.0,False
Dwight Howard,ORL,2011,22.9,14.1,1.4,3.6,37.6,0.593,0.0,False
Josh Howard,WAS,2011,8.4,4.1,1.3,1.1,22.7,0.358,0.0,False
Juwan Howard,MIA,2011,2.4,2.1,0.4,0.4,10.4,0.44,0.0,False
Lester Hudson,WAS,2011,1.6,0.5,1.5,0.6,6.6,0.25,0.0,False
Kris Humphries,NJN,2011,10.0,10.4,1.1,1.4,27.9,0.527,0.0,False
Serge Ibaka,OKC,2011,9.9,7.6,0.3,0.9,27.0,0.543,0.0,False
Andre Iguodala,PHI,2011,14.1,5.8,6.3,2.1,36.9,0.445,0.0,False
Zydrunas Ilgauskas,MIA,2011,5.0,4.0,0.4,0.7,15.9,0.508,0.0,False
Ersan İlyasova,MIL,2011,9.5,6.1,0.9,1.1,25.1,0.436,0.0,False
Royal Ivey,OKC,2011,1.6,0.6,0.3,0.2,6.2,0.421,0.0,False
Jarrett Jack,2TM,2011,8.9,2.1,2.9,1.3,20.7,0.408,0.0,False
Jarrett Jack,TOR,2011,10.8,3.2,4.5,2.6,26.7,0.393,0.0,False
Jarrett Jack,NOH,2011,8.5,1.9,2.6,1.1,19.6,0.412,0.0,False
Darnell Jackson,SAC,2011,3.2,1.6,0.2,0.4,8.2,0.487,0.0,False
Stephen Jackson,CHA,2011,18.5,4.5,3.6,3.1,35.9,0.411,0.0,False
Damion James,NJN,2011,4.4,3.4,0.8,1.0,16.1,0.447,0.0,False
LeBron James,MIA,2011,26.7,7.5,7.0,3.6,38.8,0.51,0.0,False
Antawn Jamison,CLE,2011,18.0,6.7,1.7,1.4,32.9,0.427,0.0,False
Al Jefferson,UTA,2011,18.6,9.7,1.8,1.3,35.9,0.496,0.0,False
Othyus Jeffers,2TM,2011,5.5,3.9,1.2,0.8,18.9,0.477,0.0,False
Othyus Jeffers,SAS,2011,2.0,2.0,1.0,1.0,8.0,0.333,0.0,False
Othyus Jeffers,WAS,2011,5.7,4.1,1.2,0.8,19.6,0.484,0.0,False
Richard Jefferson,SAS,2011,11.0,3.8,1.3,1.1,30.4,0.474,0.0,False
Jared Jeffries,2TM,2011,1.8,2.8,0.9,0.5,14.3,0.349,0.0,False
Jared Jeffries,HOU,2011,1.5,1.9,0.6,0.2,7.7,0.306,0.0,False
Jared Jeffries,NYK,2011,2.0,3.4,1.0,0.7,19.3,0.38,0.0,False
Brandon Jennings,MIL,2011,16.2,3.7,4.8,2.3,34.4,0.39,0.0,False
Eugene Jeter,SAC,2011,4.1,1.1,2.6,0.8,13.8,0.409,0.0,False
Yi Jianlian,WAS,2011,5.6,3.9,0.4,0.8,17.7,0.418,0.0,False
Amir Johnson,TOR,2011,9.6,6.4,1.1,1.0,25.7,0.568,0.0,False
Armon Johnson,POR,2011,2.9,0.9,1.2,1.0,7.3,0.455,0.0,False
Chris Johnson,2TM,2011,2.4,2.3,0.2,0.7,9.9,0.429,0.0,False
Chris Johnson,POR,2011,2.7,2.7,0.2,0.8,10.6,0.389,0.0,False
Chris Johnson,BOS,2011,1.5,1.3,0.3,0.5,8.0,0.667,0.0,False
James Johnson,2TM,2011,7.1,3.7,2.3,1.7,21.6,0.456,0.0,False
James Johnson,CHI,2011,3.2,1.8,1.1,1.4,9.5,0.415,0.0,False
James Johnson,TOR,2011,9.2,4.7,3.0,1.8,28.0,0.464,0.0,False
Joe Johnson,ATL,2011,18.2,4.0,4.7,2.0,35.5,0.443,0.0,False
Trey Johnson,2TM,2011,4.3,0.9,1.4,0.6,11.8,0.364,0.0,False
Trey Johnson,TOR,2011,4.0,1.0,1.6,0.7,11.6,0.333,0.0,False
Trey Johnson,LAL,2011,6.0,0.0,0.0,0.0,13.0,0.667,0.0,False
Wesley Johnson,MIN,2011,9.0,3.0,1.9,1.2,26.2,0.397,0.0,False
Dahntay Jones,IND,2011,6.3,1.4,0.7,0.7,13.1,0.467,0.0,False
Dominique Jones,DAL,2011,2.3,1.4,1.1,0.6,7.5,0.311,0.0,False
James Jones,MIA,2011,5.9,2.0,0.5,0.3,19.1,0.422,0.0,False
Solomon Jones,IND,2011,3.6,2.9,0.8,0.9,13.5,0.405,0.0,False
DeAndre Jordan,LAC,2011,7.1,7.2,0.5,1.3,25.6,0.686,0.0,False
Chris Kaman,LAC,2011,12.4,7.0,1.4,1.8,26.2,0.471,0.0,False
Jason Kapono,PHI,2011,0.7,0.5,0.2,0.1,4.7,0.25,0.0,False
Jason Kidd,DAL,2011,7.9,4.4,8.2,2.2,33.2,0.361,0.0,False
Andrei Kirilenko,UTA,2011,11.7,5.1,3.0,1.8,31.2,0.467,0.0,False
Linas Kleiza,TOR,2011,11.2,4.5,1.0,1.7,26.5,0.438,0.0,False
Kyle Korver,CHI,2011,8.3,1.8,1.5,0.7,20.1,0.434,0.0,False
Kosta Koufos,2TM,2011,3.2,2.6,0.1,0.6,8.7,0.453,0.0,False
Kosta Koufos,MIN,2011,2.7,2.5,0.2,0.6,8.6,0.435,0.0,False
Kosta Koufos,DEN,2011,4.9,3.0,0.0,0.5,8.9,0.5,0.0,False
Nenad Krstić,2TM,2011,8.1,4.7,0.4,0.8,22.1,0.511,0.0,False
Nenad Krstić,OKC,2011,7.6,4.4,0.4,0.7,21.7,0.498,0.0,False
Nenad Krstić,BOS,2011,9.1,5.3,0.3,1.0,23.0,0.537,0.0,False
Carl Landry,2TM,2011,11.9,4.6,0.8,1.4,26.4,0.502,0.0,False
Carl Landry,SAC,2011,11.9,4.8,0.9,1.5,26.5,0.492,0.0,False
Carl Landry,NOH,2011,11.8,4.1,0.6,1.2,26.2,0.527,0.0,False
Acie Law,2TM,2011,4.2,1.2,1.6,0.8,14.2,0.435,0.0,False
Acie Law,MEM,2011,1.1,1.0,1.3,0.9,8.5,0.158,0.0,False
Acie Law,GSW,2011,5.1,1.3,1.8,0.8,15.8,0.467,0.0,False
Gani Lawal,PHO,2011,0.0,0.0,0.0,0.0,2.0,,0.0,False
Ty Lawson,DEN,2011,11.7,2.6,4.7,1.7,26.3,0.503,0.0,False
Courtney Lee,HOU,2011,8.3,2.6,1.2,0.8,21.3,0.439,0.0,False
David Lee,GSW,2011,16.5,9.8,3.2,2.3,36.1,0.507,0.0,False
Rashard Lewis,2TM,2011,11.7,5.1,1.6,1.5,32.0,0.433,0.0,False
Rashard Lewis,ORL,2011,12.2,4.2,1.2,1.4,32.4,0.419,0.0,False
Rashard Lewis,WAS,2011,11.4,5.8,2.0,1.6,31.7,0.446,0.0,False
Jeremy Lin,GSW,2011,2.6,1.2,1.4,0.6,9.8,0.389,0.0,False
Shaun Livingston,CHA,2011,6.6,2.0,2.2,1.2,17.3,0.466,0.0,False
Brook Lopez,NJN,2011,20.4,6.0,1.6,2.1,35.2,0.492,0.0,False
Robin Lopez,PHO,2011,6.4,3.2,0.1,0.7,14.8,0.501,0.0,False
Kevin Love,MIN,2011,20.2,15.2,2.5,2.1,35.8,0.47,0.0,False
Kyle Lowry,HOU,2011,13.5,4.1,6.7,2.1,34.2,0.426,0.0,False
John Lucas III,CHI,2011,1.0,0.0,0.5,0.0,5.0,0.333,0.0,False
Corey Maggette,MIL,2011,12.0,3.6,1.3,1.9,20.9,0.453,0.0,False
Jamaal Magloire,MIA,2011,1.9,3.4,0.2,0.3,8.8,0.591,0.0,False
Ian Mahinmi,DAL,2011,3.1,2.1,0.1,0.4,8.7,0.561,0.0,False
Shawn Marion,DAL,2011,12.5,6.9,1.4,1.6,28.2,0.52,0.0,False
Sean Marks,POR,2011,1.6,1.4,0.1,0.4,7.2,0.432,0.0,False
Cartier Martin,WAS,2011,4.0,1.4,0.3,0.3,10.4,0.39,0.0,False
Kenyon Martin,DEN,2011,8.6,6.2,2.3,1.2,25.7,0.511,0.0,False
Kevin Martin,HOU,2011,23.5,3.2,2.5,2.3,32.5,0.436,0.0,False
Roger Mason,NYK,2011,2.9,1.7,0.8,0.2,12.3,0.338,0.0,False
Wesley Matthews,POR,2011,15.9,3.1,2.0,1.7,33.6,0.449,0.0,False
Jason Maxiell,DET,2011,4.2,3.0,0.3,0.8,16.3,0.492,0.0,False
Eric Maynor,OKC,2011,4.2,1.5,2.9,0.9,14.6,0.402,0.0,False
O.J. Mayo,MEM,2011,11.3,2.4,2.0,1.4,26.3,0.407,0.0,False
Luc Mbah a Moute,MIL,2011,6.7,5.3,0.9,1.0,26.5,0.463,0.0,False
D.J. Mbenga,NOH,2011,1.4,2.1,0.1,0.5,8.0,0.469,0.0,False
Antonio McDyess,SAS,2011,5.3,5.4,1.2,1.0,19.0,0.491,0.0,False
JaVale McGee,WAS,2011,10.1,8.0,0.5,1.3,27.8,0.55,0.0,False
Tracy McGrady,DET,2011,8.0,3.5,3.5,1.4,23.4,0.442,0.0,False
Dominic McGuire,CHA,2011,3.3,3.8,0.8,0.5,14.6,0.396,0.0,False
Josh McRoberts,IND,2011,7.4,5.3,2.1,1.3,22.2,0.547,0.0,False
Jodie Meeks,PHI,2011,10.5,2.3,1.1,0.8,27.9,0.425,0.0,False
Pops Mensah-Bonsu,NOH,2011,0.3,1.6,0.3,0.3,5.0,0.333,0.0,False
C.J. Miles,UTA,2011,12.8,3.3,1.7,1.2,25.2,0.407,0.0,False
Darko Miličić,MIN,2011,8.8,5.2,1.5,2.2,24.4,0.469,0.0,False
Andre Miller,POR,2011,12.7,3.7,7.0,2.4,32.7,0.46,0.0,False
Brad Miller,HOU,2011,6.4,3.7,2.4,0.9,16.9,0.446,0.0,False
Mike Miller,MIA,2011,5.6,4.5,1.2,1.0,20.4,0.401,0.0,False
Paul Millsap,UTA,2011,17.3,7.6,2.5,1.9,34.3,0.531,0.0,False
Patty Mills,POR,2011,5.5,0.8,1.7,1.0,12.2,0.412,0.0,False
Yao Ming,HOU,2011,10.2,5.4,0.8,1.4,18.2,0.486,0.0,False
Nazr Mohammed,2TM,2011,7.1,4.9,0.3,0.9,17.1,0.522,0.0,False
Nazr Mohammed,CHA,2011,7.3,4.9,0.3,1.0,16.7,0.502,0.0,False
Nazr Mohammed,OKC,2011,6.9,4.8,0.3,0.8,17.9,0.573,0.0,False
Greg Monroe,DET,2011,9.4,7.5,1.3,1.0,27.8,0.551,0.0,False
Jamario Moon,2TM,2011,4.3,2.8,0.9,0.4,17.7,0.407,0.0,False
Jamario Moon,CLE,2011,4.7,3.0,1.1,0.4,19.1,0.402,0.0,False
Jamario Moon,LAC,2011,3.5,2.5,0.4,0.3,14.6,0.424,0.0,False
Anthony Morrow,NJN,2011,13.2,3.0,1.2,0.9,32.0,0.45,0.0,False
Timofey Mozgov,2TM,2011,3.6,2.7,0.3,0.8,11.6,0.474,0.0,False
Timofey Mozgov,NYK,2011,4.0,3.1,0.4,0.9,13.5,0.464,0.0,False
Timofey Mozgov,DEN,2011,2.5,1.5,0.0,0.3,6.0,0.524,0.0,False
Byron Mullens,OKC,2011,1.9,1.8,0.0,0.6,6.5,0.321,0.0,False
Troy Murphy,2TM,2011,3.1,3.2,0.7,0.6,13.3,0.368,0.0,False
Troy Murphy,NJN,2011,3.6,4.2,0.9,0.7,16.0,0.342,0.0,False
Troy Murphy,BOS,2011,2.6,2.2,0.4,0.4,10.5,0.421,0.0,False
Eduardo Nájera,CHA,2011,2.2,1.4,0.6,0.4,12.0,0.361,0.0,False
Steve Nash,PHO,2011,14.7,3.5,11.4,3.5,33.3,0.492,0.0,False
Hamady N'Diaye,WAS,2011,0.9,0.4,0.0,0.2,5.0,0.8,0.0,False
Gary Neal,SAS,2011,9.8,2.5,1.2,1.0,21.1,0.451,0.0,False
Jameer Nelson,ORL,2011,13.1,3.0,6.0,2.6,30.5,0.446,0.0,False
Joakim Noah,CHI,2011,11.7,10.4,2.2,1.9,32.8,0.525,0.0,False
Andrés Nocioni,PHI,2011,6.1,3.1,0.8,0.9,17.2,0.426,0.0,False
Steve Novak,2TM,2011,3.5,0.9,0.1,0.1,7.2,0.522,0.0,False
Steve Novak,DAL,2011,1.6,0.7,0.0,0.0,2.6,0.5,0.0,False
Steve Novak,SAS,2011,4.0,1.0,0.1,0.2,8.6,0.525,0.0,False
Dirk Nowitzki,DAL,2011,23.0,7.0,2.6,1.9,34.3,0.517,0.0,False
Fabricio Oberto,POR,2011,1.4,1.4,0.0,0.6,9.0,0.6,0.0,False
Lamar Odom,LAL,2011,14.4,8.7,3.0,1.7,32.2,0.53,0.0,False
Emeka Okafor,NOH,2011,10.3,9.5,0.6,1.7,31.8,0.573,0.0,False
Mehmet Okur,UTA,2011,4.9,2.3,1.5,0.5,12.9,0.355,0.0,False
Jermaine O'Neal,BOS,2011,5.4,3.7,0.5,1.1,18.0,0.459,0.0,False
Shaquille O'Neal,BOS,2011,9.2,4.8,0.7,1.5,20.3,0.667,0.0,False
Travis Outlaw,NJN,2011,9.2,4.0,1.0,0.9,28.8,0.375,0.0,False
Larry Owens,2TM,2011,3.3,1.3,0.7,0.4,11.9,0.469,0.0,False
Larry Owens,SAS,2011,1.3,0.6,0.1,0.0,4.4,0.5,0.0,False
Larry Owens,WAS,2011,6.2,2.2,1.4,1.0,22.4,0.462,0.0,False
Zaza Pachulia,ATL,2011,4.4,4.2,0.7,0.9,15.7,0.461,0.0,False
Anthony Parker,CLE,2011,8.3,3.0,3.0,1.1,29.0,0.399,0.0,False
Tony Parker,SAS,2011,17.5,3.1,6.6,2.6,32.4,0.519,0.0,False
Patrick Patterson,HOU,2011,6.3,3.8,0.8,0.6,16.7,0.558,0.0,False
Chris Paul,NOH,2011,15.9,4.1,9.8,2.2,36.0,0.463,0.0,False
Sasha Pavlović,3TM,2011,2.5,1.0,0.5,0.4,11.7,0.403,0.0,False
Sasha Pavlović,DAL,2011,4.1,1.2,0.7,0.5,16.3,0.429,0.0,False
Sasha Pavlović,NOH,2011,1.0,1.5,1.5,0.3,12.5,0.182,0.0,False
Sasha Pavlović,BOS,2011,1.8,0.8,0.2,0.4,8.8,0.462,0.0,False
Nikola Peković,MIN,2011,5.5,3.0,0.4,1.4,13.6,0.517,0.0,False
Kendrick Perkins,2TM,2011,6.0,8.0,0.9,1.9,25.6,0.515,0.0,False
Kendrick Perkins,BOS,2011,7.3,8.1,0.8,2.1,26.1,0.542,0.0,False
Kendrick Perkins,OKC,2011,5.1,7.9,0.9,1.8,25.2,0.493,0.0,False
Morris Peterson,OKC,2011,1.0,0.8,0.3,0.0,5.8,0.4,0.0,False
Johan Petro,NJN,2011,3.5,2.8,0.6,0.6,11.6,0.445,0.0,False
Paul Pierce,BOS,2011,18.9,5.4,3.3,2.1,34.7,0.497,0.0,False
Mickaël Piétrus,2TM,2011,7.2,2.2,0.6,0.7,19.4,0.392,0.0,False
Mickaël Piétrus,ORL,2011,6.7,2.6,0.5,0.7,22.0,0.391,0.0,False
Mickaël Piétrus,PHO,2011,7.4,2.0,0.6,0.7,18.1,0.392,0.0,False
Dexter Pittman,MIA,2011,1.0,1.5,0.0,1.0,5.5,0.333,0.0,False
Quincy Pondexter,NOH,2011,2.8,1.3,0.4,0.2,11.1,0.406,0.0,False
James Posey,IND,2011,4.9,3.0,0.7,0.5,17.1,0.336,0.0,False
Leon Powe,2TM,2011,5.3,2.1,0.2,0.4,10.9,0.496,0.0,False
Leon Powe,CLE,2011,5.0,2.7,0.1,0.4,13.4,0.492,0.0,False
Leon Powe,MEM,2011,5.5,1.6,0.3,0.4,8.8,0.5,0.0,False
Josh Powell,ATL,2011,4.1,2.5,0.4,1.0,12.1,0.452,0.0,False
A.J. Price,IND,2011,6.5,1.4,2.2,1.1,15.9,0.356,0.0,False
Ronnie Price,UTA,2011,3.3,1.0,0.9,0.9,12.2,0.352,0.0,False
Tayshaun Prince,DET,2011,14.1,4.2,2.8,1.1,32.8,0.473,0.0,False
Joel Przybilla,2TM,2011,1.8,4.0,0.4,0.8,14.4,0.568,0.0,False
Joel Przybilla,POR,2011,1.8,3.9,0.4,0.7,14.4,0.618,0.0,False
Joel Przybilla,CHA,2011,1.8,4.8,0.0,1.4,14.8,0.4,0.0,False
Chris Quinn,SAS,2011,2.0,0.6,1.0,0.3,7.1,0.363,0.0,False
Vladimir Radmanović,GSW,2011,5.1,2.9,1.1,0.8,15.8,0.431,0.0,False
Anthony Randolph,2TM,2011,7.6,4.0,0.8,1.3,14.8,0.466,0.0,False
Anthony Randolph,NYK,2011,2.1,2.4,0.4,0.6,7.5,0.311,0.0,False
Anthony Randolph,MIN,2011,11.7,5.2,1.1,1.9,20.1,0.498,0.0,False
Zach Randolph,MEM,2011,20.1,12.2,2.2,2.0,36.3,0.503,0.0,False
Theo Ratliff,LAL,2011,0.2,1.3,0.3,0.3,7.1,0.167,0.0,False
Andy Rautins,NYK,2011,1.6,0.2,0.6,1.4,4.8,0.429,0.0,False
Michael Redd,MIL,2011,4.4,0.8,1.2,0.4,13.4,0.4,0.0,False
JJ Redick,ORL,2011,10.1,1.9,1.7,0.9,25.6,0.441,0.0,False
Jason Richardson,2TM,2011,15.6,4.1,1.8,1.2,33.9,0.447,0.0,False
Jason Richardson,PHO,2011,19.3,4.4,1.4,1.2,31.8,0.47,0.0,False
Jason Richardson,ORL,2011,13.9,4.0,2.0,1.2,34.9,0.433,0.0,False
Quentin Richardson,ORL,2011,4.4,3.1,0.7,0.6,16.8,0.341,0.0,False
Luke Ridnour,MIN,2011,11.8,2.8,5.4,2.2,30.4,0.468,0.0,False
Nate Robinson,2TM,2011,6.8,1.5,1.9,1.2,17.2,0.399,0.0,False
Nate Robinson,BOS,2011,7.1,1.6,1.9,1.2,17.9,0.404,0.0,False
Nate Robinson,OKC,2011,3.3,0.3,1.5,0.5,7.5,0.267,0.0,False
Rajon Rondo,BOS,2011,10.6,4.4,11.2,3.4,37.2,0.475,0.0,False
Derrick Rose,CHI,2011,25.0,4.1,7.7,3.4,37.4,0.445,0.0,False
Quinton Ross,NJN,2011,1.6,0.8,0.3,0.2,9.8,0.441,0.0,False
Brandon Roy,POR,2011,12.2,2.6,2.7,1.2,27.9,0.4,0.0,False
Brandon Rush,IND,2011,9.1,3.2,0.9,1.0,26.2,0.421,0.0,False
John Salmons,MIL,2011,14.0,3.6,3.5,1.9,35.0,0.415,0.0,False
Samardo Samuels,CLE,2011,7.8,4.3,0.5,1.4,18.9,0.456,0.0,False
Larry Sanders,MIL,2011,4.3,3.0,0.3,0.6,14.5,0.433,0.0,False
Brian Scalabrine,CHI,2011,1.1,0.4,0.3,0.3,4.9,0.526,0.0,False
Luis Scola,HOU,2011,18.3,8.2,2.5,2.0,32.6,0.504,0.0,False
Thabo Sefolosha,OKC,2011,5.1,4.4,1.4,0.7,25.9,0.471,0.0,False
Kevin Séraphin,WAS,2011,2.7,2.6,0.2,0.7,10.9,0.449,0.0,False
Ramon Sessions,CLE,2011,13.3,3.1,5.2,2.2,26.3,0.466,0.0,False
Mustafa Shakur,WAS,2011,2.3,1.0,1.1,0.8,7.2,0.356,0.0,False
Garret Siler,PHO,2011,2.1,1.3,0.1,0.5,4.8,0.548,0.0,False
Bobby Simmons,SAS,2011,0.0,0.0,1.0,0.0,8.0,0.0,0.0,False
Brian Skinner,MIL,2011,0.0,0.0,0.0,0.0,3.0,,0.0,False
Craig Smith,LAC,2011,5.4,2.4,0.6,0.7,12.2,0.553,0.0,False
Ish Smith,2TM,2011,2.3,1.1,1.8,0.8,10.3,0.374,0.0,False
Ish Smith,HOU,2011,2.6,1.5,2.3,0.9,11.8,0.386,0.0,False
Ish Smith,MEM,2011,1.8,0.3,1.0,0.5,7.5,0.344,0.0,False
Jason Smith,NOH,2011,4.3,3.1,0.5,0.7,14.3,0.443,0.0,False
Joe Smith,2TM,2011,0.5,1.3,0.3,0.3,4.3,0.188,0.0,False
Joe Smith,NJN,2011,0.5,0.8,0.3,0.5,6.3,0.25,0.0,False
Joe Smith,LAL,2011,0.5,1.5,0.3,0.3,3.7,0.167,0.0,False
Josh Smith,ATL,2011,16.5,8.5,3.3,2.6,34.4,0.477,0.0,False
J.R. Smith,DEN,2011,12.3,4.1,2.2,1.3,24.9,0.435,0.0,False
Darius Songaila,PHI,2011,1.6,1.0,0.2,0.4,7.1,0.467,0.0,False
Marreese Speights,PHI,2011,5.4,3.3,0.5,0.6,11.5,0.495,0.0,False
Tiago Splitter,SAS,2011,4.6,3.4,0.4,0.5,12.3,0.529,0.0,False
Jerry Stackhouse,MIA,2011,1.7,1.0,0.4,0.3,7.1,0.25,0.0,False
Lance Stephenson,IND,2011,3.1,1.5,1.8,1.3,9.6,0.333,0.0,False
DeShawn Stevenson,DAL,2011,5.3,1.5,1.1,0.6,16.1,0.388,0.0,False
Peja Stojaković,3TM,2011,8.5,2.3,0.9,0.5,18.7,0.441,0.0,False
Peja Stojaković,NOH,2011,7.5,1.0,1.0,0.7,14.8,0.424,0.0,False
Peja Stojaković,TOR,2011,10.0,1.5,0.5,1.0,11.0,0.7,0.0,False
Peja Stojaković,DAL,2011,8.6,2.6,0.9,0.4,20.2,0.429,0.0,False
Amar'e Stoudemire,NYK,2011,25.3,8.2,2.6,3.2,36.8,0.502,0.0,False
Rodney Stuckey,DET,2011,15.5,3.1,5.2,2.2,31.2,0.439,0.0,False
DaJuan Summers,DET,2011,3.4,0.5,0.1,0.6,9.0,0.406,0.0,False
Pape Sy,ATL,2011,2.3,1.0,0.7,1.0,7.0,0.333,0.0,False
Jermaine Taylor,2TM,2011,6.6,1.8,0.9,1.4,14.2,0.48,0.0,False
Jermaine Taylor,HOU,2011,4.9,1.1,0.3,0.8,9.6,0.5,0.0,False
Jermaine Taylor,SAC,2011,7.1,2.0,1.2,1.5,15.6,0.476,0.0,False
Jeff Teague,ATL,2011,5.2,1.5,2.0,0.9,13.8,0.438,0.0,False
Sebastian Telfair,MIN,2011,7.2,1.5,3.0,1.7,19.2,0.402,0.0,False
Garrett Temple,3TM,2011,2.4,1.0,1.3,1.0,9.6,0.294,0.0,False
Garrett Temple,SAS,2011,0.7,0.7,0.7,0.3,7.0,0.2,0.0,False
Garrett Temple,MIL,2011,1.9,0.7,0.7,0.2,9.2,0.333,0.0,False
Garrett Temple,CHA,2011,3.2,1.3,2.0,1.7,10.5,0.286,0.0,False
Jason Terry,DAL,2011,15.8,1.9,4.1,2.0,31.3,0.451,0.0,False
Hasheem Thabeet,2TM,2011,1.1,1.6,0.1,0.4,7.9,0.425,0.0,False
Hasheem Thabeet,MEM,2011,1.2,1.7,0.1,0.4,8.2,0.436,0.0,False
Hasheem Thabeet,HOU,2011,0.0,0.0,0.0,0.0,2.0,0.0,0.0,False
Etan Thomas,ATL,2011,2.5,1.8,0.2,0.4,6.3,0.476,0.0,False
Kurt Thomas,CHI,2011,4.1,5.8,1.2,0.8,22.7,0.511,0.0,False
Tyrus Thomas,CHA,2011,10.2,5.5,0.7,1.6,21.0,0.471,0.0,False
Jason Thompson,SAC,2011,8.8,6.1,1.2,1.3,23.3,0.507,0.0,False
Al Thornton,2TM,2011,7.4,3.0,0.9,0.9,19.5,0.476,0.0,False
Al Thornton,WAS,2011,8.0,3.2,1.0,0.9,21.8,0.471,0.0,False
Al Thornton,GSW,2011,6.0,2.6,0.5,0.9,14.3,0.49,0.0,False
Marcus Thornton,2TM,2011,12.8,3.5,1.8,1.3,24.3,0.434,0.0,False
Marcus Thornton,NOH,2011,7.8,2.8,0.9,0.8,16.2,0.41,0.0,False
Marcus Thornton,SAC,2011,21.3,4.7,3.4,2.1,38.1,0.45,0.0,False
Anthony Tolliver,MIN,2011,6.7,4.5,1.3,0.8,21.0,0.45,0.0,False
Ronny Turiaf,NYK,2011,4.2,3.2,1.4,0.6,17.8,0.632,0.0,False
Hedo Türkoğlu,2TM,2011,10.8,4.4,4.2,1.6,31.4,0.446,0.0,False
Hedo Türkoğlu,PHO,2011,9.5,4.0,2.3,1.2,25.2,0.44,0.0,False
Hedo Türkoğlu,ORL,2011,11.4,4.6,5.1,1.8,34.1,0.448,0.0,False
Evan Turner,PHI,2011,7.2,3.9,2.0,1.0,23.0,0.425,0.0,False
Ekpe Udoh,GSW,2011,4.1,3.1,0.7,0.8,17.8,0.437,0.0,False
Ime Udoka,SAS,2011,0.7,1.0,0.7,0.3,6.5,0.238,0.0,False
Beno Udrih,SAC,2011,13.7,3.4,4.9,1.8,34.6,0.5,0.0,False
Ben Uzoh,NJN,2011,3.8,1.5,1.6,0.6,10.4,0.424,0.0,False
Anderson Varejão,CLE,2011,9.1,9.7,1.5,1.3,32.1,0.528,0.0,False
Greivis Vásquez,MEM,2011,3.6,1.0,2.2,1.0,12.3,0.408,0.0,False
Charlie Villanueva,DET,2011,11.1,3.9,0.6,0.9,21.9,0.442,0.0,False
Sasha Vujačić,2TM,2011,9.8,2.8,2.0,1.0,24.6,0.402,0.0,False
Sasha Vujačić,LAL,2011,1.8,0.4,0.5,0.5,4.9,0.348,0.0,False
Sasha Vujačić,NJN,2011,11.4,3.3,2.3,1.1,28.5,0.404,0.0,False
Dwyane Wade,MIA,2011,25.5,6.4,4.6,3.1,37.1,0.5,0.0,False
Von Wafer,BOS,2011,3.2,0.8,0.6,0.3,9.5,0.421,0.0,False
Henry Walker,NYK,2011,4.9,2.0,0.6,0.6,12.9,0.441,0.0,False
Ben Wallace,DET,2011,2.9,6.5,1.3,0.8,22.9,0.45,0.0,False
Gerald Wallace,2TM,2011,15.7,8.0,2.4,2.1,37.9,0.454,0.0,False
Gerald Wallace,CHA,2011,15.6,8.2,2.4,2.1,39.0,0.433,0.0,False
Gerald Wallace,POR,2011,15.8,7.6,2.5,2.3,35.7,0.498,0.0,False
John Wall,WAS,2011,16.4,4.6,8.3,3.8,37.8,0.409,0.0,False
Luke Walton,LAL,2011,1.7,1.2,1.1,0.6,9.0,0.328,0.0,False
Willie Warren,LAC,2011,1.9,0.6,1.4,0.4,7.1,0.371,0.0,False
Hakim Warrick,PHO,2011,8.4,3.7,0.9,1.0,17.7,0.511,0.0,False
C.J. Watson,CHI,2011,4.9,1.1,2.3,0.9,13.3,0.371,0.0,False
Earl Watson,UTA,2011,4.3,2.3,3.5,1.5,19.6,0.41,0.0,False
Kyle Weaver,UTA,2011,5.6,2.0,1.4,1.4,13.8,0.36,0.0,False
Martell Webster,MIN,2011,9.8,3.2,1.2,1.3,23.8,0.447,0.0,False
Sonny Weems,TOR,2011,9.2,2.6,1.8,1.5,23.9,0.444,0.0,False
Russell Westbrook,OKC,2011,21.9,4.6,8.2,3.9,34.7,0.442,0.0,False
David West,NOH,2011,18.9,7.6,2.3,2.0,35.0,0.508,0.0,False
Delonte West,BOS,2011,5.6,1.5,2.7,1.3,18.9,0.458,0.0,False
Mario West,NJN,2011,3.7,1.8,1.7,0.3,19.3,0.429,0.0,False
D.J. White,2TM,2011,5.7,3.4,0.4,0.3,14.6,0.507,0.0,False
D.J. White,OKC,2011,2.8,2.3,0.2,0.3,9.5,0.462,0.0,False
D.J. White,CHA,2011,8.5,4.4,0.6,0.3,19.4,0.526,0.0,False
Hassan Whiteside,SAC,2011,0.0,0.0,0.0,0.0,2.0,,0.0,False
Chris Wilcox,DET,2011,7.4,4.8,0.8,0.8,17.5,0.581,0.0,False
Damien Wilkins,ATL,2011,3.5,1.7,0.8,0.4,13.0,0.504,0.0,False
Deron Williams,2TM,2011,20.1,4.0,10.3,3.5,37.9,0.439,0.0,False
Deron Williams,UTA,2011,21.3,3.9,9.7,3.5,37.9,0.458,0.0,False
Deron Williams,NJN,2011,15.0,4.6,12.8,3.6,38.0,0.349,0.0,False
Jason Williams,2TM,2011,2.0,1.1,1.9,0.7,10.9,0.328,0.0,False
Jason Williams,ORL,2011,2.1,1.4,1.5,0.7,10.7,0.342,0.0,False
Jason Williams,MEM,2011,1.9,0.7,2.5,0.6,11.3,0.31,0.0,False
Jawad Williams,CLE,2011,4.0,1.8,0.8,0.6,15.0,0.325,0.0,False
Lou Williams,PHI,2011,13.7,2.0,3.4,1.4,23.3,0.406,0.0,False
Mo Williams,2TM,2011,14.0,2.6,6.6,2.9,30.8,0.399,0.0,False
Mo Williams,CLE,2011,13.3,2.7,7.1,2.9,29.6,0.385,0.0,False
Mo Williams,LAC,2011,15.2,2.5,5.6,3.0,32.9,0.422,0.0,False
Marvin Williams,ATL,2011,10.4,4.8,1.4,1.0,28.7,0.458,0.0,False
Reggie Williams,GSW,2011,9.2,2.7,1.5,0.7,20.3,0.469,0.0,False
Shelden Williams,2TM,2011,4.5,4.6,0.5,0.7,15.4,0.468,0.0,False
Shelden Williams,DEN,2011,4.7,5.3,0.5,0.9,17.0,0.453,0.0,False
Shelden Williams,NYK,2011,3.9,2.9,0.8,0.4,11.6,0.538,0.0,False
Shawne Williams,NYK,2011,7.1,3.7,0.7,0.7,20.7,0.426,0.0,False
Terrence Williams,2TM,2011,5.0,2.4,1.8,1.6,13.8,0.374,0.0,False
Terrence Williams,NJN,2011,6.7,3.6,3.1,2.5,20.6,0.397,0.0,False
Terrence Williams,HOU,2011,3.5,1.4,0.6,0.7,7.6,0.333,0.0,False
Antoine Wright,SAC,2011,0.3,0.4,0.0,0.1,4.4,0.125,0.0,False
Brandan Wright,2TM,2011,3.8,2.4,0.3,0.4,10.2,0.513,0.0,False
Brandan Wright,GSW,2011,4.0,2.0,0.2,0.5,9.3,0.603,0.0,False
Brandan Wright,NJN,2011,3.6,3.0,0.4,0.3,11.5,0.407,0.0,False
Dorell Wright,GSW,2011,16.4,5.3,3.0,1.6,38.4,0.423,0.0,False
Julian Wright,TOR,2011,3.6,2.3,1.1,0.8,14.7,0.513,0.0,False
Nick Young,WAS,2011,17.4,2.7,1.2,1.4,31.8,0.441,0.0,False
Sam Young,MEM,2011,7.3,2.4,0.9,0.8,20.2,0.472,0.0,False
Thaddeus Young,PHI,2011,12.7,5.3,1.0,1.2,26.0,0.541,0.0,False
Arron Afflalo,DEN,2010,8.8,3.1,1.7,0.9,27.1,0.465,0.0,False
Alexis Ajinça,CHA,2010,1.7,0.7,0.0,0.3,5.0,0.5,0.0,False
LaMarcus Aldridge,POR,2010,17.9,8.0,2.1,1.3,37.5,0.495,0.0,False
Joe Alexander,CHI,2010,0.5,0.6,0.3,0.0,3.6,0.167,0.0,False
Malik Allen,DEN,2010,2.1,1.6,0.3,0.4,8.9,0.397,0.0,False
Ray Allen,BOS,2010,16.3,3.2,2.6,1.6,35.2,0.477,0.0,False
Tony Allen,BOS,2010,6.1,2.7,1.3,1.2,16.5,0.51,0.0,False
Rafer Alston,2TM,2010,8.2,2.5,3.4,1.8,27.3,0.348,0.0,False
Rafer Alston,NJN,2010,9.7,2.8,3.9,2.3,28.4,0.343,0.0,False
Rafer Alston,MIA,2010,6.6,2.2,2.9,1.4,26.2,0.355,0.0,False
Lou Amundson,PHO,2010,4.7,4.4,0.4,0.7,14.8,0.551,0.0,False
Antonio Anderson,OKC,2010,2.0,1.0,0.0,1.0,15.0,0.333,0.0,False
Chris Andersen,DEN,2010,5.9,6.4,0.4,0.8,22.3,0.566,0.0,False
David Andersen,HOU,2010,5.8,3.3,0.7,0.6,14.1,0.432,0.0,False
Ryan Anderson,ORL,2010,7.7,3.2,0.6,0.9,14.5,0.436,0.0,False
Carmelo Anthony,DEN,2010,28.2,6.6,3.2,3.0,38.2,0.458,0.0,False
Joel Anthony,MIA,2010,2.7,3.1,0.2,0.6,16.5,0.478,0.0,False
Gilbert Arenas,WAS,2010,22.6,4.2,7.2,3.7,36.5,0.411,0.0,False
Trevor Ariza,HOU,2010,14.9,5.6,3.8,2.2,36.5,0.394,0.0,False
Hilton Armstrong,3TM,2010,2.2,2.5,0.6,0.7,10.2,0.354,0.0,False
Hilton Armstrong,NOH,2010,2.8,3.4,0.9,0.7,13.3,0.38,0.0,False
Hilton Armstrong,SAC,2010,1.7,2.3,0.3,0.7,9.3,0.333,0.0,False
Hilton Armstrong,HOU,2010,1.1,0.7,0.3,0.6,4.4,0.294,0.0,False
Carlos Arroyo,MIA,2010,6.1,1.8,3.1,0.8,22.0,0.475,0.0,False
Metta World Peace,LAL,2010,11.0,4.3,3.0,1.6,33.8,0.414,0.0,False
Darrell Arthur,MEM,2010,4.5,3.4,0.5,0.7,14.3,0.432,0.0,False
Chucky Atkins,DET,2010,4.0,0.7,2.3,0.8,16.1,0.363,0.0,False
D.J. Augustin,CHA,2010,6.4,1.2,2.4,0.9,18.4,0.386,0.0,False
Kelenna Azubuike,GSW,2010,13.9,4.6,1.1,0.8,25.7,0.545,0.0,False
Renaldo Balkman,DEN,2010,1.1,1.8,0.5,0.5,7.0,0.333,0.0,False
Marcus Banks,TOR,2010,5.0,1.0,1.2,0.9,11.1,0.534,0.0,False
Leandro Barbosa,PHO,2010,9.5,1.6,1.5,1.0,17.9,0.425,0.0,False
J.J. Barea,DAL,2010,7.6,1.9,3.3,1.3,19.8,0.44,0.0,False
Andrea Bargnani,TOR,2010,17.2,6.2,1.2,1.5,35.0,0.47,0.0,False
Matt Barnes,ORL,2010,8.8,5.5,1.7,1.4,25.9,0.487,0.0,False
Earl Barron,NYK,2010,11.7,11.0,1.1,1.6,33.1,0.441,0.0,False
Brandon Bass,ORL,2010,5.8,2.5,0.4,0.6,13.0,0.511,0.0,False
Shane Battier,HOU,2010,8.0,4.7,2.4,1.0,32.4,0.398,0.0,False
Tony Battie,NJN,2010,2.4,1.5,0.2,0.2,8.9,0.35,0.0,False
Nicolas Batum,POR,2010,10.1,3.8,1.2,0.7,24.8,0.519,0.0,False
Jerryd Bayless,POR,2010,8.5,1.6,2.3,1.3,17.6,0.414,0.0,False
Michael Beasley,MIA,2010,14.8,6.4,1.3,1.7,29.8,0.45,0.0,False
Rodrigue Beaubois,DAL,2010,7.1,1.4,1.3,1.0,12.5,0.518,0.0,False
Marco Belinelli,TOR,2010,7.1,1.4,1.3,0.9,17.0,0.406,0.0,False
Charlie Bell,MIL,2010,6.5,1.9,1.5,0.8,22.7,0.381,0.0,False
Raja Bell,2TM,2010,11.8,3.8,2.2,0.8,30.0,0.459,0.0,False
Raja Bell,CHA,2010,12.0,4.2,2.0,1.0,31.4,0.436,0.0,False
Raja Bell,GSW,2010,11.0,2.0,3.0,0.0,23.0,0.667,0.0,False
Jonathan Bender,NYK,2010,4.7,2.1,0.6,1.1,11.7,0.4,0.0,False
Mike Bibby,ATL,2010,9.1,2.3,3.9,1.1,27.4,0.416,0.0,False
Andris Biedriņš,GSW,2010,5.0,7.8,1.7,1.0,23.1,0.591,0.0,False
Chauncey Billups,DEN,2010,19.5,3.1,5.6,2.4,34.1,0.418,0.0,False
DeJuan Blair,SAS,2010,7.8,6.4,0.8,1.4,18.2,0.556,0.0,False
Steve Blake,2TM,2010,7.3,2.3,4.8,1.6,27.0,0.416,0.0,False
Steve Blake,POR,2010,7.6,2.3,4.0,1.3,27.4,0.403,0.0,False
Steve Blake,LAC,2010,6.8,2.4,6.1,2.2,26.3,0.443,0.0,False
Andray Blatche,WAS,2010,14.1,6.3,2.1,2.2,27.9,0.478,0.0,False
Keith Bogans,SAS,2010,4.4,2.2,1.2,0.7,19.7,0.403,0.0,False
Andrew Bogut,MIL,2010,15.9,10.2,1.8,1.9,32.3,0.52,0.0,False
Matt Bonner,SAS,2010,7.0,3.3,1.0,0.6,17.9,0.446,0.0,False
Josh Boone,NJN,2010,4.0,5.0,0.5,0.6,16.6,0.525,0.0,False
Carlos Boozer,UTA,2010,19.5,11.2,3.2,2.7,34.3,0.562,0.0,False
Chris Bosh,TOR,2010,24.0,10.8,2.4,2.4,36.1,0.518,0.0,False
Ryan Bowen,OKC,2010,4.0,2.0,0.0,0.0,8.0,1.0,0.0,False
Earl Boykins,WAS,2010,6.6,1.1,2.6,1.0,16.7,0.427,0.0,False
Elton Brand,PHI,2010,13.1,6.1,1.4,1.7,30.2,0.48,0.0,False
Corey Brewer,MIN,2010,13.0,3.4,2.4,2.0,30.3,0.431,0.0,False
Ronnie Brewer,2TM,2010,8.8,3.2,2.7,0.9,30.0,0.487,0.0,False
Ronnie Brewer,UTA,2010,9.5,3.4,2.8,1.0,31.4,0.495,0.0,False
Ronnie Brewer,MEM,2010,2.0,1.4,0.6,0.4,16.0,0.231,0.0,False
Primož Brezec,2TM,2010,0.9,1.2,0.0,0.1,4.5,0.346,0.0,False
Primož Brezec,PHI,2010,0.7,1.7,0.0,0.0,5.1,0.154,0.0,False
Primož Brezec,MIL,2010,1.0,0.9,0.1,0.1,4.2,0.538,0.0,False
Jon Brockman,SAC,2010,2.8,4.1,0.4,0.4,12.6,0.534,0.0,False
Aaron Brooks,HOU,2010,19.6,2.6,5.3,2.8,35.6,0.432,0.0,False
Bobby Brown,2TM,2010,4.8,0.8,2.0,1.0,11.5,0.371,0.0,False
Bobby Brown,NOH,2010,6.6,0.8,2.1,1.1,14.9,0.395,0.0,False
Bobby Brown,LAC,2010,3.0,0.9,1.8,1.0,8.3,0.329,0.0,False
Devin Brown,2TM,2010,8.0,2.5,1.3,1.2,21.2,0.377,0.0,False
Devin Brown,NOH,2010,9.7,2.8,1.5,1.5,24.8,0.394,0.0,False
Devin Brown,CHI,2010,1.8,1.4,0.6,0.5,8.5,0.222,0.0,False
Derrick Brown,CHA,2010,3.3,1.4,0.3,0.3,9.4,0.463,0.0,False
Kwame Brown,DET,2010,3.3,3.7,0.5,0.9,13.8,0.5,0.0,False
Shannon Brown,LAL,2010,8.1,2.2,1.3,0.8,20.7,0.427,0.0,False
Kobe Bryant,LAL,2010,27.0,5.4,5.0,3.2,38.8,0.456,0.0,False
Chase Budinger,HOU,2010,8.9,3.0,1.2,0.6,20.1,0.441,0.0,False
Caron Butler,2TM,2010,16.3,6.2,2.1,2.2,37.6,0.428,0.0,False
Caron Butler,WAS,2010,16.9,6.7,2.3,2.4,39.4,0.422,0.0,False
Caron Butler,DAL,2010,15.2,5.4,1.8,1.7,34.4,0.44,0.0,False
Rasual Butler,LAC,2010,11.9,2.9,1.4,1.0,33.0,0.409,0.0,False
Andrew Bynum,LAL,2010,15.0,8.3,1.0,1.8,30.4,0.57,0.0,False
Will Bynum,DET,2010,10.0,2.3,4.5,1.8,26.5,0.444,0.0,False
José Calderón,TOR,2010,10.3,2.1,5.9,1.5,26.7,0.482,0.0,False
Marcus Camby,2TM,2010,7.5,11.8,2.5,1.2,31.3,0.475,0.0,False
Marcus Camby,LAC,2010,7.7,12.1,3.0,1.3,31.3,0.466,0.0,False
Marcus Camby,POR,2010,7.0,11.1,1.5,1.2,31.2,0.497,0.0,False
Brian Cardinal,MIN,2010,1.7,1.0,0.8,0.2,9.2,0.389,0.0,False
Rodney Carney,PHI,2010,4.7,2.0,0.5,0.3,12.6,0.401,0.0,False
DeMarre Carroll,MEM,2010,2.9,2.1,0.5,0.3,11.2,0.396,0.0,False
Matt Carroll,DAL,2010,1.8,0.5,0.2,0.3,4.8,0.36,0.0,False
Anthony Carter,DEN,2010,3.3,1.6,3.0,1.1,15.9,0.42,0.0,False
Vince Carter,ORL,2010,16.6,3.9,3.1,1.4,30.8,0.428,0.0,False
Omri Casspi,SAC,2010,10.3,4.5,1.2,1.3,25.1,0.446,0.0,False
Mario Chalmers,MIA,2010,7.1,1.8,3.4,1.7,24.8,0.401,0.0,False
Tyson Chandler,CHA,2010,6.5,6.3,0.3,1.8,22.8,0.574,0.0,False
Wilson Chandler,NYK,2010,15.3,5.4,2.1,1.7,35.7,0.479,0.0,False
Earl Clark,PHO,2010,2.7,1.2,0.4,0.5,7.5,0.371,0.0,False
Darren Collison,NOH,2010,12.4,2.5,5.7,2.7,27.8,0.477,0.0,False
Jarron Collins,PHO,2010,1.0,1.8,0.2,0.3,7.7,0.387,0.0,False
Jason Collins,ATL,2010,0.7,0.6,0.2,0.2,4.8,0.348,0.0,False
Mardy Collins,LAC,2010,2.6,1.2,1.0,0.7,10.9,0.367,0.0,False
Nick Collison,OKC,2010,5.9,5.1,0.5,0.8,20.8,0.589,0.0,False
Mike Conley,MEM,2010,12.0,2.4,5.3,2.1,32.1,0.445,0.0,False
Will Conroy,HOU,2010,1.2,0.6,1.4,0.8,7.2,0.3,0.0,False
Brian Cook,HOU,2010,1.4,0.6,0.1,0.4,2.9,0.304,0.0,False
Daequan Cook,MIA,2010,5.0,1.8,1.0,0.5,15.4,0.32,0.0,False
Jamal Crawford,ATL,2010,18.0,2.5,3.0,1.7,31.1,0.449,0.0,False
Dante Cunningham,POR,2010,3.9,2.5,0.2,0.2,11.2,0.495,0.0,False
Eddy Curry,NYK,2010,3.7,1.9,0.0,1.9,8.9,0.381,0.0,False
JamesOn Curry,LAC,2010,0.0,0.0,0.0,0.0,0.0,,0.0,False
Stephen Curry,GSW,2010,17.5,4.5,5.9,3.0,36.2,0.462,0.0,False
Samuel Dalembert,PHI,2010,8.1,9.6,0.8,1.5,25.9,0.545,0.0,False
Erick Dampier,DAL,2010,6.0,7.3,0.6,1.1,23.3,0.624,0.0,False
Marquis Daniels,BOS,2010,5.6,1.9,1.3,0.8,18.4,0.498,0.0,False
Baron Davis,LAC,2010,15.3,3.5,8.0,2.8,33.6,0.406,0.0,False
Glen Davis,BOS,2010,6.3,3.8,0.6,1.0,17.3,0.437,0.0,False
Paul Davis,WAS,2010,2.5,0.0,1.5,0.0,4.0,0.5,0.0,False
Ricky Davis,LAC,2010,4.4,1.6,1.1,0.8,13.9,0.434,0.0,False
Austin Daye,DET,2010,5.1,2.5,0.5,0.7,13.3,0.464,0.0,False
Carlos Delfino,MIL,2010,11.0,5.3,2.7,1.6,30.4,0.408,0.0,False
Luol Deng,CHI,2010,17.6,7.3,2.0,1.9,37.9,0.466,0.0,False
DeMar DeRozan,TOR,2010,8.6,2.9,0.7,0.8,21.6,0.498,0.0,False
Yakhouba Diawara,MIA,2010,0.8,0.7,0.5,0.5,7.3,0.2,0.0,False
Boris Diaw,CHA,2010,11.3,5.2,4.0,2.2,35.4,0.483,0.0,False
Travis Diener,2TM,2010,0.7,0.3,0.9,0.0,5.7,0.2,0.0,False
Travis Diener,IND,2010,0.8,0.5,1.0,0.0,6.3,0.167,0.0,False
Travis Diener,POR,2010,0.6,0.2,0.8,0.0,5.2,0.25,0.0,False
DeSagana Diop,CHA,2010,1.2,2.4,0.2,0.4,9.7,0.517,0.0,False
Keyon Dooling,NJN,2010,6.9,1.0,2.5,1.1,18.3,0.398,0.0,False
Joey Dorsey,2TM,2010,1.5,2.9,0.1,0.4,7.1,0.45,0.0,False
Joey Dorsey,HOU,2010,1.6,3.6,0.3,0.6,7.7,0.455,0.0,False
Joey Dorsey,SAC,2010,1.5,2.3,0.0,0.3,6.5,0.444,0.0,False
Chris Douglas-Roberts,NJN,2010,9.8,3.0,1.4,1.4,25.8,0.445,0.0,False
Toney Douglas,NYK,2010,8.6,1.9,2.0,1.0,19.4,0.458,0.0,False
Goran Dragić,PHO,2010,7.9,2.1,3.0,1.6,18.0,0.452,0.0,False
Jared Dudley,PHO,2010,8.2,3.4,1.4,0.8,24.3,0.459,0.0,False
Chris Duhon,NYK,2010,7.4,2.7,5.6,1.6,30.9,0.373,0.0,False
Tim Duncan,SAS,2010,17.9,10.1,3.2,1.8,31.3,0.518,0.0,False
Mike Dunleavy,IND,2010,9.9,3.5,1.5,1.1,22.2,0.41,0.0,False
Kevin Durant,OKC,2010,30.1,7.6,2.8,3.3,39.5,0.476,0.0,False
Wayne Ellington,MIN,2010,6.6,2.1,1.0,1.0,18.2,0.424,0.0,False
Monta Ellis,GSW,2010,25.5,4.0,5.3,3.8,41.4,0.449,0.0,False
Francisco Elson,2TM,2010,1.0,1.2,0.2,0.1,5.5,0.333,0.0,False
Francisco Elson,MIL,2010,0.9,1.2,0.2,0.1,5.6,0.308,0.0,False
Francisco Elson,PHI,2010,2.0,1.0,0.0,0.0,4.0,0.5,0.0,False
Maurice Evans,ATL,2010,5.7,1.9,0.6,0.3,16.7,0.445,0.0,False
Reggie Evans,TOR,2010,3.4,3.8,0.3,0.8,11.1,0.493,0.0,False
Tyreke Evans,SAC,2010,20.1,5.3,5.8,3.0,37.2,0.458,0.0,False
Jordan Farmar,LAL,2010,7.2,1.6,1.5,0.9,18.0,0.435,0.0,False
Raymond Felton,CHA,2010,12.1,3.6,5.6,2.1,33.0,0.459,0.0,False
Rudy Fernández,POR,2010,8.1,2.6,2.0,1.2,23.2,0.378,0.0,False
Kyrylo Fesenko,UTA,2010,2.6,1.8,0.3,0.5,8.3,0.547,0.0,False
Michael Finley,2TM,2010,4.4,1.5,0.9,0.5,15.4,0.44,0.0,False
Michael Finley,SAS,2010,3.7,1.5,0.8,0.5,15.8,0.381,0.0,False
Michael Finley,BOS,2010,5.2,1.6,1.1,0.4,15.0,0.506,0.0,False
Derek Fisher,LAL,2010,7.5,2.1,2.5,1.0,27.2,0.38,0.0,False
Jonny Flynn,MIN,2010,13.5,2.4,4.4,2.9,28.9,0.417,0.0,False
T.J. Ford,IND,2010,10.3,3.2,3.8,1.9,25.3,0.445,0.0,False
Jeff Foster,IND,2010,3.1,5.1,1.3,0.9,15.9,0.478,0.0,False
Randy Foye,WAS,2010,10.1,1.9,3.3,1.3,23.8,0.414,0.0,False
Channing Frye,PHO,2010,11.2,5.3,1.4,0.9,27.0,0.451,0.0,False
Dan Gadzuric,MIL,2010,2.8,2.9,0.4,0.5,9.8,0.438,0.0,False
Sundiata Gaines,UTA,2010,3.3,0.9,1.2,0.4,6.8,0.463,0.0,False
Danilo Gallinari,NYK,2010,15.1,4.9,1.7,1.4,33.9,0.423,0.0,False
Francisco García,SAC,2010,8.1,2.6,1.8,0.8,23.0,0.466,0.0,False
Kevin Garnett,BOS,2010,14.3,7.3,2.7,1.5,29.9,0.521,0.0,False
Marc Gasol,MEM,2010,14.6,9.3,2.4,2.0,35.8,0.581,0.0,False
Pau Gasol,LAL,2010,18.3,11.3,3.4,2.2,37.0,0.536,0.0,False
Rudy Gay,MEM,2010,19.6,5.9,1.9,2.1,39.7,0.466,0.0,False
Alonzo Gee,WAS,2010,7.4,3.0,0.6,0.9,16.5,0.475,0.0,False
Devean George,GSW,2010,5.4,2.5,0.7,0.3,16.9,0.432,0.0,False
Daniel Gibson,CLE,2010,6.3,1.3,1.3,0.6,19.1,0.466,0.0,False
Taj Gibson,CHI,2010,9.0,7.5,0.9,1.4,26.9,0.494,0.0,False
J.R. Giddens,2TM,2010,2.2,1.6,0.4,0.5,7.5,0.467,0.0,False
J.R. Giddens,BOS,2010,1.1,1.0,0.3,0.3,4.7,0.429,0.0,False
J.R. Giddens,NYK,2010,4.1,2.8,0.6,0.9,12.7,0.487,0.0,False
Trey Gilder,MEM,2010,1.0,0.5,0.0,0.0,2.5,1.0,0.0,False
Manu Ginóbili,SAS,2010,16.5,3.8,4.9,2.1,28.7,0.441,0.0,False
Ryan Gomes,MIN,2010,10.9,4.6,1.6,1.3,29.1,0.447,0.0,False
Drew Gooden,2TM,2010,10.9,7.7,0.7,1.5,25.1,0.478,0.0,False
Drew Gooden,DAL,2010,8.9,6.9,0.6,1.2,22.4,0.467,0.0,False
Drew Gooden,LAC,2010,14.8,9.4,0.9,2.2,30.2,0.492,0.0,False
Ben Gordon,DET,2010,13.8,1.9,2.7,1.9,27.9,0.416,0.0,False
Eric Gordon,LAC,2010,16.9,2.6,3.0,2.3,36.0,0.449,0.0,False
Marcin Gortat,ORL,2010,3.6,4.2,0.2,0.6,13.4,0.533,0.0,False
Joey Graham,DEN,2010,4.2,2.0,0.3,0.7,12.0,0.52,0.0,False
Stephen Graham,CHA,2010,4.2,1.9,0.3,0.5,11.5,0.496,0.0,False
Danny Granger,IND,2010,24.1,5.5,2.8,2.5,36.7,0.428,0.0,False
Aaron Gray,2TM,2010,3.3,3.3,0.7,0.6,9.7,0.512,0.0,False
Aaron Gray,CHI,2010,2.3,2.0,0.3,0.1,6.3,0.381,0.0,False
Aaron Gray,NOH,2010,3.6,3.8,0.8,0.7,10.9,0.557,0.0,False
Danny Green,CLE,2010,2.0,0.9,0.3,0.3,5.8,0.385,0.0,False
Donté Greene,SAC,2010,8.5,3.1,0.9,1.2,21.4,0.441,0.0,False
Jeff Green,OKC,2010,15.1,6.0,1.6,1.6,37.1,0.453,0.0,False
Willie Green,PHI,2010,8.7,1.8,2.1,0.9,21.3,0.457,0.0,False
Taylor Griffin,PHO,2010,1.3,0.3,0.1,0.1,4.0,0.4,0.0,False
Hamed Haddadi,MEM,2010,1.7,2.1,0.3,0.6,6.7,0.387,0.0,False
Malik Hairston,SAS,2010,2.1,1.0,0.3,0.2,6.7,0.526,0.0,False
Marcus Haislip,SAS,2010,2.5,1.0,0.0,0.3,4.4,0.476,0.0,False
Richard Hamilton,DET,2010,18.1,2.7,4.4,2.5,33.7,0.409,0.0,False
Tyler Hansbrough,IND,2010,8.5,4.8,1.0,0.7,17.6,0.36,0.0,False
James Harden,OKC,2010,9.9,3.2,1.8,1.4,22.9,0.403,0.0,False
Al Harrington,NYK,2010,17.7,5.6,1.5,1.8,30.5,0.435,0.0,False
Devin Harris,NJN,2010,16.9,3.2,6.6,2.8,34.7,0.403,0.0,False
Mike Harris,2TM,2010,2.2,1.8,0.2,0.7,7.4,0.367,0.0,False
Mike Harris,HOU,2010,3.1,2.5,0.4,1.1,10.3,0.37,0.0,False
Mike Harris,WAS,2010,0.8,0.8,0.0,0.0,2.8,0.333,0.0,False
Jason Hart,2TM,2010,0.4,0.4,1.2,0.6,4.4,0.5,0.0,False
Jason Hart,MIN,2010,0.0,0.0,1.0,0.0,5.0,0.0,0.0,False
Jason Hart,NOH,2010,0.5,0.5,1.3,0.8,4.3,1.0,0.0,False
Udonis Haslem,MIA,2010,9.9,8.1,0.7,1.0,27.9,0.494,0.0,False
Trenton Hassell,NJN,2010,4.5,2.9,1.0,0.9,21.3,0.411,0.0,False
Spencer Hawes,SAC,2010,10.0,6.1,2.2,1.8,26.4,0.468,0.0,False
Chuck Hayes,HOU,2010,4.4,5.7,1.7,0.9,21.6,0.489,0.0,False
Jarvis Hayes,NJN,2010,7.8,2.4,0.9,0.6,23.0,0.421,0.0,False
Brendan Haywood,2TM,2010,9.1,9.3,0.6,1.3,30.6,0.562,0.0,False
Brendan Haywood,WAS,2010,9.8,10.3,0.4,1.4,32.9,0.561,0.0,False
Brendan Haywood,DAL,2010,8.1,7.4,0.9,1.1,26.5,0.564,0.0,False
Luther Head,IND,2010,7.6,1.7,1.5,1.1,17.3,0.437,0.0,False
Gerald Henderson,CHA,2010,2.6,1.3,0.3,0.3,8.3,0.356,0.0,False
Roy Hibbert,IND,2010,11.7,5.7,2.0,1.8,25.1,0.495,0.0,False
J.J. Hickson,CLE,2010,8.5,4.9,0.5,1.1,20.9,0.554,0.0,False
Nenê,DEN,2010,13.8,7.6,2.5,1.5,33.6,0.587,0.0,False
George Hill,SAS,2010,12.4,2.6,2.9,1.3,29.2,0.478,0.0,False
Grant Hill,PHO,2010,11.3,5.5,2.4,1.3,30.0,0.478,0.0,False
Jordan Hill,2TM,2010,5.2,3.7,0.4,0.6,13.3,0.493,0.0,False
Jordan Hill,NYK,2010,4.0,2.5,0.3,0.5,10.5,0.446,0.0,False
Jordan Hill,HOU,2010,6.4,5.0,0.6,0.8,16.2,0.532,0.0,False
Kirk Hinrich,CHI,2010,10.9,3.5,4.5,1.5,33.5,0.409,0.0,False
Jrue Holiday,PHI,2010,8.0,2.6,3.8,2.1,24.2,0.442,0.0,False
Ryan Hollins,MIN,2010,6.1,2.8,0.7,1.3,16.8,0.558,0.0,False
Al Horford,ATL,2010,14.2,9.9,2.3,1.5,35.1,0.551,0.0,False
Eddie House,2TM,2010,7.0,1.6,1.3,0.7,17.9,0.38,0.0,False
Eddie House,BOS,2010,7.2,1.4,1.0,0.5,16.9,0.401,0.0,False
Eddie House,NYK,2010,6.4,2.2,2.1,1.1,20.6,0.331,0.0,False
Dwight Howard,ORL,2010,18.3,13.2,1.8,3.3,34.7,0.612,0.0,False
Josh Howard,2TM,2010,12.7,3.6,1.4,1.3,26.2,0.405,0.0,False
Josh Howard,DAL,2010,12.5,3.6,1.4,1.4,26.7,0.401,0.0,False
Josh Howard,WAS,2010,14.5,3.3,1.0,0.8,22.8,0.435,0.0,False
Juwan Howard,POR,2010,6.0,4.6,0.8,1.0,22.4,0.509,0.0,False
Lester Hudson,2TM,2010,2.3,0.7,0.5,0.6,5.2,0.396,0.0,False
Lester Hudson,BOS,2010,1.4,0.5,0.5,0.6,4.4,0.389,0.0,False
Lester Hudson,MEM,2010,4.0,1.1,0.6,0.6,6.8,0.4,0.0,False
Larry Hughes,2TM,2010,9.1,3.2,3.0,1.7,24.8,0.355,0.0,False
Larry Hughes,NYK,2010,9.6,3.5,3.5,1.8,26.5,0.366,0.0,False
Larry Hughes,CHA,2010,8.1,2.3,2.0,1.4,21.1,0.327,0.0,False
Kris Humphries,2TM,2010,7.1,5.5,0.5,1.0,17.7,0.441,0.0,False
Kris Humphries,DAL,2010,5.2,3.8,0.3,0.5,12.6,0.461,0.0,False
Kris Humphries,NJN,2010,8.1,6.4,0.6,1.2,20.6,0.433,0.0,False
Chris Hunter,GSW,2010,4.5,2.8,0.6,0.5,13.1,0.502,0.0,False
Lindsey Hunter,CHI,2010,1.0,1.1,0.7,0.3,9.4,0.167,0.0,False
Othello Hunter,ATL,2010,1.6,1.7,0.0,0.4,4.7,0.333,0.0,False
Steven Hunter,MEM,2010,2.5,2.0,0.0,0.4,7.5,0.395,0.0,False
Serge Ibaka,OKC,2010,6.3,5.4,0.1,0.9,18.1,0.543,0.0,False
Andre Iguodala,PHI,2010,17.1,6.5,5.8,2.7,38.9,0.443,0.0,False
Zydrunas Ilgauskas,CLE,2010,7.4,5.4,0.8,1.0,20.9,0.443,0.0,False
Ersan İlyasova,MIL,2010,10.4,6.4,1.0,0.9,23.4,0.443,0.0,False
Allen Iverson,2TM,2010,13.8,2.8,4.0,2.3,30.9,0.43,0.0,False
Allen Iverson,MEM,2010,12.3,1.3,3.7,2.3,22.3,0.577,0.0,False
Allen Iverson,PHI,2010,13.9,3.0,4.1,2.3,31.9,0.417,0.0,False
Royal Ivey,2TM,2010,2.1,0.8,0.6,0.3,7.4,0.422,0.0,False
Royal Ivey,PHI,2010,2.7,1.0,0.7,0.2,9.1,0.473,0.0,False
Royal Ivey,MIL,2010,1.3,0.4,0.6,0.3,5.0,0.321,0.0,False
Jarrett Jack,TOR,2010,11.4,2.7,5.0,2.0,27.4,0.481,0.0,False
Cedric Jackson,3TM,2010,1.7,0.7,1.2,0.9,6.2,0.3,0.0,False
Cedric Jackson,CLE,2010,0.2,0.2,0.4,0.2,2.0,0.0,0.0,False
Cedric Jackson,SAS,2010,2.3,1.3,2.0,0.7,8.3,0.286,0.0,False
Cedric Jackson,WAS,2010,3.0,0.8,1.5,2.0,9.8,0.364,0.0,False
Darnell Jackson,2TM,2010,0.8,0.8,0.1,0.5,4.4,0.3,0.0,False
Darnell Jackson,CLE,2010,0.8,0.7,0.1,0.5,4.2,0.32,0.0,False
Darnell Jackson,MIL,2010,2.0,2.0,0.0,0.0,9.0,0.2,0.0,False
Stephen Jackson,2TM,2010,20.6,5.0,3.7,3.2,38.6,0.423,0.0,False
Stephen Jackson,GSW,2010,16.6,3.9,4.7,2.9,33.3,0.421,0.0,False
Stephen Jackson,CHA,2010,21.1,5.1,3.6,3.2,39.3,0.423,0.0,False
LeBron James,CLE,2010,29.7,7.3,8.6,3.4,39.0,0.503,0.0,False
Mike James,WAS,2010,4.5,0.8,1.3,1.3,11.5,0.3,0.0,False
Antawn Jamison,2TM,2010,18.7,8.4,1.3,1.4,36.5,0.461,0.0,False
Antawn Jamison,WAS,2010,20.5,8.8,1.3,1.5,38.9,0.45,0.0,False
Antawn Jamison,CLE,2010,15.8,7.7,1.3,1.2,32.4,0.485,0.0,False
Nathan Jawai,MIN,2010,3.2,2.7,0.6,0.7,10.6,0.441,0.0,False
Al Jefferson,MIN,2010,17.1,9.3,1.8,1.8,32.4,0.498,0.0,False
Othyus Jeffers,UTA,2010,2.6,1.4,0.1,0.4,5.2,0.414,0.0,False
Richard Jefferson,SAS,2010,12.3,4.4,2.0,1.3,31.1,0.467,0.0,False
Jared Jeffries,2TM,2010,5.3,4.1,1.4,1.1,25.6,0.439,0.0,False
Jared Jeffries,NYK,2010,5.5,4.3,1.6,1.2,28.1,0.443,0.0,False
Jared Jeffries,HOU,2010,4.9,3.6,1.0,0.8,18.4,0.429,0.0,False
Brandon Jennings,MIL,2010,15.5,3.4,5.7,2.4,32.6,0.371,0.0,False
Jonas Jerebko,DET,2010,9.3,6.0,0.7,1.0,27.9,0.481,0.0,False
Yi Jianlian,NJN,2010,12.0,7.2,0.9,1.5,31.8,0.403,0.0,False
Amir Johnson,TOR,2010,6.2,4.8,0.6,0.8,17.7,0.623,0.0,False
Anthony Johnson,ORL,2010,4.2,1.5,2.0,0.8,13.1,0.441,0.0,False
James Johnson,CHI,2010,3.9,2.0,0.7,1.0,11.6,0.452,0.0,False
Joe Johnson,ATL,2010,21.3,4.6,4.9,1.9,38.0,0.458,0.0,False
Dahntay Jones,IND,2010,10.2,3.0,2.0,1.7,24.9,0.461,0.0,False
Dwayne Jones,PHO,2010,0.0,1.0,0.0,0.0,3.5,,0.0,False
James Jones,MIA,2010,4.1,1.3,0.5,0.3,14.0,0.361,0.0,False
Solomon Jones,IND,2010,4.0,2.8,0.6,0.8,13.0,0.443,0.0,False
DeAndre Jordan,LAC,2010,4.8,5.0,0.3,1.1,16.2,0.605,0.0,False
Chris Kaman,LAC,2010,18.5,9.3,1.6,2.9,34.3,0.49,0.0,False
Jason Kapono,PHI,2010,5.7,1.2,0.7,0.6,17.1,0.419,0.0,False
Coby Karl,2TM,2010,4.0,2.6,2.1,1.4,16.1,0.344,0.0,False
Coby Karl,CLE,2010,0.0,0.7,0.0,1.3,1.7,,0.0,False
Coby Karl,GSW,2010,7.0,4.0,3.8,1.5,27.0,0.344,0.0,False
Jason Kidd,DAL,2010,10.3,5.6,9.1,2.4,36.0,0.423,0.0,False
Andrei Kirilenko,UTA,2010,11.9,4.6,2.7,1.4,29.0,0.506,0.0,False
Kyle Korver,UTA,2010,7.2,2.1,1.7,0.8,18.3,0.493,0.0,False
Kosta Koufos,UTA,2010,1.5,1.3,0.2,0.4,4.8,0.468,0.0,False
Nenad Krstić,OKC,2010,8.4,5.0,0.7,0.8,22.9,0.502,0.0,False
Oliver Lafayette,BOS,2010,7.0,4.0,2.0,1.0,22.0,0.5,0.0,False
Carl Landry,2TM,2010,16.8,5.9,0.8,1.7,30.9,0.536,0.0,False
Carl Landry,HOU,2010,16.1,5.5,0.8,1.7,27.2,0.547,0.0,False
Carl Landry,SAC,2010,18.0,6.5,0.9,1.8,37.6,0.52,0.0,False
Marcus Landry,2TM,2010,2.4,1.1,0.0,0.3,6.2,0.372,0.0,False
Marcus Landry,NYK,2010,2.6,1.1,0.0,0.4,6.4,0.39,0.0,False
Marcus Landry,BOS,2010,0.0,0.0,0.0,0.0,3.0,0.0,0.0,False
Acie Law,3TM,2010,4.3,0.7,1.0,0.7,9.0,0.467,0.0,False
Acie Law,GSW,2010,6.2,0.4,1.4,0.4,13.2,0.643,0.0,False
Acie Law,CHA,2010,1.8,0.1,0.3,0.3,3.7,0.313,0.0,False
Acie Law,CHI,2010,5.5,1.2,1.3,1.0,11.3,0.467,0.0,False
Ty Lawson,DEN,2010,8.3,1.9,3.1,1.3,20.3,0.515,0.0,False
Courtney Lee,NJN,2010,12.5,3.5,1.7,1.1,33.5,0.436,0.0,False
David Lee,NYK,2010,20.2,11.7,3.6,2.3,37.3,0.545,0.0,False
Rashard Lewis,ORL,2010,14.1,4.4,1.5,1.5,32.9,0.435,0.0,False
Shaun Livingston,2TM,2010,6.9,2.2,3.6,1.6,22.1,0.517,0.0,False
Shaun Livingston,OKC,2010,1.0,2.0,1.4,0.8,13.0,0.313,0.0,False
Shaun Livingston,WAS,2010,9.2,2.2,4.5,1.9,25.6,0.535,0.0,False
Brook Lopez,NJN,2010,18.8,8.6,2.3,2.5,36.9,0.499,0.0,False
Robin Lopez,PHO,2010,8.4,4.9,0.1,0.8,19.3,0.588,0.0,False
Kevin Love,MIN,2010,14.0,11.0,2.3,2.0,28.6,0.45,0.0,False
Kyle Lowry,HOU,2010,9.1,3.6,4.5,1.7,24.3,0.397,0.0,False
Corey Maggette,GSW,2010,19.8,5.3,2.5,2.4,29.7,0.516,0.0,False
Jamaal Magloire,MIA,2010,2.1,3.4,0.0,0.5,10.0,0.5,0.0,False
Ian Mahinmi,SAS,2010,3.9,2.0,0.1,0.6,6.3,0.636,0.0,False
Shawn Marion,DAL,2010,12.0,6.4,1.4,1.3,31.8,0.508,0.0,False
Sean Marks,NOH,2010,0.7,1.6,0.1,0.1,5.4,0.5,0.0,False
Cartier Martin,2TM,2010,7.8,3.8,0.9,1.1,21.7,0.368,0.0,False
Cartier Martin,GSW,2010,9.0,4.7,0.9,1.3,27.6,0.364,0.0,False
Cartier Martin,WAS,2010,6.4,2.6,0.9,0.8,14.3,0.375,0.0,False
Kenyon Martin,DEN,2010,11.5,9.4,1.9,1.6,34.2,0.456,0.0,False
Kevin Martin,2TM,2010,20.6,3.6,2.4,2.0,35.5,0.417,0.0,False
Kevin Martin,SAC,2010,19.8,4.3,2.6,1.6,35.2,0.398,0.0,False
Kevin Martin,HOU,2010,21.3,2.9,2.3,2.4,35.8,0.435,0.0,False
Desmond Mason,SAC,2010,2.6,2.6,0.4,0.8,13.2,0.417,0.0,False
Roger Mason,SAS,2010,6.3,2.1,1.7,0.7,19.2,0.389,0.0,False
Wesley Matthews,UTA,2010,9.4,2.3,1.5,1.1,24.7,0.483,0.0,False
Jason Maxiell,DET,2010,6.8,5.3,0.5,0.9,20.4,0.511,0.0,False
Eric Maynor,2TM,2010,4.7,1.6,3.3,1.0,15.7,0.418,0.0,False
Eric Maynor,UTA,2010,5.2,1.5,3.1,1.1,14.0,0.391,0.0,False
Eric Maynor,OKC,2010,4.5,1.7,3.4,1.0,16.5,0.434,0.0,False
O.J. Mayo,MEM,2010,17.5,3.8,3.0,2.1,38.0,0.458,0.0,False
Sean May,SAC,2010,3.3,1.9,0.5,0.5,8.9,0.459,0.0,False
Luc Mbah a Moute,MIL,2010,6.2,5.5,1.1,1.0,25.6,0.48,0.0,False
D.J. Mbenga,LAL,2010,2.1,1.8,0.2,0.3,7.2,0.466,0.0,False
Antonio McDyess,SAS,2010,5.8,5.9,1.1,1.0,21.0,0.479,0.0,False
JaVale McGee,WAS,2010,6.4,4.1,0.2,0.9,16.1,0.508,0.0,False
Tracy McGrady,2TM,2010,8.2,3.1,3.3,1.5,22.4,0.387,0.0,False
Tracy McGrady,HOU,2010,3.2,0.8,1.0,0.2,7.7,0.368,0.0,False
Tracy McGrady,NYK,2010,9.4,3.7,3.9,1.8,26.1,0.389,0.0,False
Dominic McGuire,2TM,2010,0.7,1.5,0.2,0.3,6.0,0.365,0.0,False
Dominic McGuire,WAS,2010,0.7,1.5,0.2,0.2,5.9,0.375,0.0,False
Dominic McGuire,SAC,2010,0.8,1.8,0.3,0.7,6.7,0.333,0.0,False
Josh McRoberts,IND,2010,4.3,3.0,1.0,0.5,12.5,0.521,0.0,False
Jodie Meeks,2TM,2010,4.7,1.7,0.7,0.4,12.0,0.388,0.0,False
Jodie Meeks,MIL,2010,4.1,1.8,0.5,0.5,11.9,0.362,0.0,False
Jodie Meeks,PHI,2010,5.9,1.4,0.9,0.3,12.3,0.44,0.0,False
Pops Mensah-Bonsu,2TM,2010,2.0,1.8,0.2,0.5,6.0,0.394,0.0,False
Pops Mensah-Bonsu,HOU,2010,1.3,1.0,0.3,0.0,3.3,0.25,0.0,False
Pops Mensah-Bonsu,TOR,2010,2.1,1.9,0.1,0.6,6.7,0.414,0.0,False
C.J. Miles,UTA,2010,9.9,2.7,1.7,1.3,23.8,0.429,0.0,False
Darko Miličić,2TM,2010,6.7,4.7,1.5,1.1,21.4,0.49,0.0,False
Darko Miličić,NYK,2010,2.0,2.3,0.5,0.3,8.9,0.471,0.0,False
Darko Miličić,MIN,2010,8.3,5.5,1.8,1.4,25.6,0.492,0.0,False
Andre Miller,POR,2010,14.0,3.2,5.4,2.1,30.5,0.445,0.0,False
Brad Miller,CHI,2010,8.8,4.9,1.9,1.3,23.8,0.43,0.0,False
Mike Miller,WAS,2010,10.9,6.2,3.9,2.1,33.4,0.501,0.0,False
Paul Millsap,UTA,2010,11.6,6.8,1.6,1.4,27.8,0.538,0.0,False
Patty Mills,POR,2010,2.6,0.2,0.5,0.4,3.8,0.417,0.0,False
Nazr Mohammed,CHA,2010,7.9,5.2,0.5,0.9,17.0,0.553,0.0,False
Jamario Moon,CLE,2010,4.9,3.1,0.8,0.4,17.2,0.462,0.0,False
Mikki Moore,GSW,2010,5.0,3.0,1.6,0.9,17.7,0.6,0.0,False
Adam Morrison,LAL,2010,2.4,1.0,0.6,0.3,7.8,0.376,0.0,False
Randolph Morris,ATL,2010,2.2,1.4,0.1,0.4,4.4,0.561,0.0,False
Anthony Morrow,GSW,2010,13.0,3.8,1.5,1.2,29.2,0.468,0.0,False
Byron Mullens,OKC,2010,1.1,0.8,0.1,0.3,4.2,0.368,0.0,False
Troy Murphy,IND,2010,14.6,10.2,2.1,1.4,32.6,0.472,0.0,False
Ronald Murray,2TM,2010,9.9,2.4,1.8,1.2,22.3,0.392,0.0,False
Ronald Murray,CHA,2010,9.9,2.1,1.8,1.4,21.6,0.389,0.0,False
Ronald Murray,CHI,2010,10.1,2.9,1.8,0.9,23.4,0.397,0.0,False
Eduardo Nájera,2TM,2010,3.4,2.5,0.6,0.5,14.9,0.425,0.0,False
Eduardo Nájera,NJN,2010,3.8,2.9,1.2,0.9,15.7,0.377,0.0,False
Eduardo Nájera,DAL,2010,3.3,2.3,0.4,0.4,14.6,0.452,0.0,False
Steve Nash,PHO,2010,16.5,3.3,11.0,3.6,32.8,0.507,0.0,False
Jameer Nelson,ORL,2010,12.6,3.0,5.4,2.1,28.6,0.449,0.0,False
Rasho Nesterović,TOR,2010,3.9,2.1,0.6,0.4,9.8,0.544,0.0,False
Joakim Noah,CHI,2010,10.7,11.0,2.1,1.8,30.1,0.504,0.0,False
Andrés Nocioni,SAC,2010,8.5,3.0,1.0,0.9,19.7,0.399,0.0,False
Steve Novak,LAC,2010,2.1,0.6,0.1,0.0,6.7,0.389,0.0,False
Dirk Nowitzki,DAL,2010,25.0,7.7,2.7,1.8,37.5,0.481,0.0,False
Fabricio Oberto,WAS,2010,1.5,1.8,0.9,0.6,11.4,0.625,0.0,False
Patrick O'Bryant,TOR,2010,1.7,1.0,0.1,0.5,4.6,0.533,0.0,False
Greg Oden,POR,2010,11.1,8.5,0.9,1.9,23.9,0.605,0.0,False
Lamar Odom,LAL,2010,10.8,9.8,3.3,1.8,31.5,0.463,0.0,False
Emeka Okafor,NOH,2010,10.4,9.0,0.7,1.4,28.9,0.53,0.0,False
Mehmet Okur,UTA,2010,13.5,7.1,1.6,1.7,29.4,0.458,0.0,False
Kevin Ollie,OKC,2010,1.8,1.0,0.8,0.2,10.5,0.4,0.0,False
Jermaine O'Neal,MIA,2010,13.6,6.9,1.3,1.8,28.4,0.529,0.0,False
Shaquille O'Neal,CLE,2010,12.0,6.7,1.5,2.0,23.4,0.566,0.0,False
Travis Outlaw,2TM,2010,9.1,3.6,1.0,0.9,21.5,0.391,0.0,False
Travis Outlaw,POR,2010,9.9,3.5,0.7,1.1,21.0,0.376,0.0,False
Travis Outlaw,LAC,2010,8.7,3.6,1.1,0.9,21.7,0.4,0.0,False
Zaza Pachulia,ATL,2010,4.3,3.8,0.5,0.7,14.0,0.488,0.0,False
Jannero Pargo,CHI,2010,5.5,1.2,1.4,0.8,13.2,0.346,0.0,False
Anthony Parker,CLE,2010,7.3,2.9,1.9,0.9,28.3,0.434,0.0,False
Tony Parker,SAS,2010,16.0,2.4,5.7,2.7,30.9,0.487,0.0,False
Chris Paul,NOH,2010,18.7,4.2,10.7,2.5,38.0,0.493,0.0,False
Sasha Pavlović,MIN,2010,3.7,1.6,0.8,0.7,12.4,0.363,0.0,False
Oleksiy Pecherov,MIN,2010,4.5,2.8,0.3,0.7,10.2,0.41,0.0,False
Jeff Ayres,POR,2010,2.7,2.5,0.0,0.3,10.4,0.662,0.0,False
Kendrick Perkins,BOS,2010,10.1,7.6,1.0,2.1,27.6,0.602,0.0,False
Morris Peterson,NOH,2010,7.1,2.7,0.9,0.6,21.2,0.385,0.0,False
Johan Petro,DEN,2010,3.4,3.6,0.4,0.6,12.1,0.535,0.0,False
Paul Pierce,BOS,2010,18.3,4.4,3.1,2.3,34.0,0.472,0.0,False
Mickaël Piétrus,ORL,2010,8.7,2.9,0.7,0.9,22.5,0.432,0.0,False
James Posey,NOH,2010,5.2,4.3,1.5,0.7,22.5,0.365,0.0,False
Leon Powe,CLE,2010,4.0,3.1,0.0,0.6,11.8,0.429,0.0,False
Josh Powell,LAL,2010,2.7,1.8,0.6,0.5,9.2,0.366,0.0,False
A.J. Price,IND,2010,7.3,1.6,1.9,1.1,15.4,0.41,0.0,False
Ronnie Price,UTA,2010,4.3,1.2,2.1,0.9,13.4,0.405,0.0,False
Tayshaun Prince,DET,2010,13.5,5.1,3.3,1.2,34.0,0.486,0.0,False
Joel Przybilla,POR,2010,4.1,7.9,0.3,1.3,22.7,0.523,0.0,False
Chris Quinn,NJN,2010,2.2,0.6,1.2,0.4,8.9,0.357,0.0,False
Vladimir Radmanović,2TM,2010,6.2,4.3,1.1,1.1,21.7,0.377,0.0,False
Vladimir Radmanović,CHA,2010,4.9,3.6,0.9,0.6,16.6,0.333,0.0,False
Vladimir Radmanović,GSW,2010,6.6,4.5,1.2,1.2,23.0,0.385,0.0,False
Anthony Randolph,GSW,2010,11.6,6.5,1.3,1.5,22.7,0.443,0.0,False
Shavlik Randolph,2TM,2010,2.3,2.3,0.2,0.5,8.8,0.333,0.0,False
Shavlik Randolph,MIA,2010,3.3,4.3,0.0,0.7,15.7,0.333,0.0,False
Shavlik Randolph,POR,2010,1.3,0.3,0.3,0.3,2.0,0.333,0.0,False
Zach Randolph,MEM,2010,20.8,11.7,1.8,2.1,37.7,0.488,0.0,False
Theo Ratliff,2TM,2010,3.6,3.2,0.5,0.8,16.5,0.461,0.0,False
Theo Ratliff,SAS,2010,1.6,1.9,0.4,0.8,8.7,0.444,0.0,False
Theo Ratliff,CHA,2010,5.1,4.2,0.6,0.9,22.3,0.466,0.0,False
Michael Redd,MIL,2010,11.9,3.0,2.2,0.8,27.3,0.352,0.0,False
JJ Redick,ORL,2010,9.6,1.9,1.9,0.8,22.0,0.439,0.0,False
Chris Richard,CHI,2010,2.1,3.3,0.4,0.8,12.4,0.517,0.0,False
Jason Richardson,PHO,2010,15.7,5.1,1.8,1.2,31.5,0.474,0.0,False
Quentin Richardson,MIA,2010,8.9,4.9,1.2,0.8,27.4,0.431,0.0,False
Luke Ridnour,MIL,2010,10.4,1.7,4.0,1.3,21.5,0.478,0.0,False
Nate Robinson,2TM,2010,10.1,2.0,2.9,1.3,19.9,0.436,0.0,False
Nate Robinson,NYK,2010,13.2,2.4,3.7,1.8,24.4,0.452,0.0,False
Nate Robinson,BOS,2010,6.5,1.5,2.0,0.8,14.7,0.401,0.0,False
Sergio Rodríguez,2TM,2010,6.6,1.3,3.2,1.7,15.9,0.476,0.0,False
Sergio Rodríguez,SAC,2010,6.0,1.3,3.1,1.5,13.3,0.463,0.0,False
Sergio Rodríguez,NYK,2010,7.4,1.4,3.4,2.0,19.7,0.491,0.0,False
Rajon Rondo,BOS,2010,13.7,4.4,9.8,3.0,36.6,0.508,0.0,False
Derrick Rose,CHI,2010,20.8,3.8,6.0,2.8,36.8,0.489,0.0,False
Quinton Ross,2TM,2010,1.8,0.9,0.2,0.2,10.8,0.36,0.0,False
Quinton Ross,DAL,2010,2.0,1.0,0.3,0.1,11.1,0.411,0.0,False
Quinton Ross,WAS,2010,1.5,0.9,0.2,0.3,10.4,0.309,0.0,False
Brandon Roy,POR,2010,21.5,4.4,4.7,2.0,37.2,0.473,0.0,False
Brandon Rush,IND,2010,9.4,4.2,1.4,1.1,30.4,0.423,0.0,False
Kareem Rush,LAC,2010,1.3,0.9,0.6,0.4,8.3,0.364,0.0,False
John Salmons,2TM,2010,15.4,3.3,2.8,1.5,34.9,0.441,0.0,False
John Salmons,CHI,2010,12.7,3.4,2.5,1.4,33.2,0.42,0.0,False
John Salmons,MIL,2010,19.9,3.2,3.3,1.8,37.6,0.467,0.0,False
Brian Scalabrine,BOS,2010,1.5,0.9,0.5,0.3,9.1,0.341,0.0,False
Luis Scola,HOU,2010,16.2,8.6,2.1,2.0,32.6,0.514,0.0,False
Thabo Sefolosha,OKC,2010,6.0,4.7,1.8,1.1,28.6,0.44,0.0,False
Ramon Sessions,MIN,2010,8.2,2.6,3.1,1.7,21.1,0.456,0.0,False
Bobby Simmons,NJN,2010,5.3,2.7,0.7,0.8,17.2,0.359,0.0,False
James Singleton,2TM,2010,4.5,4.8,0.5,0.9,17.1,0.382,0.0,False
James Singleton,DAL,2010,2.4,2.2,0.4,0.5,8.4,0.375,0.0,False
James Singleton,WAS,2010,6.1,6.9,0.7,1.2,23.9,0.384,0.0,False
Brian Skinner,LAC,2010,1.6,1.7,0.0,0.4,7.7,0.4,0.0,False
Craig Smith,LAC,2010,7.8,3.8,1.1,1.2,16.4,0.569,0.0,False
Jason Smith,PHI,2010,3.4,2.4,0.6,0.6,11.8,0.431,0.0,False
Joe Smith,ATL,2010,3.0,2.5,0.3,0.3,9.3,0.399,0.0,False
Josh Smith,ATL,2010,15.7,8.7,4.2,2.4,35.4,0.505,0.0,False
J.R. Smith,DEN,2010,15.4,3.1,2.4,1.9,27.8,0.414,0.0,False
Darius Songaila,NOH,2010,7.2,3.1,0.9,1.1,18.8,0.494,0.0,False
Marreese Speights,PHI,2010,8.6,4.1,0.6,0.8,16.4,0.477,0.0,False
Jerry Stackhouse,MIL,2010,8.5,2.4,1.7,1.6,20.4,0.408,0.0,False
DeShawn Stevenson,2TM,2010,2.1,1.4,0.9,0.5,13.8,0.282,0.0,False
DeShawn Stevenson,WAS,2010,2.2,1.6,1.1,0.6,15.4,0.282,0.0,False
DeShawn Stevenson,DAL,2010,2.0,1.1,0.5,0.3,11.1,0.283,0.0,False
Peja Stojaković,NOH,2010,12.6,3.7,1.5,0.9,31.4,0.404,0.0,False
Amar'e Stoudemire,PHO,2010,23.1,8.9,1.0,2.6,34.6,0.557,0.0,False
Rodney Stuckey,DET,2010,16.6,3.8,4.8,2.2,34.2,0.405,0.0,False
DaJuan Summers,DET,2010,3.0,1.0,0.4,0.4,9.2,0.354,0.0,False
Jermaine Taylor,HOU,2010,4.1,1.5,0.5,0.6,9.8,0.378,0.0,False
Jeff Teague,ATL,2010,3.2,0.9,1.7,0.7,10.1,0.396,0.0,False
Sebastian Telfair,2TM,2010,4.8,1.0,2.9,1.2,15.3,0.413,0.0,False
Sebastian Telfair,LAC,2010,4.3,1.1,2.9,1.1,14.9,0.404,0.0,False
Sebastian Telfair,CLE,2010,9.8,1.0,3.0,1.5,19.3,0.457,0.0,False
Garrett Temple,3TM,2010,5.0,1.1,0.8,1.0,12.4,0.436,0.0,False
Garrett Temple,HOU,2010,5.0,1.6,0.8,1.6,13.1,0.448,0.0,False
Garrett Temple,SAC,2010,2.2,0.6,0.4,0.4,4.6,0.375,0.0,False
Garrett Temple,SAS,2010,6.2,1.1,0.9,0.8,14.8,0.438,0.0,False
Jason Terry,DAL,2010,16.6,1.8,3.8,1.4,33.0,0.438,0.0,False
Hasheem Thabeet,MEM,2010,3.1,3.6,0.2,0.6,13.0,0.588,0.0,False
Etan Thomas,OKC,2010,3.3,2.8,0.0,0.8,14.0,0.456,0.0,False
Kenny Thomas,SAC,2010,1.6,3.3,0.6,0.7,12.0,0.486,0.0,False
Kurt Thomas,MIL,2010,3.0,4.2,0.7,0.7,15.0,0.476,0.0,False
Tim Thomas,DAL,2010,7.5,2.3,0.8,0.8,15.8,0.462,0.0,False
Tyrus Thomas,2TM,2010,9.4,6.2,1.0,1.7,22.6,0.462,0.0,False
Tyrus Thomas,CHI,2010,8.8,6.3,1.1,1.8,23.4,0.483,0.0,False
Tyrus Thomas,CHA,2010,10.1,6.1,0.9,1.6,21.7,0.442,0.0,False
Jason Thompson,SAC,2010,12.5,8.5,1.7,1.9,31.4,0.472,0.0,False
Al Thornton,2TM,2010,10.7,3.9,1.2,1.4,27.7,0.473,0.0,False
Al Thornton,LAC,2010,10.7,3.8,1.2,1.3,27.5,0.478,0.0,False
Al Thornton,WAS,2010,10.7,4.3,1.2,1.5,28.1,0.463,0.0,False
Marcus Thornton,NOH,2010,14.5,2.9,1.6,1.0,25.6,0.451,0.0,False
Jamaal Tinsley,MEM,2010,3.5,1.7,2.8,1.7,15.5,0.371,0.0,False
Anthony Tolliver,2TM,2010,11.7,7.0,1.9,1.0,31.0,0.43,0.0,False
Anthony Tolliver,POR,2010,0.0,0.5,0.0,0.0,2.0,0.0,0.0,False
Anthony Tolliver,GSW,2010,12.3,7.3,2.0,1.0,32.3,0.431,0.0,False
Alando Tucker,2TM,2010,3.4,0.7,0.3,0.3,6.4,0.436,0.0,False
Alando Tucker,PHO,2010,3.9,0.6,0.3,0.4,6.5,0.433,0.0,False
Alando Tucker,MIN,2010,2.0,0.8,0.3,0.3,6.3,0.444,0.0,False
Ronny Turiaf,GSW,2010,4.9,4.5,2.1,1.2,20.8,0.582,0.0,False
Hedo Türkoğlu,TOR,2010,11.3,4.6,4.1,1.7,30.7,0.409,0.0,False
Ime Udoka,SAC,2010,3.6,2.8,0.8,0.6,13.7,0.378,0.0,False
Beno Udrih,SAC,2010,12.9,2.8,4.7,1.7,31.4,0.493,0.0,False
Roko Ukić,MIL,2010,3.1,0.2,0.9,0.5,7.5,0.467,0.0,False
Anderson Varejão,CLE,2010,8.6,7.6,1.1,0.9,28.5,0.572,0.0,False
Charlie Villanueva,DET,2010,11.9,4.7,0.7,0.9,23.7,0.439,0.0,False
Sasha Vujačić,LAL,2010,2.8,1.2,0.6,0.3,8.6,0.402,0.0,False
Dwyane Wade,MIA,2010,26.6,4.8,6.5,3.3,36.3,0.476,0.0,False
Henry Walker,2TM,2010,9.4,2.5,1.1,0.8,21.9,0.517,0.0,False
Henry Walker,BOS,2010,1.0,0.6,0.4,0.3,3.6,0.5,0.0,False
Henry Walker,NYK,2010,11.9,3.1,1.4,1.0,27.4,0.518,0.0,False
Ben Wallace,DET,2010,5.5,8.7,1.5,0.9,28.6,0.541,0.0,False
Gerald Wallace,CHA,2010,18.2,10.0,2.1,2.3,41.0,0.484,0.0,False
Rasheed Wallace,BOS,2010,9.0,4.1,1.0,0.8,22.5,0.409,0.0,False
Luke Walton,LAL,2010,2.4,1.3,1.4,0.4,9.4,0.357,0.0,False
Hakim Warrick,2TM,2010,9.6,4.1,0.7,1.1,20.5,0.482,0.0,False
Hakim Warrick,MIL,2010,10.2,4.4,0.7,1.2,21.3,0.481,0.0,False
Hakim Warrick,CHI,2010,8.7,3.6,0.6,0.8,19.0,0.483,0.0,False
C.J. Watson,GSW,2010,10.3,2.6,2.8,1.1,27.5,0.468,0.0,False
Earl Watson,IND,2010,7.8,3.0,5.1,2.2,29.4,0.426,0.0,False
Kyle Weaver,OKC,2010,3.0,1.5,0.9,0.3,12.0,0.364,0.0,False
Martell Webster,POR,2010,9.4,3.3,0.8,0.7,24.5,0.405,0.0,False
Sonny Weems,TOR,2010,7.5,2.8,1.5,0.9,19.8,0.515,0.0,False
Russell Westbrook,OKC,2010,16.1,4.9,8.0,3.3,34.3,0.418,0.0,False
David West,NOH,2010,19.0,7.5,3.0,2.1,36.4,0.505,0.0,False
Delonte West,CLE,2010,8.8,2.8,3.3,1.5,25.0,0.445,0.0,False
Mario West,ATL,2010,0.8,0.7,0.2,0.2,3.6,0.571,0.0,False
D.J. White,OKC,2010,4.9,1.9,0.3,0.3,8.5,0.61,0.0,False
Chris Wilcox,DET,2010,4.5,3.4,0.4,1.1,13.0,0.525,0.0,False
Damien Wilkins,MIN,2010,5.6,3.1,1.7,1.0,19.8,0.433,0.0,False
Mike Wilks,OKC,2010,4.0,1.0,1.0,1.0,14.8,0.5,0.0,False
Deron Williams,UTA,2010,18.7,4.0,10.5,3.3,36.9,0.469,0.0,False
Jason Williams,ORL,2010,6.0,1.5,3.6,1.1,20.8,0.444,0.0,False
Jawad Williams,CLE,2010,4.1,1.5,0.6,0.3,13.7,0.393,0.0,False
Lou Williams,PHI,2010,14.0,2.9,4.2,1.7,29.9,0.47,0.0,False
Mo Williams,CLE,2010,15.8,3.0,5.3,2.5,34.2,0.442,0.0,False
Marvin Williams,ATL,2010,10.1,5.1,1.1,0.9,30.5,0.455,0.0,False
Marcus Williams,MEM,2010,4.3,1.5,2.6,1.2,14.1,0.384,0.0,False
Reggie Williams,GSW,2010,15.2,4.6,2.8,1.2,32.6,0.495,0.0,False
Sean Williams,NJN,2010,2.6,2.3,0.1,1.0,11.4,0.429,0.0,False
Shelden Williams,BOS,2010,3.7,2.7,0.4,0.6,11.1,0.521,0.0,False
Terrence Williams,NJN,2010,8.4,4.5,2.9,1.6,22.6,0.401,0.0,False
Antoine Wright,TOR,2010,6.5,2.8,1.1,0.9,20.8,0.406,0.0,False
Dorell Wright,MIA,2010,7.1,3.3,1.3,0.7,20.8,0.463,0.0,False
Julian Wright,NOH,2010,3.8,2.1,0.6,0.6,12.8,0.5,0.0,False
Nick Young,WAS,2010,8.6,1.4,0.6,0.8,19.2,0.418,0.0,False
Sam Young,MEM,2010,7.4,2.5,0.7,1.2,16.5,0.451,0.0,False
Thaddeus Young,PHI,2010,13.8,5.2,1.4,1.9,32.0,0.47,0.0,False
